delivery_id,delivery_partner,package_type,vehicle_type,delivery_mode,region,weather_condition,distance_km,package_weight_kg,delivery_time_hours,expected_time_hours,delayed,delivery_status,delivery_rating,delivery_cost
250.99,dhl,electronics,ev van,same day,east,cold,269.7,12.69,1970-01-01 00:00:00.000000006,1970-01-01 00:00:00.000000008,no,delivered,3,1486.57
250.99,dhl,clothing,van,two day,north,foggy,256.7,37.02,1970-01-01 00:00:00.000000009,1970-01-01 00:00:00.000000016,no,delivered,4,1394.56
250.99,dhl,electronics,scooter,two day,west,stormy,217.9,14.08,1970-01-01 00:00:00.000000009,1970-01-01 00:00:00.000000016,no,delivered,4,1131.74
250.99,dhl,clothing,ev bike,express,east,foggy,293.8,41.03,1970-01-01 00:00:00.000000009,1970-01-01 00:00:00.000000007,yes,delayed,3,1632.7206
250.99,dhl,furniture,bike,two day,east,rainy,291.4,6.12,1970-01-01 00:00:00.000000013,1970-01-01 00:00:00.000000016,no,delivered,5,1475.36
250.99,dhl,furniture,van,two day,east,rainy,253.9,7.07,1970-01-01 00:00:00.000000009,1970-01-01 00:00:00.000000016,no,delivered,3,1290.71
250.99,dhl,electronics,van,standard,south,foggy,148.2,38.6,1970-01-01 00:00:00.000000005,1970-01-01 00:00:00.000000024,no,delivered,4,856.8
250.99,dhl,pharmacy,ev van,express,north,stormy,225.7,45.7,1970-01-01 00:00:00.000000008,1970-01-01 00:00:00.000000006,yes,delayed,2,1315.6
250.99,dhl,clothing,bike,two day,west,hot,113.3,34.03,1970-01-01 00:00:00.000000004,1970-01-01 00:00:00.000000016,no,delivered,5,668.59
250.99,dhl,furniture,van,same day,east,rainy,90.1,27.46,1970-01-01 00:00:00.000000006,1970-01-01 00:00:00.000000008,no,delivered,4,632.88
250.99,dhl,documents,bike,same day,east,rainy,60.4,22.93,1970-01-01 00:00:00.000000006,1970-01-01 00:00:00.000000008,no,delivered,5,470.79
250.99,dhl,groceries,ev van,same day,east,foggy,177.9,20.16,1970-01-01 00:00:00.000000007,1970-01-01 00:00:00.000000008,no,delivered,5,1049.98
250.99,dhl,fragile items,bike,two day,north,hot,83.3,34.71,1970-01-01 00:00:00.000000004,1970-01-01 00:00:00.000000016,no,delivered,4,520.63
250.99,dhl,furniture,truck,two day,east,foggy,16.5,21.49,1970-01-01 00:00:00.000000002,1970-01-01 00:00:00.000000016,no,delivered,4,146.97
250.99,dhl,automobile parts,ev van,same day,south,rainy,29.0,40.89,1970-01-01 00:00:00.000000005,1970-01-01 00:00:00.000000008,no,delivered,4,367.67
250.99,dhl,furniture,scooter,standard,north,clear,281.6,19.81,1970-01-01 00:00:00.000000008,1970-01-01 00:00:00.000000024,no,delivered,3,1467.43
250.99,dhl,automobile parts,scooter,express,east,rainy,152.8,10.46,1970-01-01 00:00:00.000000008,1970-01-01 00:00:00.000000005,yes,delayed,2,845.38
250.99,dhl,clothing,truck,same day,south,cold,280.3,15.29,1970-01-01 00:00:00.000000007,1970-01-01 00:00:00.000000008,no,delivered,4,1547.37
250.99,dhl,documents,ev bike,two day,east,hot,230.8,30.01,1970-01-01 00:00:00.000000006,1970-01-01 00:00:00.000000016,no,delivered,4,1244.03
250.99,dhl,clothing,bike,express,west,clear,93.0,9.37,1970-01-01 00:00:00.000000002,1970-01-01 00:00:00.000000003,no,delivered,4,543.11
250.99,dhl,electronics,van,two day,west,clear,10.4,4.59,1970-01-01 00:00:00.000000001,1970-01-01 00:00:00.000000016,no,delivered,4,95.6674
250.99,dhl,groceries,bike,two day,north,cold,55.2,6.78,1970-01-01 00:00:00.000000001,1970-01-01 00:00:00.000000016,no,delivered,3,296.34
250.99,dhl,groceries,scooter,two day,east,stormy,21.3,41.19,1970-01-01 00:00:00.000000007,1970-01-01 00:00:00.000000016,no,delivered,3,230.07
250.99,dhl,automobile parts,truck,two day,east,foggy,37.4,42.36,1970-01-01 00:00:00.000000003,1970-01-01 00:00:00.000000016,no,delivered,4,314.08
250.99,dhl,pharmacy,ev bike,express,central,cold,272.6,12.84,1970-01-01 00:00:00.000000008,1970-01-01 00:00:00.000000007,yes,delayed,2,1451.52
250.99,dhl,fragile items,truck,express,central,foggy,198.5,20.1,1970-01-01 00:00:00.000000004,1970-01-01 00:00:00.000000005,no,delivered,5,1102.8
250.99,dhl,documents,truck,same day,north,clear,265.3,31.8,1970-01-01 00:00:00.000000005,1970-01-01 00:00:00.000000008,no,delivered,5,1521.9
250.99,dhl,documents,scooter,same day,central,rainy,124.2,1.02,1970-01-01 00:00:00.000000007,1970-01-01 00:00:00.000000008,no,delivered,5,724.06
250.99,dhl,pharmacy,ev van,express,central,foggy,297.1,2.64,1970-01-01 00:00:00.000000012,1970-01-01 00:00:00.000000007,yes,delayed,3,1551.92
268.0,dhl,groceries,truck,two day,west,foggy,14.9,49.35,1970-01-01 00:00:00.000000004,1970-01-01 00:00:00.000000016,no,delivered,3,222.55
275.0,dhl,cosmetics,truck,same day,west,foggy,290.2,15.21,1970-01-01 00:00:00.000000011,1970-01-01 00:00:00.000000008,yes,delayed,3,1596.63
285.0,dhl,furniture,truck,same day,west,clear,54.3,47.84,1970-01-01 00:00:00.000000002,1970-01-01 00:00:00.000000008,no,delivered,5,515.02
298.0,dhl,clothing,ev van,same day,north,clear,164.1,25.8,1970-01-01 00:00:00.000000002,1970-01-01 00:00:00.000000008,no,delivered,5,997.9
301.0,dhl,clothing,ev van,standard,central,clear,40.9,19.04,1970-01-01 00:00:00.000000002,1970-01-01 00:00:00.000000024,no,delivered,5,261.62
332.0,dhl,furniture,van,standard,north,stormy,12.0,43.81,1970-01-01 00:00:00.000000005,1970-01-01 00:00:00.000000024,no,delivered,5,191.43
354.0,dhl,electronics,truck,same day,north,clear,271.2,21.93,1970-01-01 00:00:00.000000008,1970-01-01 00:00:00.000000008,yes,delayed,3,1521.79
371.0,dhl,clothing,van,two day,north,cold,176.2,22.79,1970-01-01 00:00:00.000000006,1970-01-01 00:00:00.000000016,no,delivered,5,949.37
373.0,dhl,pharmacy,scooter,two day,north,clear,197.8,45.41,1970-01-01 00:00:00.000000006,1970-01-01 00:00:00.000000016,no,delivered,4,1125.23
374.0,dhl,cosmetics,scooter,express,north,hot,156.1,4.66,1970-01-01 00:00:00.000000007,1970-01-01 00:00:00.000000005,yes,delayed,3,844.48
379.0,dhl,cosmetics,bike,express,east,clear,81.7,46.02,1970-01-01 00:00:00.000000004,1970-01-01 00:00:00.000000003,yes,delayed,2,596.56
393.0,dhl,documents,truck,express,south,stormy,26.8,19.35,1970-01-01 00:00:00.000000007,1970-01-01 00:00:00.000000002,yes,delayed,3,242.05
407.0,dhl,groceries,truck,two day,east,rainy,127.3,25.67,1970-01-01 00:00:00.000000006,1970-01-01 00:00:00.000000016,no,delivered,5,713.51
425.0,dhl,fragile items,scooter,two day,north,foggy,193.9,30.19,1970-01-01 00:00:00.000000005,1970-01-01 00:00:00.000000016,no,delivered,4,1060.07
435.0,dhl,fragile items,bike,express,south,foggy,94.2,32.09,1970-01-01 00:00:00.000000005,1970-01-01 00:00:00.000000003,yes,failed,1,617.27
440.0,dhl,documents,bike,two day,central,cold,33.1,22.89,1970-01-01 00:00:00.000000001,1970-01-01 00:00:00.000000016,no,delivered,4,234.17
464.0,dhl,electronics,van,same day,south,cold,167.1,14.89,1970-01-01 00:00:00.000000007,1970-01-01 00:00:00.000000008,no,delivered,3,980.17
473.0,dhl,pharmacy,truck,same day,east,stormy,257.5,48.95,1970-01-01 00:00:00.000000014,1970-01-01 00:00:00.000000008,yes,delayed,2,1534.35
487.0,dhl,pharmacy,ev van,standard,north,rainy,224.4,26.14,1970-01-01 00:00:00.000000012,1970-01-01 00:00:00.000000024,no,delivered,5,1200.42
496.0,dhl,groceries,ev van,two day,central,cold,276.5,11.26,1970-01-01 00:00:00.000000005,1970-01-01 00:00:00.000000016,no,delivered,4,1416.28
498.0,dhl,groceries,bike,two day,east,clear,19.8,43.26,1970-01-01 00:00:00.000000002,1970-01-01 00:00:00.000000016,no,delivered,5,228.78
500.0,dhl,groceries,ev van,two day,south,foggy,55.0,42.01,1970-01-01 00:00:00.000000003,1970-01-01 00:00:00.000000016,no,delivered,5,401.03
521.0,dhl,groceries,scooter,two day,central,stormy,284.4,39.72,1970-01-01 00:00:00.000000010,1970-01-01 00:00:00.000000016,no,delivered,4,1541.16
547.0,dhl,documents,van,two day,central,stormy,32.6,30.39,1970-01-01 00:00:00.000000006,1970-01-01 00:00:00.000000016,no,delivered,5,254.17
552.0,dhl,electronics,ev bike,standard,north,rainy,253.8,47.66,1970-01-01 00:00:00.000000008,1970-01-01 00:00:00.000000024,no,delivered,3,1411.98
572.0,dhl,groceries,truck,same day,central,rainy,238.7,25.81,1970-01-01 00:00:00.000000006,1970-01-01 00:00:00.000000008,no,delivered,3,1370.93
576.0,dhl,fragile items,ev bike,same day,north,rainy,232.2,1.33,1970-01-01 00:00:00.000000009,1970-01-01 00:00:00.000000008,yes,delayed,3,1264.99
585.0,dhl,clothing,bike,express,north,foggy,221.3,44.63,1970-01-01 00:00:00.000000007,1970-01-01 00:00:00.000000006,yes,failed,2,1290.39
614.0,dhl,automobile parts,ev bike,express,south,hot,173.8,3.23,1970-01-01 00:00:00.000000005,1970-01-01 00:00:00.000000005,no,delivered,5,928.69
621.0,dhl,pharmacy,bike,same day,central,cold,220.8,23.0,1970-01-01 00:00:00.000000006,1970-01-01 00:00:00.000000008,no,delivered,3,1273.0
624.0,dhl,pharmacy,truck,same day,north,cold,155.9,10.86,1970-01-01 00:00:00.000000007,1970-01-01 00:00:00.000000008,no,delivered,5,912.08
627.0,dhl,fragile items,ev van,standard,central,clear,24.7,47.66,1970-01-01 00:00:00.000000001,1970-01-01 00:00:00.000000024,no,delivered,5,266.48
628.0,dhl,documents,bike,same day,south,stormy,18.6,16.18,1970-01-01 00:00:00.000000008,1970-01-01 00:00:00.000000008,yes,delayed,3,241.54
630.0,dhl,clothing,truck,two day,east,clear,201.9,26.33,1970-01-01 00:00:00.000000009,1970-01-01 00:00:00.000000016,no,delivered,4,1088.49
633.0,dhl,automobile parts,bike,same day,north,hot,184.2,42.49,1970-01-01 00:00:00.000000006,1970-01-01 00:00:00.000000008,no,delivered,5,1148.47
634.0,dhl,automobile parts,bike,standard,central,clear,257.6,14.39,1970-01-01 00:00:00.000000007,1970-01-01 00:00:00.000000024,no,delivered,5,1331.17
687.0,dhl,cosmetics,ev bike,standard,central,cold,92.2,31.78,1970-01-01 00:00:00.000000002,1970-01-01 00:00:00.000000024,no,delivered,5,556.34
732.0,dhl,fragile items,truck,express,west,foggy,237.3,11.28,1970-01-01 00:00:00.000000005,1970-01-01 00:00:00.000000006,no,delivered,3,1270.34
738.0,dhl,clothing,van,express,east,foggy,195.7,27.92,1970-01-01 00:00:00.000000009,1970-01-01 00:00:00.000000005,yes,delayed,3,1112.26
746.0,dhl,electronics,bike,same day,south,stormy,297.1,8.08,1970-01-01 00:00:00.000000014,1970-01-01 00:00:00.000000008,yes,delayed,2,1621.74
756.0,dhl,clothing,ev van,express,west,foggy,287.9,19.24,1970-01-01 00:00:00.000000011,1970-01-01 00:00:00.000000007,yes,delayed,3,1547.22
758.0,dhl,pharmacy,van,same day,west,hot,250.9,39.8,1970-01-01 00:00:00.000000007,1970-01-01 00:00:00.000000008,no,delivered,5,1473.9
765.0,dhl,documents,truck,two day,west,rainy,233.9,31.22,1970-01-01 00:00:00.000000010,1970-01-01 00:00:00.000000016,no,delivered,5,1263.16
770.0,dhl,automobile parts,ev bike,same day,central,rainy,239.6,11.51,1970-01-01 00:00:00.000000012,1970-01-01 00:00:00.000000008,yes,delayed,2,1332.53
777.0,dhl,automobile parts,scooter,two day,central,foggy,113.1,5.58,1970-01-01 00:00:00.000000006,1970-01-01 00:00:00.000000016,no,delivered,4,582.24
795.0,dhl,electronics,van,same day,north,clear,7.3,33.73,1970-01-01 00:00:00.000000003,1970-01-01 00:00:00.000000008,no,delivered,4,237.69
800.0,dhl,groceries,truck,standard,south,rainy,134.1,36.11,1970-01-01 00:00:00.000000005,1970-01-01 00:00:00.000000024,no,delivered,5,778.83
809.0,dhl,fragile items,bike,standard,east,hot,257.4,36.54,1970-01-01 00:00:00.000000006,1970-01-01 00:00:00.000000024,no,delivered,4,1396.62
907.0,dhl,fragile items,van,same day,south,hot,142.5,32.7,1970-01-01 00:00:00.000000005,1970-01-01 00:00:00.000000008,no,delivered,3,910.6
909.0,dhl,clothing,truck,express,south,rainy,179.9,39.62,1970-01-01 00:00:00.000000010,1970-01-01 00:00:00.000000005,yes,delayed,2,1068.36
913.0,dhl,clothing,ev bike,two day,south,hot,48.1,38.8,1970-01-01 00:00:00.000000002,1970-01-01 00:00:00.000000016,no,delivered,5,356.9
929.0,dhl,fragile items,scooter,same day,north,hot,267.3,0.67,1970-01-01 00:00:00.000000006,1970-01-01 00:00:00.000000008,no,delivered,3,1438.48
935.0,dhl,documents,ev van,two day,central,cold,197.9,49.24,1970-01-01 00:00:00.000000007,1970-01-01 00:00:00.000000016,no,delivered,4,1137.22
942.0,dhl,electronics,ev van,two day,east,stormy,11.3,28.0,1970-01-01 00:00:00.000000003,1970-01-01 00:00:00.000000016,no,delivered,4,140.5
954.0,dhl,cosmetics,scooter,same day,west,rainy,283.3,31.79,1970-01-01 00:00:00.000000009,1970-01-01 00:00:00.000000008,yes,delayed,2,1611.87
957.0,dhl,clothing,ev bike,standard,west,rainy,8.4,29.39,1970-01-01 00:00:00.000000007,1970-01-01 00:00:00.000000024,no,delivered,4,130.17
960.0,dhl,fragile items,truck,standard,west,foggy,141.6,32.59,1970-01-01 00:00:00.000000007,1970-01-01 00:00:00.000000024,no,delivered,4,805.77
962.0,dhl,clothing,van,same day,east,rainy,286.1,3.5,1970-01-01 00:00:00.000000008,1970-01-01 00:00:00.000000008,yes,delayed,2,1541.0
972.0,dhl,cosmetics,scooter,same day,north,cold,260.0,40.51,1970-01-01 00:00:00.000000007,1970-01-01 00:00:00.000000008,no,delivered,5,1521.53
979.0,dhl,cosmetics,scooter,standard,west,cold,285.6,25.92,1970-01-01 00:00:00.000000010,1970-01-01 00:00:00.000000024,no,delivered,5,1505.76
991.0,dhl,groceries,ev van,standard,central,stormy,49.0,19.46,1970-01-01 00:00:00.000000004,1970-01-01 00:00:00.000000024,no,delivered,3,303.38
994.0,dhl,fragile items,bike,standard,south,foggy,137.0,41.82,1970-01-01 00:00:00.000000007,1970-01-01 00:00:00.000000024,no,delivered,4,810.46
998.0,dhl,fragile items,truck,two day,central,cold,135.9,37.26,1970-01-01 00:00:00.000000003,1970-01-01 00:00:00.000000016,no,delivered,3,791.28
1017.0,dhl,documents,van,same day,south,cold,139.1,36.06,1970-01-01 00:00:00.000000004,1970-01-01 00:00:00.000000008,no,delivered,4,903.68
1030.0,dhl,documents,scooter,two day,east,stormy,203.3,43.13,1970-01-01 00:00:00.000000010,1970-01-01 00:00:00.000000016,no,delivered,5,1145.89
1039.0,dhl,groceries,scooter,same day,north,foggy,157.5,37.1,1970-01-01 00:00:00.000000006,1970-01-01 00:00:00.000000008,no,delivered,5,998.8
1043.0,dhl,cosmetics,bike,standard,central,stormy,143.8,24.78,1970-01-01 00:00:00.000000011,1970-01-01 00:00:00.000000024,no,delivered,4,793.34
1044.0,dhl,groceries,ev bike,express,north,hot,206.8,7.63,1970-01-01 00:00:00.000000005,1970-01-01 00:00:00.000000006,no,delivered,5,1106.89
1052.0,dhl,electronics,bike,standard,north,cold,166.4,41.62,1970-01-01 00:00:00.000000008,1970-01-01 00:00:00.000000024,no,delivered,3,956.86
1059.0,dhl,automobile parts,ev bike,two day,east,clear,101.2,3.43,1970-01-01 00:00:00.000000003,1970-01-01 00:00:00.000000016,no,delivered,4,516.29
1066.0,dhl,clothing,bike,same day,east,foggy,64.1,48.25,1970-01-01 00:00:00.000000005,1970-01-01 00:00:00.000000008,no,delivered,3,565.25
1069.0,dhl,pharmacy,bike,standard,east,stormy,95.5,19.84,1970-01-01 00:00:00.000000006,1970-01-01 00:00:00.000000024,no,delivered,4,537.02
1079.0,dhl,pharmacy,van,express,north,foggy,39.4,39.49,1970-01-01 00:00:00.000000005,1970-01-01 00:00:00.000000002,yes,delayed,2,365.47
1094.0,dhl,pharmacy,van,express,central,stormy,271.7,36.23,1970-01-01 00:00:00.000000013,1970-01-01 00:00:00.000000007,yes,failed,1,1517.19
1100.0,dhl,electronics,truck,standard,east,stormy,76.0,25.53,1970-01-01 00:00:00.000000005,1970-01-01 00:00:00.000000024,no,delivered,3,456.59
1131.0,dhl,electronics,bike,express,west,rainy,136.6,43.08,1970-01-01 00:00:00.000000009,1970-01-01 00:00:00.000000004,yes,delayed,2,862.24
1138.0,dhl,electronics,scooter,standard,west,cold,243.0,17.72,1970-01-01 00:00:00.000000009,1970-01-01 00:00:00.000000024,no,delivered,4,1268.16
1142.0,dhl,pharmacy,ev bike,same day,north,hot,147.9,41.09,1970-01-01 00:00:00.000000004,1970-01-01 00:00:00.000000008,no,delivered,3,962.77
1151.0,dhl,cosmetics,scooter,standard,west,rainy,194.3,45.66,1970-01-01 00:00:00.000000010,1970-01-01 00:00:00.000000024,no,delivered,4,1108.48
1153.0,dhl,electronics,truck,express,south,hot,23.1,23.82,1970-01-01 00:00:00.000000001,1970-01-01 00:00:00.000000002,no,delivered,3,236.96
1159.0,dhl,automobile parts,ev bike,standard,north,cold,248.2,30.84,1970-01-01 00:00:00.000000007,1970-01-01 00:00:00.000000024,no,delivered,5,1333.52
1160.0,dhl,automobile parts,ev van,two day,west,rainy,201.2,7.63,1970-01-01 00:00:00.000000011,1970-01-01 00:00:00.000000016,no,delivered,5,1028.89
1168.0,dhl,pharmacy,bike,two day,central,foggy,63.6,49.37,1970-01-01 00:00:00.000000003,1970-01-01 00:00:00.000000016,no,delivered,5,466.11
1173.0,dhl,furniture,truck,express,west,clear,83.3,30.51,1970-01-01 00:00:00.000000005,1970-01-01 00:00:00.000000003,yes,failed,1,558.03
1176.0,dhl,clothing,ev van,express,north,hot,284.6,31.86,1970-01-01 00:00:00.000000008,1970-01-01 00:00:00.000000007,yes,delayed,3,1568.58
1185.0,dhl,automobile parts,ev bike,same day,north,cold,297.1,49.37,1970-01-01 00:00:00.000000006,1970-01-01 00:00:00.000000008,no,delivered,3,1632.7206
1191.0,dhl,furniture,ev van,express,west,rainy,183.2,31.86,1970-01-01 00:00:00.000000010,1970-01-01 00:00:00.000000005,yes,delayed,2,1061.58
1220.0,dhl,clothing,van,express,west,stormy,257.8,36.01,1970-01-01 00:00:00.000000011,1970-01-01 00:00:00.000000007,yes,delayed,3,1447.03
1225.0,dhl,automobile parts,bike,two day,central,clear,88.0,25.39,1970-01-01 00:00:00.000000002,1970-01-01 00:00:00.000000016,no,delivered,3,516.17
1236.0,dhl,automobile parts,ev van,two day,north,cold,61.9,3.78,1970-01-01 00:00:00.000000001,1970-01-01 00:00:00.000000016,no,delivered,4,320.84
1252.0,dhl,clothing,bike,two day,north,rainy,83.6,2.87,1970-01-01 00:00:00.000000006,1970-01-01 00:00:00.000000016,no,delivered,4,426.61
1268.0,dhl,furniture,ev bike,same day,west,clear,211.0,33.71,1970-01-01 00:00:00.000000007,1970-01-01 00:00:00.000000008,no,delivered,4,1256.13
1271.0,dhl,pharmacy,scooter,same day,central,hot,292.7,3.4,1970-01-01 00:00:00.000000005,1970-01-01 00:00:00.000000008,no,delivered,4,1573.7
1283.0,dhl,fragile items,truck,express,east,foggy,3.6,46.09,1970-01-01 00:00:00.000000002,1970-01-01 00:00:00.000000002,yes,delayed,2,204.27
1285.0,dhl,fragile items,van,standard,north,clear,43.6,25.78,1970-01-01 00:00:00.000000001,1970-01-01 00:00:00.000000024,no,delivered,4,295.34
1293.0,dhl,furniture,scooter,express,central,cold,20.5,4.43,1970-01-01 00:00:00.000000000,1970-01-01 00:00:00.000000002,no,delivered,4,165.79
1302.0,dhl,cosmetics,ev bike,express,central,rainy,212.9,8.37,1970-01-01 00:00:00.000000007,1970-01-01 00:00:00.000000006,yes,delayed,2,1139.61
1309.0,dhl,documents,ev van,standard,east,stormy,131.7,21.31,1970-01-01 00:00:00.000000007,1970-01-01 00:00:00.000000024,no,delivered,4,722.43
1312.0,dhl,fragile items,ev bike,standard,north,foggy,83.6,48.95,1970-01-01 00:00:00.000000006,1970-01-01 00:00:00.000000024,no,delivered,5,564.85
1320.0,dhl,electronics,ev bike,express,north,clear,108.9,16.85,1970-01-01 00:00:00.000000002,1970-01-01 00:00:00.000000004,no,delivered,4,645.05
1330.0,dhl,documents,ev van,same day,central,clear,14.2,41.65,1970-01-01 00:00:00.000000003,1970-01-01 00:00:00.000000008,no,delivered,5,295.95
1333.0,dhl,cosmetics,scooter,express,west,rainy,240.8,31.17,1970-01-01 00:00:00.000000007,1970-01-01 00:00:00.000000006,yes,delayed,3,1347.51
1340.0,dhl,documents,truck,standard,west,stormy,148.8,27.92,1970-01-01 00:00:00.000000010,1970-01-01 00:00:00.000000024,no,delivered,4,827.76
1352.0,dhl,clothing,van,standard,east,clear,171.6,37.78,1970-01-01 00:00:00.000000005,1970-01-01 00:00:00.000000024,no,delivered,3,971.34
1357.0,dhl,documents,van,express,west,stormy,115.9,10.57,1970-01-01 00:00:00.000000011,1970-01-01 00:00:00.000000004,yes,delayed,3,661.21
1360.0,dhl,automobile parts,scooter,standard,west,foggy,202.9,10.85,1970-01-01 00:00:00.000000010,1970-01-01 00:00:00.000000024,no,delivered,5,1047.05
1363.0,dhl,clothing,scooter,same day,central,rainy,173.0,12.85,1970-01-01 00:00:00.000000012,1970-01-01 00:00:00.000000008,yes,failed,1,1003.55
1372.0,dhl,documents,van,express,south,cold,118.5,45.65,1970-01-01 00:00:00.000000002,1970-01-01 00:00:00.000000004,no,delivered,5,779.45
1374.0,dhl,clothing,ev van,two day,east,foggy,177.1,32.53,1970-01-01 00:00:00.000000006,1970-01-01 00:00:00.000000016,no,delivered,4,983.09
1383.0,dhl,documents,truck,two day,east,rainy,3.6,27.43,1970-01-01 00:00:00.000000004,1970-01-01 00:00:00.000000016,no,delivered,4,96.29
1385.0,dhl,cosmetics,van,express,north,stormy,91.0,4.5,1970-01-01 00:00:00.000000008,1970-01-01 00:00:00.000000003,yes,failed,1,518.5
1407.0,dhl,cosmetics,van,two day,south,cold,283.0,37.66,1970-01-01 00:00:00.000000007,1970-01-01 00:00:00.000000016,no,delivered,4,1527.98
1418.0,dhl,furniture,scooter,express,west,rainy,190.4,6.08,1970-01-01 00:00:00.000000009,1970-01-01 00:00:00.000000005,yes,delayed,2,1020.24
1437.0,dhl,groceries,ev van,two day,central,hot,254.1,10.95,1970-01-01 00:00:00.000000010,1970-01-01 00:00:00.000000016,no,delivered,5,1303.35
1444.0,dhl,cosmetics,ev bike,same day,north,stormy,5.9,8.44,1970-01-01 00:00:00.000000007,1970-01-01 00:00:00.000000008,no,delivered,3,154.82
1468.0,dhl,pharmacy,bike,two day,west,cold,270.0,24.22,1970-01-01 00:00:00.000000010,1970-01-01 00:00:00.000000016,no,delivered,3,1422.66
1478.0,dhl,documents,ev bike,same day,central,foggy,19.7,18.17,1970-01-01 00:00:00.000000001,1970-01-01 00:00:00.000000008,no,delivered,4,253.01
1480.0,dhl,clothing,bike,express,central,cold,198.3,48.77,1970-01-01 00:00:00.000000007,1970-01-01 00:00:00.000000005,yes,delayed,2,1187.81
1485.0,dhl,automobile parts,bike,two day,central,clear,186.2,17.11,1970-01-01 00:00:00.000000004,1970-01-01 00:00:00.000000016,no,delivered,3,982.33
1495.0,dhl,electronics,bike,standard,south,foggy,262.7,11.2,1970-01-01 00:00:00.000000006,1970-01-01 00:00:00.000000024,no,delivered,5,1347.1
1496.0,dhl,documents,ev van,two day,central,clear,290.1,16.65,1970-01-01 00:00:00.000000011,1970-01-01 00:00:00.000000016,no,delivered,4,1500.45
1511.0,dhl,electronics,van,standard,west,foggy,153.2,12.36,1970-01-01 00:00:00.000000010,1970-01-01 00:00:00.000000024,no,delivered,5,803.08
1572.0,dhl,pharmacy,truck,same day,central,hot,285.6,24.29,1970-01-01 00:00:00.000000011,1970-01-01 00:00:00.000000008,yes,delayed,2,1600.87
1584.0,dhl,furniture,ev bike,same day,north,hot,248.8,47.82,1970-01-01 00:00:00.000000008,1970-01-01 00:00:00.000000008,yes,delayed,3,1487.46
1592.0,dhl,documents,ev bike,two day,central,rainy,106.9,13.74,1970-01-01 00:00:00.000000006,1970-01-01 00:00:00.000000016,no,delivered,3,575.72
1593.0,dhl,fragile items,truck,express,south,clear,72.9,15.45,1970-01-01 00:00:00.000000001,1970-01-01 00:00:00.000000003,no,delivered,4,460.85
1629.0,dhl,furniture,ev van,two day,central,cold,297.1,0.67,1970-01-01 00:00:00.000000010,1970-01-01 00:00:00.000000016,no,delivered,4,1489.48
1635.0,dhl,automobile parts,van,standard,central,rainy,25.6,26.06,1970-01-01 00:00:00.000000005,1970-01-01 00:00:00.000000024,no,delivered,4,206.18
1647.0,dhl,pharmacy,bike,standard,central,stormy,140.0,46.68,1970-01-01 00:00:00.000000008,1970-01-01 00:00:00.000000024,no,delivered,3,840.04
1666.0,dhl,furniture,scooter,two day,east,clear,33.5,19.07,1970-01-01 00:00:00.000000001,1970-01-01 00:00:00.000000016,no,delivered,5,224.71
1678.0,dhl,cosmetics,van,two day,south,hot,233.8,37.37,1970-01-01 00:00:00.000000006,1970-01-01 00:00:00.000000016,no,delivered,3,1281.11
1685.0,dhl,clothing,scooter,express,central,rainy,290.0,27.8,1970-01-01 00:00:00.000000011,1970-01-01 00:00:00.000000007,yes,delayed,2,1583.4
1687.0,dhl,fragile items,ev bike,same day,north,hot,186.6,46.31,1970-01-01 00:00:00.000000005,1970-01-01 00:00:00.000000008,no,delivered,4,1171.93
1688.0,dhl,electronics,scooter,express,east,clear,79.9,6.71,1970-01-01 00:00:00.000000004,1970-01-01 00:00:00.000000003,yes,failed,1,469.63
1694.0,dhl,fragile items,scooter,express,south,rainy,171.2,4.63,1970-01-01 00:00:00.000000011,1970-01-01 00:00:00.000000005,yes,delayed,2,919.89
1699.0,dhl,automobile parts,van,two day,south,cold,297.1,14.86,1970-01-01 00:00:00.000000006,1970-01-01 00:00:00.000000016,no,delivered,4,1541.08
1711.0,dhl,clothing,bike,same day,central,foggy,87.9,2.17,1970-01-01 00:00:00.000000006,1970-01-01 00:00:00.000000008,no,delivered,5,546.01
1718.0,dhl,groceries,scooter,standard,central,foggy,221.2,27.72,1970-01-01 00:00:00.000000007,1970-01-01 00:00:00.000000024,no,delivered,4,1189.16
1719.0,dhl,groceries,van,express,west,stormy,69.9,34.36,1970-01-01 00:00:00.000000006,1970-01-01 00:00:00.000000003,yes,delayed,2,502.58
1729.0,dhl,furniture,van,same day,central,clear,170.6,42.4,1970-01-01 00:00:00.000000004,1970-01-01 00:00:00.000000008,no,delivered,3,1080.2
1741.0,dhl,pharmacy,ev van,express,north,cold,165.2,33.96,1970-01-01 00:00:00.000000005,1970-01-01 00:00:00.000000005,no,delivered,5,977.88
1748.0,dhl,cosmetics,ev van,express,central,hot,200.1,38.39,1970-01-01 00:00:00.000000006,1970-01-01 00:00:00.000000006,yes,delayed,2,1165.67
1754.0,dhl,clothing,ev van,two day,south,clear,118.4,25.02,1970-01-01 00:00:00.000000002,1970-01-01 00:00:00.000000016,no,delivered,5,667.06
1757.0,dhl,clothing,truck,two day,south,foggy,240.6,44.07,1970-01-01 00:00:00.000000006,1970-01-01 00:00:00.000000016,no,delivered,4,1335.21
1761.0,dhl,clothing,ev bike,standard,south,cold,226.5,29.74,1970-01-01 00:00:00.000000007,1970-01-01 00:00:00.000000024,no,delivered,3,1221.72
1762.0,dhl,documents,ev bike,two day,east,cold,59.0,11.64,1970-01-01 00:00:00.000000004,1970-01-01 00:00:00.000000016,no,delivered,3,329.92
1771.0,dhl,documents,bike,two day,north,stormy,157.0,23.98,1970-01-01 00:00:00.000000006,1970-01-01 00:00:00.000000016,no,delivered,3,856.94
1772.0,dhl,groceries,scooter,standard,west,clear,54.8,11.35,1970-01-01 00:00:00.000000003,1970-01-01 00:00:00.000000024,no,delivered,5,308.05
1773.0,dhl,pharmacy,bike,two day,east,clear,39.3,0.92,1970-01-01 00:00:00.000000001,1970-01-01 00:00:00.000000016,no,delivered,3,199.26
1774.0,dhl,documents,van,express,west,clear,3.6,21.41,1970-01-01 00:00:00.000000000,1970-01-01 00:00:00.000000002,no,delivered,5,124.73
1782.0,dhl,fragile items,ev van,two day,south,cold,153.4,27.9,1970-01-01 00:00:00.000000004,1970-01-01 00:00:00.000000016,no,delivered,5,850.7
1793.0,dhl,electronics,bike,standard,east,rainy,291.5,39.38,1970-01-01 00:00:00.000000013,1970-01-01 00:00:00.000000024,no,delivered,5,1575.64
1831.0,dhl,automobile parts,bike,express,west,stormy,234.8,17.72,1970-01-01 00:00:00.000000009,1970-01-01 00:00:00.000000006,yes,delayed,2,1277.16
1835.0,dhl,automobile parts,bike,same day,south,hot,285.1,35.88,1970-01-01 00:00:00.000000008,1970-01-01 00:00:00.000000008,yes,delayed,3,1632.7206
1841.0,dhl,pharmacy,bike,same day,south,clear,67.9,39.46,1970-01-01 00:00:00.000000002,1970-01-01 00:00:00.000000008,no,delivered,4,557.88
1847.0,dhl,clothing,ev van,two day,west,hot,88.3,34.12,1970-01-01 00:00:00.000000004,1970-01-01 00:00:00.000000016,no,delivered,3,543.86
1857.0,dhl,clothing,bike,two day,north,stormy,91.9,4.31,1970-01-01 00:00:00.000000008,1970-01-01 00:00:00.000000016,no,delivered,4,472.43
1864.0,dhl,groceries,bike,two day,south,clear,43.2,34.83,1970-01-01 00:00:00.000000003,1970-01-01 00:00:00.000000016,no,delivered,5,320.49
1866.0,dhl,groceries,van,express,east,foggy,220.8,17.54,1970-01-01 00:00:00.000000006,1970-01-01 00:00:00.000000006,yes,delayed,3,1206.62
1875.0,dhl,fragile items,van,two day,north,clear,239.7,7.31,1970-01-01 00:00:00.000000007,1970-01-01 00:00:00.000000016,no,delivered,5,1220.43
1881.0,dhl,clothing,scooter,express,north,rainy,276.2,26.34,1970-01-01 00:00:00.000000017,1970-01-01 00:00:00.000000007,yes,delayed,2,1510.02
1888.0,dhl,fragile items,bike,standard,east,rainy,148.7,10.86,1970-01-01 00:00:00.000000010,1970-01-01 00:00:00.000000024,no,delivered,3,776.08
1900.0,dhl,electronics,scooter,two day,north,stormy,242.9,24.43,1970-01-01 00:00:00.000000012,1970-01-01 00:00:00.000000016,no,delivered,3,1287.79
1921.0,dhl,documents,truck,two day,central,stormy,271.8,8.25,1970-01-01 00:00:00.000000009,1970-01-01 00:00:00.000000016,no,delivered,5,1383.75
1924.0,dhl,furniture,ev van,two day,east,rainy,125.7,16.06,1970-01-01 00:00:00.000000009,1970-01-01 00:00:00.000000016,no,delivered,3,676.68
1925.0,dhl,groceries,scooter,standard,west,cold,33.5,44.49,1970-01-01 00:00:00.000000003,1970-01-01 00:00:00.000000024,no,delivered,5,300.97
1927.0,dhl,cosmetics,van,standard,south,cold,284.2,14.09,1970-01-01 00:00:00.000000007,1970-01-01 00:00:00.000000024,no,delivered,4,1463.27
1937.0,dhl,furniture,bike,two day,south,foggy,50.6,34.56,1970-01-01 00:00:00.000000004,1970-01-01 00:00:00.000000016,no,delivered,5,356.68
1945.0,dhl,cosmetics,truck,express,south,stormy,143.0,18.45,1970-01-01 00:00:00.000000010,1970-01-01 00:00:00.000000004,yes,failed,1,820.35
1956.0,dhl,pharmacy,truck,standard,east,cold,32.0,35.23,1970-01-01 00:00:00.000000003,1970-01-01 00:00:00.000000024,no,delivered,3,265.69
1967.0,dhl,automobile parts,scooter,same day,west,foggy,86.7,41.5,1970-01-01 00:00:00.000000004,1970-01-01 00:00:00.000000008,no,delivered,3,658.0
1974.0,dhl,groceries,truck,same day,central,rainy,7.5,20.39,1970-01-01 00:00:00.000000002,1970-01-01 00:00:00.000000008,no,delivered,4,198.67
1978.0,dhl,furniture,van,two day,central,hot,51.9,17.25,1970-01-01 00:00:00.000000001,1970-01-01 00:00:00.000000016,no,delivered,5,311.25
1992.0,dhl,groceries,bike,express,central,cold,211.0,37.73,1970-01-01 00:00:00.000000007,1970-01-01 00:00:00.000000006,yes,delayed,3,1218.19
2003.0,dhl,pharmacy,truck,two day,west,clear,82.5,46.77,1970-01-01 00:00:00.000000002,1970-01-01 00:00:00.000000016,no,delivered,4,552.81
2007.0,dhl,automobile parts,ev bike,same day,west,hot,216.5,5.26,1970-01-01 00:00:00.000000004,1970-01-01 00:00:00.000000008,no,delivered,5,1198.28
2012.0,dhl,pharmacy,scooter,two day,south,rainy,254.9,36.13,1970-01-01 00:00:00.000000014,1970-01-01 00:00:00.000000016,no,delivered,4,1382.89
2017.0,dhl,groceries,van,standard,east,cold,164.4,8.86,1970-01-01 00:00:00.000000005,1970-01-01 00:00:00.000000024,no,delivered,5,848.58
2030.0,dhl,clothing,van,express,north,clear,98.5,27.62,1970-01-01 00:00:00.000000005,1970-01-01 00:00:00.000000003,yes,delayed,3,625.36
2053.0,dhl,pharmacy,scooter,standard,west,hot,172.0,25.94,1970-01-01 00:00:00.000000005,1970-01-01 00:00:00.000000024,no,delivered,3,937.82
2056.0,dhl,electronics,bike,express,central,cold,159.9,15.14,1970-01-01 00:00:00.000000005,1970-01-01 00:00:00.000000005,yes,failed,2,894.92
2059.0,dhl,fragile items,van,two day,south,foggy,205.9,24.67,1970-01-01 00:00:00.000000006,1970-01-01 00:00:00.000000016,no,delivered,4,1103.51
2060.0,dhl,pharmacy,bike,standard,north,foggy,70.8,32.42,1970-01-01 00:00:00.000000003,1970-01-01 00:00:00.000000024,no,delivered,5,451.26
2070.0,dhl,pharmacy,van,two day,west,foggy,268.7,18.96,1970-01-01 00:00:00.000000011,1970-01-01 00:00:00.000000016,no,delivered,3,1400.38
2073.0,dhl,clothing,ev van,standard,east,cold,77.0,46.8,1970-01-01 00:00:00.000000002,1970-01-01 00:00:00.000000024,no,delivered,4,525.4
2074.0,dhl,cosmetics,scooter,express,north,cold,245.3,38.65,1970-01-01 00:00:00.000000006,1970-01-01 00:00:00.000000006,no,delivered,5,1392.45
2076.0,dhl,automobile parts,scooter,two day,east,foggy,278.9,29.08,1970-01-01 00:00:00.000000010,1970-01-01 00:00:00.000000016,no,delivered,5,1481.74
2078.0,dhl,documents,scooter,same day,east,clear,107.1,37.17,1970-01-01 00:00:00.000000003,1970-01-01 00:00:00.000000008,no,delivered,3,747.01
2134.0,dhl,groceries,van,standard,north,cold,58.6,48.76,1970-01-01 00:00:00.000000002,1970-01-01 00:00:00.000000024,no,delivered,5,439.28
2135.0,dhl,electronics,scooter,express,central,cold,75.4,10.77,1970-01-01 00:00:00.000000004,1970-01-01 00:00:00.000000003,yes,delayed,3,459.31
2140.0,dhl,fragile items,ev bike,same day,south,clear,214.7,4.32,1970-01-01 00:00:00.000000006,1970-01-01 00:00:00.000000008,no,delivered,5,1186.46
2145.0,dhl,groceries,truck,standard,west,stormy,35.2,27.73,1970-01-01 00:00:00.000000005,1970-01-01 00:00:00.000000024,no,delivered,4,259.19
2146.0,dhl,automobile parts,bike,two day,west,rainy,153.0,5.2,1970-01-01 00:00:00.000000006,1970-01-01 00:00:00.000000016,no,delivered,5,780.6
2157.0,dhl,automobile parts,ev bike,same day,south,cold,127.2,49.31,1970-01-01 00:00:00.000000002,1970-01-01 00:00:00.000000008,no,delivered,3,883.93
2160.0,dhl,documents,bike,same day,central,rainy,64.9,41.51,1970-01-01 00:00:00.000000007,1970-01-01 00:00:00.000000008,no,delivered,4,549.03
2163.0,dhl,groceries,bike,standard,west,clear,112.9,14.57,1970-01-01 00:00:00.000000005,1970-01-01 00:00:00.000000024,no,delivered,5,608.21
2191.0,dhl,fragile items,scooter,express,east,stormy,82.9,27.26,1970-01-01 00:00:00.000000003,1970-01-01 00:00:00.000000003,yes,delayed,2,546.28
2192.0,dhl,furniture,truck,standard,east,hot,97.0,4.76,1970-01-01 00:00:00.000000004,1970-01-01 00:00:00.000000024,no,delivered,5,499.28
2201.0,dhl,automobile parts,truck,standard,central,stormy,138.5,33.07,1970-01-01 00:00:00.000000012,1970-01-01 00:00:00.000000024,no,delivered,3,791.71
2204.0,dhl,electronics,ev van,standard,south,hot,241.0,33.75,1970-01-01 00:00:00.000000005,1970-01-01 00:00:00.000000024,no,delivered,5,1306.25
2216.0,dhl,automobile parts,scooter,standard,south,hot,37.7,32.4,1970-01-01 00:00:00.000000004,1970-01-01 00:00:00.000000024,no,delivered,4,285.7
2224.0,dhl,furniture,ev bike,same day,north,cold,195.1,40.32,1970-01-01 00:00:00.000000006,1970-01-01 00:00:00.000000008,no,delivered,4,1196.46
2225.0,dhl,documents,ev bike,two day,south,foggy,173.1,19.8,1970-01-01 00:00:00.000000006,1970-01-01 00:00:00.000000016,no,delivered,4,924.9
2250.0,dhl,electronics,ev bike,standard,west,clear,109.4,0.67,1970-01-01 00:00:00.000000003,1970-01-01 00:00:00.000000024,no,delivered,3,548.53
2276.0,dhl,documents,scooter,two day,east,hot,293.4,3.34,1970-01-01 00:00:00.000000007,1970-01-01 00:00:00.000000016,no,delivered,4,1477.02
2279.0,dhl,furniture,bike,same day,west,rainy,286.2,11.07,1970-01-01 00:00:00.000000008,1970-01-01 00:00:00.000000008,yes,delayed,3,1564.21
2282.0,dhl,clothing,scooter,express,east,cold,109.9,8.1,1970-01-01 00:00:00.000000005,1970-01-01 00:00:00.000000004,yes,failed,1,623.8
2290.0,dhl,documents,bike,standard,west,cold,82.3,22.91,1970-01-01 00:00:00.000000004,1970-01-01 00:00:00.000000024,no,delivered,4,480.23
2291.0,dhl,clothing,truck,two day,central,foggy,84.4,45.54,1970-01-01 00:00:00.000000004,1970-01-01 00:00:00.000000016,no,delivered,5,558.62
2318.0,dhl,pharmacy,bike,two day,north,hot,191.5,10.95,1970-01-01 00:00:00.000000007,1970-01-01 00:00:00.000000016,no,delivered,5,990.35
2323.0,dhl,electronics,scooter,standard,east,cold,17.2,40.54,1970-01-01 00:00:00.000000001,1970-01-01 00:00:00.000000024,no,delivered,5,207.62
2327.0,dhl,clothing,truck,same day,central,rainy,145.3,27.89,1970-01-01 00:00:00.000000005,1970-01-01 00:00:00.000000008,no,delivered,5,910.17
2341.0,dhl,furniture,truck,standard,west,cold,130.9,42.37,1970-01-01 00:00:00.000000006,1970-01-01 00:00:00.000000024,no,delivered,4,781.61
2342.0,dhl,fragile items,van,standard,east,stormy,109.8,21.91,1970-01-01 00:00:00.000000007,1970-01-01 00:00:00.000000024,no,delivered,4,614.73
2356.0,dhl,documents,van,same day,south,stormy,283.2,19.18,1970-01-01 00:00:00.000000014,1970-01-01 00:00:00.000000008,yes,failed,2,1573.54
2357.0,dhl,documents,van,standard,east,hot,13.0,43.12,1970-01-01 00:00:00.000000001,1970-01-01 00:00:00.000000024,no,delivered,4,194.36
2367.0,dhl,groceries,ev van,same day,central,stormy,114.5,46.28,1970-01-01 00:00:00.000000010,1970-01-01 00:00:00.000000008,yes,failed,1,811.34
2374.0,dhl,furniture,truck,standard,south,hot,160.4,4.69,1970-01-01 00:00:00.000000005,1970-01-01 00:00:00.000000024,no,delivered,4,816.07
2384.0,dhl,cosmetics,ev van,standard,central,foggy,213.4,28.67,1970-01-01 00:00:00.000000011,1970-01-01 00:00:00.000000024,no,delivered,5,1153.01
2405.0,dhl,pharmacy,truck,standard,west,hot,42.8,0.76,1970-01-01 00:00:00.000000004,1970-01-01 00:00:00.000000024,no,delivered,4,216.28
2407.0,dhl,pharmacy,ev van,standard,south,cold,85.8,38.93,1970-01-01 00:00:00.000000002,1970-01-01 00:00:00.000000024,no,delivered,4,545.79
2415.0,dhl,pharmacy,scooter,two day,north,stormy,68.8,28.52,1970-01-01 00:00:00.000000007,1970-01-01 00:00:00.000000016,no,delivered,5,429.56
2420.0,dhl,clothing,ev bike,same day,east,clear,255.0,37.3,1970-01-01 00:00:00.000000008,1970-01-01 00:00:00.000000008,yes,delayed,3,1486.9
2425.0,dhl,groceries,ev van,two day,west,hot,24.4,37.39,1970-01-01 00:00:00.000000001,1970-01-01 00:00:00.000000016,no,delivered,5,234.17
2428.0,dhl,groceries,van,two day,west,stormy,38.8,32.94,1970-01-01 00:00:00.000000007,1970-01-01 00:00:00.000000016,no,delivered,5,292.82
2441.0,dhl,pharmacy,truck,same day,central,stormy,154.1,17.42,1970-01-01 00:00:00.000000010,1970-01-01 00:00:00.000000008,yes,delayed,2,922.76
2461.0,dhl,fragile items,ev van,express,north,stormy,44.6,21.89,1970-01-01 00:00:00.000000006,1970-01-01 00:00:00.000000002,yes,delayed,2,338.67
2473.0,dhl,cosmetics,ev bike,two day,north,stormy,247.8,25.91,1970-01-01 00:00:00.000000013,1970-01-01 00:00:00.000000016,no,delivered,3,1316.73
2476.0,dhl,groceries,truck,same day,west,foggy,264.1,41.04,1970-01-01 00:00:00.000000011,1970-01-01 00:00:00.000000008,yes,delayed,3,1543.62
2485.0,dhl,furniture,ev bike,standard,south,cold,246.9,22.0,1970-01-01 00:00:00.000000006,1970-01-01 00:00:00.000000024,no,delivered,5,1300.5
2486.0,dhl,pharmacy,ev bike,two day,east,stormy,7.0,28.54,1970-01-01 00:00:00.000000006,1970-01-01 00:00:00.000000016,no,delivered,4,120.62
2490.0,dhl,furniture,van,two day,north,foggy,294.1,30.89,1970-01-01 00:00:00.000000012,1970-01-01 00:00:00.000000016,no,delivered,3,1563.17
2491.0,dhl,cosmetics,scooter,standard,central,hot,103.9,44.8,1970-01-01 00:00:00.000000003,1970-01-01 00:00:00.000000024,no,delivered,4,653.9
2495.0,dhl,cosmetics,ev bike,same day,central,foggy,87.7,29.5,1970-01-01 00:00:00.000000003,1970-01-01 00:00:00.000000008,no,delivered,5,627.0
2509.0,dhl,furniture,bike,same day,north,cold,41.4,33.85,1970-01-01 00:00:00.000000002,1970-01-01 00:00:00.000000008,no,delivered,5,408.55
2521.0,dhl,pharmacy,van,standard,south,stormy,111.1,27.58,1970-01-01 00:00:00.000000009,1970-01-01 00:00:00.000000024,no,delivered,5,638.24
2524.0,dhl,furniture,truck,standard,north,hot,29.9,30.38,1970-01-01 00:00:00.000000002,1970-01-01 00:00:00.000000024,no,delivered,4,240.64
2544.0,dhl,groceries,van,two day,south,clear,98.5,8.2,1970-01-01 00:00:00.000000003,1970-01-01 00:00:00.000000016,no,delivered,4,517.1
2546.0,dhl,pharmacy,scooter,standard,east,hot,5.8,16.87,1970-01-01 00:00:00.000000000,1970-01-01 00:00:00.000000024,no,delivered,4,95.6674
2562.0,dhl,groceries,ev van,two day,east,stormy,37.7,9.76,1970-01-01 00:00:00.000000006,1970-01-01 00:00:00.000000016,no,delivered,3,217.78
2564.0,dhl,automobile parts,bike,same day,east,foggy,64.0,26.57,1970-01-01 00:00:00.000000005,1970-01-01 00:00:00.000000008,no,delivered,4,499.71
2565.0,dhl,furniture,bike,express,west,foggy,173.5,7.33,1970-01-01 00:00:00.000000006,1970-01-01 00:00:00.000000005,yes,delayed,2,939.49
2566.0,dhl,cosmetics,ev bike,two day,west,rainy,158.0,47.72,1970-01-01 00:00:00.000000007,1970-01-01 00:00:00.000000016,no,delivered,4,933.16
2569.0,dhl,documents,ev van,same day,east,foggy,132.7,6.77,1970-01-01 00:00:00.000000005,1970-01-01 00:00:00.000000008,no,delivered,3,783.81
2574.0,dhl,pharmacy,van,express,north,clear,148.4,31.41,1970-01-01 00:00:00.000000006,1970-01-01 00:00:00.000000004,yes,delayed,3,886.23
2581.0,dhl,automobile parts,ev bike,express,south,cold,290.5,1.47,1970-01-01 00:00:00.000000012,1970-01-01 00:00:00.000000007,yes,failed,1,1506.91
2585.0,dhl,cosmetics,ev bike,two day,west,hot,198.3,4.98,1970-01-01 00:00:00.000000005,1970-01-01 00:00:00.000000016,no,delivered,5,1006.44
2587.0,dhl,documents,van,same day,central,foggy,24.4,26.45,1970-01-01 00:00:00.000000005,1970-01-01 00:00:00.000000008,no,delivered,4,301.35
2590.0,dhl,documents,ev van,same day,west,rainy,4.8,30.69,1970-01-01 00:00:00.000000001,1970-01-01 00:00:00.000000008,no,delivered,5,216.07
2592.0,dhl,pharmacy,ev bike,same day,central,stormy,190.7,46.13,1970-01-01 00:00:00.000000013,1970-01-01 00:00:00.000000008,yes,delayed,3,1191.89
2600.0,dhl,pharmacy,bike,standard,east,clear,219.8,29.24,1970-01-01 00:00:00.000000009,1970-01-01 00:00:00.000000024,no,delivered,5,1186.72
2622.0,dhl,electronics,van,standard,east,cold,126.1,42.02,1970-01-01 00:00:00.000000004,1970-01-01 00:00:00.000000024,no,delivered,4,756.56
2637.0,dhl,fragile items,truck,two day,central,clear,252.0,47.68,1970-01-01 00:00:00.000000006,1970-01-01 00:00:00.000000016,no,delivered,4,1403.04
2654.0,dhl,groceries,bike,same day,central,stormy,69.2,7.52,1970-01-01 00:00:00.000000007,1970-01-01 00:00:00.000000008,no,delivered,5,468.56
2661.0,dhl,automobile parts,bike,same day,north,cold,17.1,10.41,1970-01-01 00:00:00.000000002,1970-01-01 00:00:00.000000008,no,delivered,5,216.73
2680.0,dhl,furniture,truck,two day,central,clear,278.8,1.98,1970-01-01 00:00:00.000000007,1970-01-01 00:00:00.000000016,no,delivered,4,1399.94
2683.0,dhl,automobile parts,ev bike,standard,south,stormy,283.7,39.92,1970-01-01 00:00:00.000000012,1970-01-01 00:00:00.000000024,no,delivered,5,1538.26
2694.0,dhl,cosmetics,van,two day,central,hot,249.8,30.79,1970-01-01 00:00:00.000000007,1970-01-01 00:00:00.000000016,no,delivered,4,1341.37
2696.0,dhl,clothing,scooter,express,west,cold,283.2,10.16,1970-01-01 00:00:00.000000006,1970-01-01 00:00:00.000000007,no,delivered,3,1496.48
2698.0,dhl,fragile items,scooter,two day,north,rainy,8.6,48.16,1970-01-01 00:00:00.000000004,1970-01-01 00:00:00.000000016,no,delivered,4,187.48
2717.0,dhl,documents,truck,express,west,foggy,247.6,47.16,1970-01-01 00:00:00.000000006,1970-01-01 00:00:00.000000006,no,delivered,4,1429.48
2724.0,dhl,fragile items,van,express,west,hot,130.4,38.24,1970-01-01 00:00:00.000000003,1970-01-01 00:00:00.000000004,no,delivered,5,816.72
2740.0,dhl,automobile parts,bike,standard,central,cold,7.1,7.98,1970-01-01 00:00:00.000000001,1970-01-01 00:00:00.000000024,no,delivered,4,95.6674
2746.0,dhl,automobile parts,ev bike,express,west,clear,146.3,10.9,1970-01-01 00:00:00.000000004,1970-01-01 00:00:00.000000004,no,delivered,3,814.2
2749.0,dhl,groceries,scooter,express,north,stormy,297.1,15.27,1970-01-01 00:00:00.000000011,1970-01-01 00:00:00.000000007,yes,delayed,2,1582.81
2759.0,dhl,electronics,truck,standard,west,clear,10.0,7.62,1970-01-01 00:00:00.000000001,1970-01-01 00:00:00.000000024,no,delivered,4,95.6674
2760.0,dhl,documents,ev van,standard,east,hot,260.8,39.21,1970-01-01 00:00:00.000000010,1970-01-01 00:00:00.000000024,no,delivered,3,1421.63
2762.0,dhl,cosmetics,van,standard,north,rainy,109.2,6.56,1970-01-01 00:00:00.000000007,1970-01-01 00:00:00.000000024,no,delivered,5,565.68
2763.0,dhl,fragile items,truck,standard,east,hot,193.8,42.72,1970-01-01 00:00:00.000000010,1970-01-01 00:00:00.000000024,no,delivered,4,1097.16
2767.0,dhl,cosmetics,ev bike,express,east,stormy,194.8,10.95,1970-01-01 00:00:00.000000010,1970-01-01 00:00:00.000000005,yes,delayed,3,1056.85
2779.0,dhl,automobile parts,van,standard,east,clear,129.5,5.02,1970-01-01 00:00:00.000000005,1970-01-01 00:00:00.000000024,no,delivered,4,662.56
2800.0,dhl,pharmacy,van,express,south,hot,185.3,19.52,1970-01-01 00:00:00.000000004,1970-01-01 00:00:00.000000005,no,delivered,5,1035.06
2827.0,dhl,groceries,van,same day,west,hot,277.6,13.44,1970-01-01 00:00:00.000000007,1970-01-01 00:00:00.000000008,no,delivered,4,1528.32
2835.0,dhl,documents,scooter,same day,east,cold,221.4,43.28,1970-01-01 00:00:00.000000006,1970-01-01 00:00:00.000000008,no,delivered,3,1336.84
2841.0,dhl,pharmacy,ev van,express,north,foggy,206.7,6.67,1970-01-01 00:00:00.000000010,1970-01-01 00:00:00.000000006,yes,delayed,2,1103.51
2848.0,dhl,automobile parts,scooter,same day,south,hot,51.5,47.13,1970-01-01 00:00:00.000000003,1970-01-01 00:00:00.000000008,no,delivered,5,498.89
2850.0,dhl,cosmetics,van,two day,west,cold,147.2,48.42,1970-01-01 00:00:00.000000003,1970-01-01 00:00:00.000000016,no,delivered,3,881.26
2852.0,dhl,furniture,truck,same day,west,rainy,297.1,4.01,1970-01-01 00:00:00.000000011,1970-01-01 00:00:00.000000008,yes,delayed,3,1610.53
2875.0,dhl,furniture,truck,standard,east,foggy,45.7,46.3,1970-01-01 00:00:00.000000006,1970-01-01 00:00:00.000000024,no,delivered,4,367.4
2885.0,dhl,pharmacy,ev bike,standard,west,hot,18.9,44.34,1970-01-01 00:00:00.000000001,1970-01-01 00:00:00.000000024,no,delivered,4,227.52
2893.0,dhl,fragile items,scooter,express,central,stormy,164.6,7.53,1970-01-01 00:00:00.000000012,1970-01-01 00:00:00.000000005,yes,failed,2,895.59
2910.0,dhl,automobile parts,van,express,south,cold,57.2,18.49,1970-01-01 00:00:00.000000003,1970-01-01 00:00:00.000000003,yes,delayed,2,391.47
2915.0,dhl,documents,truck,same day,central,rainy,66.7,28.02,1970-01-01 00:00:00.000000005,1970-01-01 00:00:00.000000008,no,delivered,4,517.56
2916.0,dhl,groceries,truck,two day,south,clear,165.4,6.42,1970-01-01 00:00:00.000000004,1970-01-01 00:00:00.000000016,no,delivered,4,846.26
2920.0,dhl,clothing,ev bike,standard,west,rainy,73.5,19.13,1970-01-01 00:00:00.000000005,1970-01-01 00:00:00.000000024,no,delivered,5,424.89
2925.0,dhl,pharmacy,ev van,two day,east,rainy,214.9,12.18,1970-01-01 00:00:00.000000011,1970-01-01 00:00:00.000000016,no,delivered,3,1111.04
2934.0,dhl,groceries,ev bike,express,west,stormy,158.4,47.05,1970-01-01 00:00:00.000000007,1970-01-01 00:00:00.000000005,yes,delayed,3,983.15
2954.0,dhl,documents,truck,express,north,cold,24.5,22.89,1970-01-01 00:00:00.000000002,1970-01-01 00:00:00.000000002,no,delivered,4,241.17
2962.0,dhl,pharmacy,van,express,east,stormy,285.7,34.48,1970-01-01 00:00:00.000000015,1970-01-01 00:00:00.000000007,yes,failed,2,1581.94
2990.0,dhl,groceries,ev van,two day,south,cold,90.2,3.3,1970-01-01 00:00:00.000000005,1970-01-01 00:00:00.000000016,no,delivered,5,460.9
2998.0,dhl,documents,ev bike,same day,south,cold,289.5,26.48,1970-01-01 00:00:00.000000007,1970-01-01 00:00:00.000000008,no,delivered,5,1626.94
2999.0,dhl,groceries,bike,same day,north,cold,88.2,38.3,1970-01-01 00:00:00.000000004,1970-01-01 00:00:00.000000008,no,delivered,5,655.9
3006.0,dhl,cosmetics,van,express,south,stormy,37.2,39.87,1970-01-01 00:00:00.000000003,1970-01-01 00:00:00.000000002,yes,delayed,3,355.61
3008.0,dhl,documents,bike,standard,central,clear,87.0,16.25,1970-01-01 00:00:00.000000003,1970-01-01 00:00:00.000000024,no,delivered,5,483.75
3011.0,dhl,fragile items,scooter,standard,central,hot,127.2,29.26,1970-01-01 00:00:00.000000002,1970-01-01 00:00:00.000000024,no,delivered,3,723.78
3021.0,dhl,clothing,ev bike,express,central,cold,126.3,43.6,1970-01-01 00:00:00.000000003,1970-01-01 00:00:00.000000004,no,delivered,4,812.3
3023.0,dhl,documents,bike,two day,east,rainy,244.0,5.71,1970-01-01 00:00:00.000000008,1970-01-01 00:00:00.000000016,no,delivered,3,1237.13
3025.0,dhl,pharmacy,van,standard,east,cold,259.8,26.75,1970-01-01 00:00:00.000000007,1970-01-01 00:00:00.000000024,no,delivered,5,1379.25
3041.0,dhl,cosmetics,van,same day,west,rainy,266.8,2.09,1970-01-01 00:00:00.000000011,1970-01-01 00:00:00.000000008,yes,failed,2,1440.27
3054.0,dhl,furniture,scooter,express,central,stormy,168.3,8.51,1970-01-01 00:00:00.000000008,1970-01-01 00:00:00.000000005,yes,delayed,3,917.03
3059.0,dhl,electronics,van,two day,west,hot,289.0,15.56,1970-01-01 00:00:00.000000007,1970-01-01 00:00:00.000000016,no,delivered,4,1491.68
3063.0,dhl,groceries,ev bike,standard,central,foggy,256.2,8.98,1970-01-01 00:00:00.000000008,1970-01-01 00:00:00.000000024,no,delivered,4,1307.94
3071.0,dhl,pharmacy,scooter,standard,east,clear,244.9,10.92,1970-01-01 00:00:00.000000005,1970-01-01 00:00:00.000000024,no,delivered,5,1257.26
3081.0,dhl,electronics,van,same day,central,rainy,27.9,39.61,1970-01-01 00:00:00.000000005,1970-01-01 00:00:00.000000008,no,delivered,4,358.33
3085.0,dhl,cosmetics,scooter,standard,west,rainy,157.0,8.84,1970-01-01 00:00:00.000000005,1970-01-01 00:00:00.000000024,no,delivered,5,811.52
3086.0,dhl,cosmetics,truck,same day,south,rainy,242.8,23.79,1970-01-01 00:00:00.000000013,1970-01-01 00:00:00.000000008,yes,delayed,2,1385.37
3091.0,dhl,groceries,bike,same day,central,stormy,276.0,17.47,1970-01-01 00:00:00.000000013,1970-01-01 00:00:00.000000008,yes,failed,1,1532.41
3092.0,dhl,documents,van,express,south,stormy,294.0,6.8,1970-01-01 00:00:00.000000015,1970-01-01 00:00:00.000000007,yes,delayed,2,1540.4
3101.0,dhl,fragile items,ev van,same day,west,hot,208.9,34.07,1970-01-01 00:00:00.000000004,1970-01-01 00:00:00.000000008,no,delivered,4,1246.71
3104.0,dhl,fragile items,truck,express,east,rainy,11.8,42.29,1970-01-01 00:00:00.000000006,1970-01-01 00:00:00.000000002,yes,delayed,3,235.87
3108.0,dhl,fragile items,van,same day,south,stormy,217.4,46.67,1970-01-01 00:00:00.000000011,1970-01-01 00:00:00.000000008,yes,delayed,3,1327.01
3115.0,dhl,groceries,ev van,two day,central,hot,211.6,6.61,1970-01-01 00:00:00.000000004,1970-01-01 00:00:00.000000016,no,delivered,3,1077.83
3125.0,dhl,groceries,ev van,same day,central,foggy,83.5,36.62,1970-01-01 00:00:00.000000003,1970-01-01 00:00:00.000000008,no,delivered,5,627.36
3131.0,dhl,documents,ev bike,two day,central,rainy,297.1,17.48,1970-01-01 00:00:00.000000012,1970-01-01 00:00:00.000000016,no,delivered,4,1548.94
3142.0,dhl,cosmetics,van,standard,north,rainy,93.3,28.48,1970-01-01 00:00:00.000000008,1970-01-01 00:00:00.000000024,no,delivered,4,551.94
3166.0,dhl,groceries,bike,standard,south,rainy,53.5,23.92,1970-01-01 00:00:00.000000005,1970-01-01 00:00:00.000000024,no,delivered,4,339.26
3173.0,dhl,cosmetics,ev bike,standard,north,foggy,196.2,32.89,1970-01-01 00:00:00.000000007,1970-01-01 00:00:00.000000024,no,delivered,5,1079.67
3174.0,dhl,electronics,truck,two day,west,rainy,254.8,21.16,1970-01-01 00:00:00.000000008,1970-01-01 00:00:00.000000016,no,delivered,4,1337.48
3188.0,dhl,pharmacy,ev bike,two day,south,hot,286.3,28.49,1970-01-01 00:00:00.000000011,1970-01-01 00:00:00.000000016,no,delivered,4,1516.97
3209.0,dhl,furniture,ev van,express,east,foggy,269.9,39.67,1970-01-01 00:00:00.000000009,1970-01-01 00:00:00.000000007,yes,delayed,3,1518.51
3213.0,dhl,documents,van,standard,central,clear,60.9,29.76,1970-01-01 00:00:00.000000002,1970-01-01 00:00:00.000000024,no,delivered,5,393.78
3218.0,dhl,groceries,truck,same day,central,hot,263.7,15.55,1970-01-01 00:00:00.000000010,1970-01-01 00:00:00.000000008,yes,delayed,3,1465.15
3220.0,dhl,cosmetics,scooter,two day,east,clear,155.2,23.61,1970-01-01 00:00:00.000000003,1970-01-01 00:00:00.000000016,no,delivered,3,846.83
3228.0,dhl,clothing,bike,express,east,foggy,85.5,13.27,1970-01-01 00:00:00.000000007,1970-01-01 00:00:00.000000003,yes,delayed,3,517.31
3237.0,dhl,fragile items,ev bike,two day,north,rainy,159.5,37.79,1970-01-01 00:00:00.000000008,1970-01-01 00:00:00.000000016,no,delivered,4,910.87
3250.0,dhl,pharmacy,scooter,two day,east,cold,240.1,29.85,1970-01-01 00:00:00.000000007,1970-01-01 00:00:00.000000016,no,delivered,3,1290.05
3251.0,dhl,furniture,truck,express,south,stormy,113.9,44.49,1970-01-01 00:00:00.000000006,1970-01-01 00:00:00.000000004,yes,failed,2,752.97
3254.0,dhl,documents,scooter,express,west,cold,156.7,43.26,1970-01-01 00:00:00.000000006,1970-01-01 00:00:00.000000005,yes,delayed,2,963.28
3260.0,dhl,documents,ev van,standard,east,hot,182.6,15.98,1970-01-01 00:00:00.000000006,1970-01-01 00:00:00.000000024,no,delivered,4,960.94
3261.0,dhl,groceries,ev bike,two day,west,clear,20.7,10.67,1970-01-01 00:00:00.000000002,1970-01-01 00:00:00.000000016,no,delivered,3,135.51
3272.0,dhl,furniture,scooter,same day,south,cold,297.1,22.12,1970-01-01 00:00:00.000000006,1970-01-01 00:00:00.000000008,no,delivered,4,1632.7206
3274.0,dhl,pharmacy,ev bike,standard,east,foggy,19.2,45.81,1970-01-01 00:00:00.000000001,1970-01-01 00:00:00.000000024,no,delivered,4,233.43
3285.0,dhl,automobile parts,bike,standard,west,clear,119.3,31.21,1970-01-01 00:00:00.000000004,1970-01-01 00:00:00.000000024,no,delivered,4,690.13
3291.0,dhl,fragile items,bike,same day,east,stormy,234.1,0.67,1970-01-01 00:00:00.000000014,1970-01-01 00:00:00.000000008,yes,delayed,2,1272.0
3312.0,dhl,fragile items,truck,same day,central,cold,214.2,8.63,1970-01-01 00:00:00.000000007,1970-01-01 00:00:00.000000008,no,delivered,4,1196.89
3315.0,dhl,cosmetics,bike,two day,west,foggy,223.0,34.38,1970-01-01 00:00:00.000000005,1970-01-01 00:00:00.000000016,no,delivered,4,1218.14
3318.0,dhl,cosmetics,ev van,same day,east,cold,210.0,25.94,1970-01-01 00:00:00.000000007,1970-01-01 00:00:00.000000008,no,delivered,5,1227.82
3325.0,dhl,pharmacy,ev bike,express,west,rainy,16.4,26.39,1970-01-01 00:00:00.000000006,1970-01-01 00:00:00.000000002,yes,delayed,3,211.17
3329.0,dhl,automobile parts,ev van,express,south,hot,262.8,7.45,1970-01-01 00:00:00.000000005,1970-01-01 00:00:00.000000007,no,delivered,5,1386.35
3356.0,dhl,fragile items,ev bike,same day,east,cold,215.3,49.34,1970-01-01 00:00:00.000000009,1970-01-01 00:00:00.000000008,yes,failed,1,1324.52
3369.0,dhl,clothing,truck,same day,central,cold,294.2,4.03,1970-01-01 00:00:00.000000007,1970-01-01 00:00:00.000000008,no,delivered,4,1583.09
3380.0,dhl,fragile items,ev bike,express,central,stormy,85.5,4.02,1970-01-01 00:00:00.000000006,1970-01-01 00:00:00.000000003,yes,delayed,2,489.56
3395.0,dhl,documents,scooter,same day,south,cold,205.3,3.27,1970-01-01 00:00:00.000000004,1970-01-01 00:00:00.000000008,no,delivered,5,1136.31
3405.0,dhl,automobile parts,scooter,same day,south,stormy,266.7,4.04,1970-01-01 00:00:00.000000017,1970-01-01 00:00:00.000000008,yes,delayed,2,1445.62
3406.0,dhl,fragile items,ev bike,express,east,rainy,188.0,8.64,1970-01-01 00:00:00.000000008,1970-01-01 00:00:00.000000005,yes,delayed,3,1015.92
3407.0,dhl,furniture,scooter,two day,north,rainy,82.2,12.55,1970-01-01 00:00:00.000000006,1970-01-01 00:00:00.000000016,no,delivered,5,448.65
3416.0,dhl,automobile parts,truck,express,central,hot,223.8,24.9,1970-01-01 00:00:00.000000004,1970-01-01 00:00:00.000000006,no,delivered,5,1243.7
3424.0,dhl,furniture,ev bike,express,central,cold,270.8,29.93,1970-01-01 00:00:00.000000012,1970-01-01 00:00:00.000000007,yes,delayed,2,1493.79
3434.0,dhl,fragile items,ev bike,two day,north,rainy,267.1,43.29,1970-01-01 00:00:00.000000008,1970-01-01 00:00:00.000000016,no,delivered,5,1465.37
3454.0,dhl,electronics,truck,express,south,rainy,65.1,34.84,1970-01-01 00:00:00.000000007,1970-01-01 00:00:00.000000003,yes,failed,1,480.02
3460.0,dhl,groceries,scooter,express,central,stormy,198.7,43.67,1970-01-01 00:00:00.000000009,1970-01-01 00:00:00.000000005,yes,delayed,2,1174.51
3461.0,dhl,fragile items,ev bike,two day,east,hot,26.5,20.53,1970-01-01 00:00:00.000000001,1970-01-01 00:00:00.000000016,no,delivered,3,194.09
3465.0,dhl,groceries,bike,express,east,stormy,210.7,44.97,1970-01-01 00:00:00.000000011,1970-01-01 00:00:00.000000006,yes,delayed,3,1238.41
3479.0,dhl,automobile parts,truck,two day,south,hot,105.5,10.83,1970-01-01 00:00:00.000000004,1970-01-01 00:00:00.000000016,no,delivered,5,559.99
3485.0,dhl,pharmacy,ev bike,same day,south,cold,144.3,35.92,1970-01-01 00:00:00.000000007,1970-01-01 00:00:00.000000008,no,delivered,3,929.26
3487.0,dhl,automobile parts,van,same day,north,rainy,47.4,19.55,1970-01-01 00:00:00.000000004,1970-01-01 00:00:00.000000008,no,delivered,4,395.65
3489.0,dhl,cosmetics,ev van,two day,west,clear,214.7,19.81,1970-01-01 00:00:00.000000007,1970-01-01 00:00:00.000000016,no,delivered,3,1132.93
3493.0,dhl,cosmetics,scooter,express,south,foggy,196.1,35.75,1970-01-01 00:00:00.000000008,1970-01-01 00:00:00.000000005,yes,delayed,2,1137.75
3510.0,dhl,automobile parts,bike,standard,north,hot,194.5,16.81,1970-01-01 00:00:00.000000004,1970-01-01 00:00:00.000000024,no,delivered,5,1022.93
3531.0,dhl,automobile parts,truck,standard,north,clear,286.5,31.24,1970-01-01 00:00:00.000000009,1970-01-01 00:00:00.000000024,no,delivered,3,1526.22
3547.0,dhl,electronics,scooter,standard,south,cold,293.7,18.19,1970-01-01 00:00:00.000000007,1970-01-01 00:00:00.000000024,no,delivered,4,1523.07
3551.0,dhl,automobile parts,van,standard,north,hot,220.1,43.74,1970-01-01 00:00:00.000000008,1970-01-01 00:00:00.000000024,no,delivered,4,1231.72
3555.0,dhl,pharmacy,scooter,same day,east,foggy,90.2,14.25,1970-01-01 00:00:00.000000006,1970-01-01 00:00:00.000000008,no,delivered,4,593.75
3558.0,dhl,pharmacy,scooter,standard,west,rainy,244.7,17.4,1970-01-01 00:00:00.000000012,1970-01-01 00:00:00.000000024,no,delivered,5,1275.7
3563.0,dhl,clothing,ev bike,express,central,hot,119.8,26.67,1970-01-01 00:00:00.000000004,1970-01-01 00:00:00.000000004,no,delivered,4,729.01
3567.0,dhl,clothing,ev van,same day,north,foggy,163.8,17.37,1970-01-01 00:00:00.000000009,1970-01-01 00:00:00.000000008,yes,failed,1,971.11
3597.0,dhl,fragile items,van,two day,north,clear,154.8,15.5,1970-01-01 00:00:00.000000005,1970-01-01 00:00:00.000000016,no,delivered,3,820.5
3618.0,dhl,groceries,van,standard,central,cold,113.4,6.91,1970-01-01 00:00:00.000000004,1970-01-01 00:00:00.000000024,no,delivered,4,587.73
3619.0,dhl,automobile parts,ev bike,standard,west,stormy,63.3,25.97,1970-01-01 00:00:00.000000007,1970-01-01 00:00:00.000000024,no,delivered,4,394.41
3624.0,dhl,clothing,truck,standard,central,cold,43.6,19.74,1970-01-01 00:00:00.000000003,1970-01-01 00:00:00.000000024,no,delivered,4,277.22
3653.0,dhl,clothing,ev van,express,east,hot,223.8,42.09,1970-01-01 00:00:00.000000005,1970-01-01 00:00:00.000000006,no,delivered,5,1295.27
3659.0,dhl,automobile parts,ev bike,two day,south,rainy,146.6,8.94,1970-01-01 00:00:00.000000006,1970-01-01 00:00:00.000000016,no,delivered,5,759.82
3669.0,dhl,fragile items,scooter,same day,central,clear,3.6,35.25,1970-01-01 00:00:00.000000000,1970-01-01 00:00:00.000000008,no,delivered,3,215.75
3676.0,dhl,fragile items,ev van,same day,south,clear,92.7,17.45,1970-01-01 00:00:00.000000003,1970-01-01 00:00:00.000000008,no,delivered,5,615.85
3677.0,dhl,automobile parts,scooter,same day,west,cold,131.5,36.53,1970-01-01 00:00:00.000000004,1970-01-01 00:00:00.000000008,no,delivered,4,867.09
3691.0,dhl,automobile parts,ev bike,same day,central,stormy,129.5,34.67,1970-01-01 00:00:00.000000009,1970-01-01 00:00:00.000000008,yes,failed,2,851.51
3695.0,dhl,documents,bike,same day,central,clear,5.3,35.77,1970-01-01 00:00:00.000000000,1970-01-01 00:00:00.000000008,no,delivered,5,233.81
3698.0,dhl,automobile parts,scooter,two day,east,cold,151.2,26.88,1970-01-01 00:00:00.000000005,1970-01-01 00:00:00.000000016,no,delivered,3,836.64
3711.0,dhl,pharmacy,van,standard,central,foggy,38.2,17.54,1970-01-01 00:00:00.000000004,1970-01-01 00:00:00.000000024,no,delivered,4,243.62
3717.0,dhl,clothing,van,two day,north,clear,98.6,0.67,1970-01-01 00:00:00.000000004,1970-01-01 00:00:00.000000016,no,delivered,3,493.75
3729.0,dhl,groceries,bike,two day,south,hot,21.2,35.6,1970-01-01 00:00:00.000000003,1970-01-01 00:00:00.000000016,no,delivered,5,212.8
3733.0,dhl,electronics,ev van,standard,east,cold,109.0,41.71,1970-01-01 00:00:00.000000005,1970-01-01 00:00:00.000000024,no,delivered,3,670.13
3737.0,dhl,automobile parts,truck,standard,south,stormy,149.8,35.85,1970-01-01 00:00:00.000000007,1970-01-01 00:00:00.000000024,no,delivered,4,856.55
3744.0,dhl,groceries,truck,standard,east,hot,255.8,11.29,1970-01-01 00:00:00.000000004,1970-01-01 00:00:00.000000024,no,delivered,4,1312.87
3765.0,dhl,cosmetics,scooter,standard,east,cold,145.4,2.06,1970-01-01 00:00:00.000000004,1970-01-01 00:00:00.000000024,no,delivered,4,733.18
3766.0,dhl,cosmetics,ev bike,same day,north,foggy,70.9,26.67,1970-01-01 00:00:00.000000006,1970-01-01 00:00:00.000000008,no,delivered,4,534.51
3770.0,dhl,electronics,scooter,express,central,stormy,205.5,41.71,1970-01-01 00:00:00.000000013,1970-01-01 00:00:00.000000006,yes,delayed,2,1202.63
3771.0,dhl,groceries,truck,two day,west,stormy,162.1,34.05,1970-01-01 00:00:00.000000011,1970-01-01 00:00:00.000000016,no,delivered,4,912.65
3775.0,dhl,groceries,truck,express,east,stormy,247.7,29.77,1970-01-01 00:00:00.000000012,1970-01-01 00:00:00.000000006,yes,delayed,2,1377.81
3814.0,dhl,documents,ev bike,express,south,rainy,290.4,2.9,1970-01-01 00:00:00.000000011,1970-01-01 00:00:00.000000007,yes,delayed,3,1510.7
3815.0,dhl,fragile items,bike,standard,west,stormy,209.0,10.36,1970-01-01 00:00:00.000000011,1970-01-01 00:00:00.000000024,no,delivered,5,1076.08
3827.0,dhl,automobile parts,scooter,two day,north,clear,13.7,29.61,1970-01-01 00:00:00.000000001,1970-01-01 00:00:00.000000016,no,delivered,4,157.33
3848.0,dhl,automobile parts,ev van,two day,central,stormy,88.0,34.15,1970-01-01 00:00:00.000000007,1970-01-01 00:00:00.000000016,no,delivered,4,542.45
3854.0,dhl,electronics,truck,same day,central,foggy,53.0,3.18,1970-01-01 00:00:00.000000004,1970-01-01 00:00:00.000000008,no,delivered,4,374.54
3857.0,dhl,fragile items,van,express,south,foggy,293.1,17.09,1970-01-01 00:00:00.000000008,1970-01-01 00:00:00.000000007,yes,delayed,3,1566.77
3860.0,dhl,cosmetics,ev van,standard,central,cold,270.6,20.35,1970-01-01 00:00:00.000000005,1970-01-01 00:00:00.000000024,no,delivered,3,1414.05
3886.0,dhl,clothing,scooter,same day,north,stormy,81.7,39.06,1970-01-01 00:00:00.000000007,1970-01-01 00:00:00.000000008,no,delivered,4,625.68
3893.0,dhl,pharmacy,ev bike,express,east,clear,122.6,2.36,1970-01-01 00:00:00.000000005,1970-01-01 00:00:00.000000004,yes,delayed,2,670.08
3924.0,dhl,pharmacy,van,standard,north,stormy,208.1,18.93,1970-01-01 00:00:00.000000013,1970-01-01 00:00:00.000000024,no,delivered,5,1097.29
3948.0,dhl,electronics,ev bike,express,west,clear,112.1,15.52,1970-01-01 00:00:00.000000002,1970-01-01 00:00:00.000000004,no,delivered,3,657.06
3951.0,dhl,electronics,ev bike,two day,east,rainy,238.3,28.7,1970-01-01 00:00:00.000000014,1970-01-01 00:00:00.000000016,no,delivered,4,1277.6
3964.0,dhl,cosmetics,scooter,two day,central,clear,236.1,13.09,1970-01-01 00:00:00.000000008,1970-01-01 00:00:00.000000016,no,delivered,4,1219.77
3986.0,dhl,fragile items,truck,standard,west,clear,203.1,16.8,1970-01-01 00:00:00.000000006,1970-01-01 00:00:00.000000024,no,delivered,5,1065.9
3989.0,dhl,fragile items,bike,express,north,foggy,32.5,32.76,1970-01-01 00:00:00.000000004,1970-01-01 00:00:00.000000002,yes,delayed,2,310.78
3996.0,dhl,documents,ev bike,standard,south,hot,127.3,39.14,1970-01-01 00:00:00.000000002,1970-01-01 00:00:00.000000024,no,delivered,4,753.92
4011.0,dhl,fragile items,ev bike,express,west,clear,243.1,31.49,1970-01-01 00:00:00.000000006,1970-01-01 00:00:00.000000006,no,delivered,4,1359.97
4028.0,dhl,pharmacy,ev bike,express,west,stormy,146.8,26.46,1970-01-01 00:00:00.000000007,1970-01-01 00:00:00.000000004,yes,delayed,2,863.38
4030.0,dhl,furniture,ev bike,standard,west,stormy,280.7,18.12,1970-01-01 00:00:00.000000012,1970-01-01 00:00:00.000000024,no,delivered,4,1457.86
4035.0,dhl,groceries,van,two day,east,rainy,191.3,35.2,1970-01-01 00:00:00.000000007,1970-01-01 00:00:00.000000016,no,delivered,4,1062.1
4040.0,dhl,pharmacy,truck,two day,east,stormy,56.4,28.49,1970-01-01 00:00:00.000000005,1970-01-01 00:00:00.000000016,no,delivered,3,367.47
4045.0,dhl,pharmacy,bike,standard,east,rainy,225.5,32.99,1970-01-01 00:00:00.000000008,1970-01-01 00:00:00.000000024,no,delivered,4,1226.47
4049.0,dhl,electronics,bike,same day,west,rainy,139.3,9.41,1970-01-01 00:00:00.000000007,1970-01-01 00:00:00.000000008,no,delivered,5,824.73
4052.0,dhl,pharmacy,ev van,same day,west,rainy,19.9,48.38,1970-01-01 00:00:00.000000001,1970-01-01 00:00:00.000000008,no,delivered,4,344.64
4056.0,dhl,fragile items,scooter,two day,central,cold,114.6,44.24,1970-01-01 00:00:00.000000004,1970-01-01 00:00:00.000000016,no,delivered,5,705.72
4066.0,dhl,pharmacy,truck,two day,east,cold,135.3,18.52,1970-01-01 00:00:00.000000003,1970-01-01 00:00:00.000000016,no,delivered,5,732.06
4068.0,dhl,documents,ev van,two day,east,cold,276.7,9.25,1970-01-01 00:00:00.000000009,1970-01-01 00:00:00.000000016,no,delivered,4,1411.25
4093.0,dhl,cosmetics,ev van,express,south,rainy,140.1,13.39,1970-01-01 00:00:00.000000009,1970-01-01 00:00:00.000000004,yes,delayed,2,790.67
4100.0,dhl,electronics,scooter,same day,south,cold,203.8,47.51,1970-01-01 00:00:00.000000005,1970-01-01 00:00:00.000000008,no,delivered,3,1261.53
4130.0,dhl,cosmetics,ev van,standard,central,clear,106.2,14.93,1970-01-01 00:00:00.000000004,1970-01-01 00:00:00.000000024,no,delivered,5,575.79
4147.0,dhl,clothing,ev van,two day,central,hot,249.4,13.76,1970-01-01 00:00:00.000000009,1970-01-01 00:00:00.000000016,no,delivered,4,1288.28
4150.0,dhl,furniture,ev van,express,south,hot,30.2,2.83,1970-01-01 00:00:00.000000001,1970-01-01 00:00:00.000000002,no,delivered,5,209.49
4161.0,dhl,fragile items,scooter,two day,west,hot,163.6,2.75,1970-01-01 00:00:00.000000005,1970-01-01 00:00:00.000000016,no,delivered,4,826.25
4162.0,dhl,cosmetics,scooter,same day,west,cold,102.0,36.05,1970-01-01 00:00:00.000000002,1970-01-01 00:00:00.000000008,no,delivered,5,718.15
4171.0,dhl,furniture,truck,express,east,rainy,29.1,16.56,1970-01-01 00:00:00.000000004,1970-01-01 00:00:00.000000002,yes,delayed,3,245.18
4174.0,dhl,cosmetics,ev van,same day,east,cold,297.1,1.83,1970-01-01 00:00:00.000000005,1970-01-01 00:00:00.000000008,no,delivered,4,1592.99
4175.0,dhl,clothing,ev bike,express,north,cold,34.2,24.67,1970-01-01 00:00:00.000000001,1970-01-01 00:00:00.000000002,no,delivered,4,295.01
4176.0,dhl,documents,bike,same day,south,foggy,193.7,44.05,1970-01-01 00:00:00.000000006,1970-01-01 00:00:00.000000008,no,delivered,4,1200.65
4182.0,dhl,automobile parts,ev bike,same day,east,hot,244.8,2.74,1970-01-01 00:00:00.000000007,1970-01-01 00:00:00.000000008,no,delivered,5,1332.22
4191.0,dhl,electronics,bike,express,north,clear,275.7,30.83,1970-01-01 00:00:00.000000008,1970-01-01 00:00:00.000000007,yes,delayed,2,1520.99
4192.0,dhl,pharmacy,ev van,standard,central,stormy,265.6,12.83,1970-01-01 00:00:00.000000012,1970-01-01 00:00:00.000000024,no,delivered,4,1366.49
4203.0,dhl,automobile parts,scooter,express,south,clear,28.9,20.18,1970-01-01 00:00:00.000000001,1970-01-01 00:00:00.000000002,no,delivered,5,255.04
4213.0,dhl,fragile items,bike,same day,central,clear,274.8,39.03,1970-01-01 00:00:00.000000008,1970-01-01 00:00:00.000000008,yes,delayed,2,1591.09
4218.0,dhl,cosmetics,ev van,express,north,stormy,17.3,31.44,1970-01-01 00:00:00.000000005,1970-01-01 00:00:00.000000002,yes,delayed,3,230.82
4229.0,dhl,groceries,ev bike,express,south,stormy,191.0,27.36,1970-01-01 00:00:00.000000012,1970-01-01 00:00:00.000000005,yes,delayed,3,1087.08
4241.0,dhl,clothing,scooter,same day,east,hot,229.1,32.0,1970-01-01 00:00:00.000000006,1970-01-01 00:00:00.000000008,no,delivered,5,1341.5
4245.0,dhl,electronics,ev van,two day,central,cold,245.8,45.83,1970-01-01 00:00:00.000000005,1970-01-01 00:00:00.000000016,no,delivered,5,1366.49
4250.0,dhl,automobile parts,scooter,two day,south,foggy,153.4,13.18,1970-01-01 00:00:00.000000006,1970-01-01 00:00:00.000000016,no,delivered,3,806.54
4251.0,dhl,clothing,bike,standard,east,clear,81.5,14.48,1970-01-01 00:00:00.000000002,1970-01-01 00:00:00.000000024,no,delivered,3,450.94
4252.0,dhl,clothing,van,same day,east,foggy,141.4,0.67,1970-01-01 00:00:00.000000008,1970-01-01 00:00:00.000000008,yes,failed,2,808.38
4254.0,dhl,cosmetics,ev bike,express,north,rainy,49.4,5.64,1970-01-01 00:00:00.000000005,1970-01-01 00:00:00.000000002,yes,failed,2,313.92
4255.0,dhl,fragile items,ev van,two day,south,cold,5.5,16.21,1970-01-01 00:00:00.000000002,1970-01-01 00:00:00.000000016,no,delivered,5,95.6674
4267.0,dhl,cosmetics,van,express,east,hot,77.5,45.65,1970-01-01 00:00:00.000000003,1970-01-01 00:00:00.000000003,no,delivered,5,574.45
4284.0,dhl,cosmetics,bike,standard,west,clear,159.7,3.5,1970-01-01 00:00:00.000000003,1970-01-01 00:00:00.000000024,no,delivered,4,809.0
4313.0,dhl,fragile items,ev bike,express,north,rainy,289.8,38.76,1970-01-01 00:00:00.000000006,1970-01-01 00:00:00.000000007,no,delivered,3,1615.28
4318.0,dhl,groceries,ev van,two day,east,hot,3.7,1.93,1970-01-01 00:00:00.000000001,1970-01-01 00:00:00.000000016,no,delivered,5,95.6674
4326.0,dhl,fragile items,bike,express,central,hot,204.7,37.65,1970-01-01 00:00:00.000000006,1970-01-01 00:00:00.000000006,no,delivered,5,1186.45
4328.0,dhl,furniture,ev bike,standard,west,stormy,38.5,10.91,1970-01-01 00:00:00.000000007,1970-01-01 00:00:00.000000024,no,delivered,5,225.23
4336.0,dhl,fragile items,ev van,standard,west,cold,208.7,48.11,1970-01-01 00:00:00.000000006,1970-01-01 00:00:00.000000024,no,delivered,3,1187.83
4342.0,dhl,furniture,ev bike,express,east,clear,282.1,48.85,1970-01-01 00:00:00.000000012,1970-01-01 00:00:00.000000007,yes,delayed,3,1607.05
4345.0,dhl,groceries,scooter,express,east,hot,99.1,14.68,1970-01-01 00:00:00.000000002,1970-01-01 00:00:00.000000003,no,delivered,4,589.54
4350.0,dhl,automobile parts,bike,two day,central,foggy,164.9,18.57,1970-01-01 00:00:00.000000008,1970-01-01 00:00:00.000000016,no,delivered,4,880.21
4354.0,dhl,pharmacy,bike,express,east,hot,188.0,32.93,1970-01-01 00:00:00.000000003,1970-01-01 00:00:00.000000005,no,delivered,4,1088.79
4383.0,dhl,furniture,ev van,express,north,clear,230.2,46.55,1970-01-01 00:00:00.000000009,1970-01-01 00:00:00.000000006,yes,delayed,3,1340.65
4385.0,dhl,cosmetics,ev bike,standard,west,clear,54.3,30.46,1970-01-01 00:00:00.000000003,1970-01-01 00:00:00.000000024,no,delivered,5,362.88
4389.0,dhl,fragile items,truck,same day,south,cold,196.5,36.34,1970-01-01 00:00:00.000000006,1970-01-01 00:00:00.000000008,no,delivered,5,1191.52
4401.0,dhl,cosmetics,bike,express,south,rainy,179.5,6.44,1970-01-01 00:00:00.000000008,1970-01-01 00:00:00.000000005,yes,delayed,2,966.82
4403.0,dhl,clothing,truck,express,central,cold,19.6,44.41,1970-01-01 00:00:00.000000001,1970-01-01 00:00:00.000000002,no,delivered,4,281.23
4413.0,dhl,fragile items,ev van,two day,central,rainy,98.0,28.56,1970-01-01 00:00:00.000000006,1970-01-01 00:00:00.000000016,no,delivered,5,575.68
4416.0,dhl,groceries,van,standard,west,stormy,116.4,3.66,1970-01-01 00:00:00.000000005,1970-01-01 00:00:00.000000024,no,delivered,4,592.98
4439.0,dhl,cosmetics,bike,standard,central,cold,165.9,0.88,1970-01-01 00:00:00.000000006,1970-01-01 00:00:00.000000024,no,delivered,5,832.14
4442.0,dhl,fragile items,bike,same day,south,stormy,105.9,4.83,1970-01-01 00:00:00.000000008,1970-01-01 00:00:00.000000008,yes,delayed,2,643.99
4446.0,dhl,cosmetics,truck,standard,east,foggy,72.7,16.08,1970-01-01 00:00:00.000000005,1970-01-01 00:00:00.000000024,no,delivered,5,411.74
4462.0,dhl,cosmetics,bike,two day,south,hot,5.6,12.69,1970-01-01 00:00:00.000000002,1970-01-01 00:00:00.000000016,no,delivered,4,95.6674
4471.0,dhl,documents,bike,standard,east,cold,210.4,12.12,1970-01-01 00:00:00.000000009,1970-01-01 00:00:00.000000024,no,delivered,3,1088.36
4478.0,dhl,groceries,truck,same day,west,stormy,90.6,12.01,1970-01-01 00:00:00.000000007,1970-01-01 00:00:00.000000008,no,delivered,5,589.03
4486.0,dhl,cosmetics,van,express,west,cold,64.7,20.31,1970-01-01 00:00:00.000000004,1970-01-01 00:00:00.000000003,yes,failed,2,434.43
4490.0,dhl,automobile parts,scooter,standard,north,clear,160.5,39.91,1970-01-01 00:00:00.000000005,1970-01-01 00:00:00.000000024,no,delivered,4,922.23
4498.0,dhl,automobile parts,bike,two day,west,hot,79.4,9.54,1970-01-01 00:00:00.000000003,1970-01-01 00:00:00.000000016,no,delivered,4,425.62
4500.0,dhl,automobile parts,ev bike,two day,central,rainy,112.2,36.88,1970-01-01 00:00:00.000000007,1970-01-01 00:00:00.000000016,no,delivered,5,671.64
4506.0,dhl,groceries,truck,express,west,hot,47.3,13.34,1970-01-01 00:00:00.000000002,1970-01-01 00:00:00.000000002,no,delivered,4,326.52
4517.0,dhl,pharmacy,ev bike,same day,north,cold,268.5,5.21,1970-01-01 00:00:00.000000007,1970-01-01 00:00:00.000000008,no,delivered,5,1458.13
4520.0,dhl,groceries,ev van,standard,south,foggy,129.6,14.08,1970-01-01 00:00:00.000000007,1970-01-01 00:00:00.000000024,no,delivered,5,690.24
4529.0,dhl,cosmetics,scooter,standard,central,stormy,88.3,6.44,1970-01-01 00:00:00.000000005,1970-01-01 00:00:00.000000024,no,delivered,4,460.82
4562.0,dhl,pharmacy,scooter,two day,central,rainy,189.5,32.85,1970-01-01 00:00:00.000000006,1970-01-01 00:00:00.000000016,no,delivered,5,1046.05
4566.0,dhl,pharmacy,van,two day,south,hot,290.9,11.73,1970-01-01 00:00:00.000000006,1970-01-01 00:00:00.000000016,no,delivered,3,1489.69
4610.0,dhl,pharmacy,bike,same day,north,rainy,263.8,32.75,1970-01-01 00:00:00.000000012,1970-01-01 00:00:00.000000008,yes,delayed,2,1517.25
4616.0,dhl,electronics,bike,two day,south,rainy,163.5,34.77,1970-01-01 00:00:00.000000011,1970-01-01 00:00:00.000000016,no,delivered,3,921.81
4625.0,dhl,pharmacy,van,same day,west,stormy,27.6,45.0,1970-01-01 00:00:00.000000005,1970-01-01 00:00:00.000000008,no,delivered,3,373.0
4626.0,dhl,fragile items,ev van,two day,north,clear,282.3,48.32,1970-01-01 00:00:00.000000007,1970-01-01 00:00:00.000000016,no,delivered,3,1556.46
4630.0,dhl,electronics,ev van,express,south,cold,271.9,28.73,1970-01-01 00:00:00.000000007,1970-01-01 00:00:00.000000007,no,delivered,4,1495.69
4646.0,dhl,groceries,ev bike,standard,west,rainy,291.7,37.12,1970-01-01 00:00:00.000000008,1970-01-01 00:00:00.000000024,no,delivered,5,1569.86
4651.0,dhl,groceries,ev bike,two day,south,cold,52.3,36.96,1970-01-01 00:00:00.000000001,1970-01-01 00:00:00.000000016,no,delivered,5,372.38
4659.0,dhl,electronics,ev van,standard,central,cold,289.7,24.07,1970-01-01 00:00:00.000000007,1970-01-01 00:00:00.000000024,no,delivered,4,1520.71
4664.0,dhl,pharmacy,truck,express,south,hot,164.0,14.75,1970-01-01 00:00:00.000000007,1970-01-01 00:00:00.000000005,yes,delayed,2,914.25
4670.0,dhl,automobile parts,ev van,two day,central,cold,63.2,23.39,1970-01-01 00:00:00.000000001,1970-01-01 00:00:00.000000016,no,delivered,5,386.17
4676.0,dhl,documents,truck,standard,east,rainy,6.9,40.42,1970-01-01 00:00:00.000000002,1970-01-01 00:00:00.000000024,no,delivered,5,155.76
4710.0,dhl,fragile items,ev bike,two day,south,cold,67.1,24.38,1970-01-01 00:00:00.000000001,1970-01-01 00:00:00.000000016,no,delivered,3,408.64
4719.0,dhl,pharmacy,scooter,standard,east,stormy,270.5,29.7,1970-01-01 00:00:00.000000007,1970-01-01 00:00:00.000000024,no,delivered,4,1441.6
4736.0,dhl,electronics,ev van,express,south,rainy,55.5,20.76,1970-01-01 00:00:00.000000007,1970-01-01 00:00:00.000000003,yes,delayed,3,389.78
4738.0,dhl,furniture,truck,express,south,cold,85.6,32.7,1970-01-01 00:00:00.000000003,1970-01-01 00:00:00.000000003,yes,delayed,2,576.1
4739.0,dhl,documents,ev bike,same day,west,clear,95.2,7.03,1970-01-01 00:00:00.000000004,1970-01-01 00:00:00.000000008,no,delivered,4,597.09
4743.0,dhl,pharmacy,scooter,two day,central,foggy,118.5,41.86,1970-01-01 00:00:00.000000008,1970-01-01 00:00:00.000000016,no,delivered,3,718.08
4750.0,dhl,groceries,ev van,standard,south,hot,226.5,39.45,1970-01-01 00:00:00.000000007,1970-01-01 00:00:00.000000024,no,delivered,3,1250.85
4765.0,dhl,pharmacy,van,express,east,stormy,60.8,49.11,1970-01-01 00:00:00.000000007,1970-01-01 00:00:00.000000003,yes,delayed,3,501.33
4777.0,dhl,furniture,scooter,two day,east,foggy,147.6,3.79,1970-01-01 00:00:00.000000007,1970-01-01 00:00:00.000000016,no,delivered,3,749.37
4783.0,dhl,furniture,bike,two day,west,foggy,164.1,34.84,1970-01-01 00:00:00.000000007,1970-01-01 00:00:00.000000016,no,delivered,3,925.02
4786.0,dhl,clothing,bike,standard,central,cold,267.1,39.85,1970-01-01 00:00:00.000000006,1970-01-01 00:00:00.000000024,no,delivered,5,1455.05
4795.0,dhl,electronics,ev bike,same day,central,hot,297.1,8.16,1970-01-01 00:00:00.000000007,1970-01-01 00:00:00.000000008,no,delivered,5,1617.48
4799.0,dhl,documents,ev bike,two day,west,hot,195.0,28.92,1970-01-01 00:00:00.000000008,1970-01-01 00:00:00.000000016,no,delivered,5,1061.76
4809.0,dhl,automobile parts,van,standard,west,clear,60.6,37.25,1970-01-01 00:00:00.000000001,1970-01-01 00:00:00.000000024,no,delivered,4,414.75
4826.0,dhl,pharmacy,ev van,express,east,hot,25.7,38.1,1970-01-01 00:00:00.000000001,1970-01-01 00:00:00.000000002,no,delivered,5,292.8
4831.0,dhl,automobile parts,ev van,two day,north,hot,254.8,45.44,1970-01-01 00:00:00.000000009,1970-01-01 00:00:00.000000016,no,delivered,5,1410.32
4833.0,dhl,cosmetics,ev van,same day,east,cold,79.7,36.7,1970-01-01 00:00:00.000000001,1970-01-01 00:00:00.000000008,no,delivered,5,608.6
4877.0,dhl,cosmetics,bike,same day,east,stormy,131.0,45.38,1970-01-01 00:00:00.000000009,1970-01-01 00:00:00.000000008,yes,delayed,2,891.14
4878.0,dhl,fragile items,truck,standard,south,foggy,103.3,18.26,1970-01-01 00:00:00.000000004,1970-01-01 00:00:00.000000024,no,delivered,5,571.28
4881.0,dhl,electronics,van,same day,central,foggy,261.0,21.29,1970-01-01 00:00:00.000000009,1970-01-01 00:00:00.000000008,yes,delayed,2,1468.87
4889.0,dhl,documents,van,two day,east,hot,279.5,28.98,1970-01-01 00:00:00.000000012,1970-01-01 00:00:00.000000016,no,delivered,4,1484.44
4896.0,dhl,furniture,scooter,same day,east,stormy,4.2,18.49,1970-01-01 00:00:00.000000007,1970-01-01 00:00:00.000000008,no,delivered,4,176.47
4901.0,dhl,clothing,ev van,standard,south,clear,98.3,40.61,1970-01-01 00:00:00.000000003,1970-01-01 00:00:00.000000024,no,delivered,4,613.33
4927.0,dhl,furniture,scooter,same day,west,clear,46.1,35.61,1970-01-01 00:00:00.000000003,1970-01-01 00:00:00.000000008,no,delivered,4,437.33
4935.0,dhl,clothing,truck,two day,central,hot,240.3,30.4,1970-01-01 00:00:00.000000006,1970-01-01 00:00:00.000000016,no,delivered,5,1292.7
4940.0,dhl,automobile parts,truck,express,west,clear,217.1,8.53,1970-01-01 00:00:00.000000009,1970-01-01 00:00:00.000000006,yes,delayed,3,1161.09
4947.0,dhl,fragile items,van,express,west,clear,205.7,46.21,1970-01-01 00:00:00.000000008,1970-01-01 00:00:00.000000006,yes,failed,1,1217.13
4950.0,dhl,electronics,van,two day,west,cold,71.3,4.45,1970-01-01 00:00:00.000000003,1970-01-01 00:00:00.000000016,no,delivered,4,369.85
4955.0,dhl,cosmetics,scooter,same day,north,clear,207.2,22.45,1970-01-01 00:00:00.000000007,1970-01-01 00:00:00.000000008,no,delivered,5,1203.35
4958.0,dhl,automobile parts,bike,two day,west,foggy,54.5,7.79,1970-01-01 00:00:00.000000005,1970-01-01 00:00:00.000000016,no,delivered,4,295.87
4961.0,dhl,documents,ev bike,express,south,clear,116.4,16.51,1970-01-01 00:00:00.000000003,1970-01-01 00:00:00.000000004,no,delivered,3,681.53
4968.0,dhl,pharmacy,bike,same day,north,stormy,292.4,23.87,1970-01-01 00:00:00.000000016,1970-01-01 00:00:00.000000008,yes,delayed,3,1632.7206
4972.0,dhl,fragile items,ev van,two day,east,hot,28.2,8.01,1970-01-01 00:00:00.000000003,1970-01-01 00:00:00.000000016,no,delivered,5,165.03
4984.0,dhl,clothing,scooter,express,central,clear,208.1,8.85,1970-01-01 00:00:00.000000007,1970-01-01 00:00:00.000000006,yes,delayed,2,1117.05
5024.0,dhl,documents,truck,same day,north,hot,208.6,18.25,1970-01-01 00:00:00.000000004,1970-01-01 00:00:00.000000008,no,delivered,4,1197.75
5033.0,dhl,fragile items,van,express,north,foggy,68.4,26.31,1970-01-01 00:00:00.000000004,1970-01-01 00:00:00.000000003,yes,delayed,3,470.93
5041.0,dhl,automobile parts,ev van,same day,east,clear,63.3,45.46,1970-01-01 00:00:00.000000001,1970-01-01 00:00:00.000000008,no,delivered,5,552.88
5043.0,dhl,electronics,scooter,standard,north,hot,127.6,36.13,1970-01-01 00:00:00.000000005,1970-01-01 00:00:00.000000024,no,delivered,4,746.39
5046.0,dhl,cosmetics,bike,express,west,cold,266.1,20.47,1970-01-01 00:00:00.000000012,1970-01-01 00:00:00.000000007,yes,delayed,3,1441.91
5051.0,dhl,groceries,ev van,express,west,rainy,3.6,37.89,1970-01-01 00:00:00.000000005,1970-01-01 00:00:00.000000002,yes,delayed,3,180.67
5076.0,dhl,electronics,truck,express,west,foggy,104.6,5.49,1970-01-01 00:00:00.000000006,1970-01-01 00:00:00.000000004,yes,failed,1,589.47
5084.0,dhl,fragile items,scooter,express,south,clear,8.2,1.34,1970-01-01 00:00:00.000000000,1970-01-01 00:00:00.000000002,no,delivered,5,95.6674
5086.0,dhl,electronics,truck,express,north,stormy,69.8,4.56,1970-01-01 00:00:00.000000005,1970-01-01 00:00:00.000000003,yes,delayed,2,412.68
5092.0,dhl,automobile parts,ev van,standard,central,rainy,30.2,3.36,1970-01-01 00:00:00.000000004,1970-01-01 00:00:00.000000024,no,delivered,4,161.08
5095.0,dhl,cosmetics,truck,standard,west,rainy,194.1,7.96,1970-01-01 00:00:00.000000006,1970-01-01 00:00:00.000000024,no,delivered,4,994.38
5132.0,dhl,pharmacy,truck,express,west,rainy,67.5,15.26,1970-01-01 00:00:00.000000007,1970-01-01 00:00:00.000000003,yes,delayed,2,433.28
5141.0,dhl,pharmacy,van,two day,west,stormy,272.7,44.29,1970-01-01 00:00:00.000000012,1970-01-01 00:00:00.000000016,no,delivered,5,1496.37
5149.0,dhl,clothing,ev bike,express,north,foggy,144.9,43.87,1970-01-01 00:00:00.000000006,1970-01-01 00:00:00.000000004,yes,delayed,3,906.11
5161.0,dhl,fragile items,bike,express,east,rainy,233.7,21.48,1970-01-01 00:00:00.000000014,1970-01-01 00:00:00.000000006,yes,failed,1,1282.94
5165.0,dhl,automobile parts,ev van,standard,north,cold,161.4,38.89,1970-01-01 00:00:00.000000004,1970-01-01 00:00:00.000000024,no,delivered,4,923.67
5169.0,dhl,pharmacy,ev van,express,north,clear,43.7,30.16,1970-01-01 00:00:00.000000002,1970-01-01 00:00:00.000000002,no,delivered,5,358.98
5174.0,dhl,clothing,bike,two day,south,rainy,22.7,4.98,1970-01-01 00:00:00.000000007,1970-01-01 00:00:00.000000016,no,delivered,4,128.44
5180.0,dhl,furniture,scooter,express,west,cold,266.9,48.05,1970-01-01 00:00:00.000000006,1970-01-01 00:00:00.000000007,no,delivered,5,1528.65
5195.0,dhl,automobile parts,ev van,two day,south,stormy,169.3,3.57,1970-01-01 00:00:00.000000011,1970-01-01 00:00:00.000000016,no,delivered,4,857.21
5196.0,dhl,pharmacy,ev van,express,central,stormy,223.7,4.82,1970-01-01 00:00:00.000000008,1970-01-01 00:00:00.000000006,yes,delayed,3,1182.96
5201.0,dhl,clothing,truck,two day,south,hot,107.4,26.38,1970-01-01 00:00:00.000000004,1970-01-01 00:00:00.000000016,no,delivered,4,616.14
5202.0,dhl,pharmacy,scooter,two day,east,stormy,191.2,42.08,1970-01-01 00:00:00.000000010,1970-01-01 00:00:00.000000016,no,delivered,3,1082.24
5220.0,dhl,fragile items,bike,same day,north,cold,51.3,1.77,1970-01-01 00:00:00.000000001,1970-01-01 00:00:00.000000008,no,delivered,5,361.81
5235.0,dhl,cosmetics,scooter,standard,west,foggy,297.1,5.67,1970-01-01 00:00:00.000000011,1970-01-01 00:00:00.000000024,no,delivered,5,1510.51
5241.0,dhl,documents,ev van,two day,south,hot,262.1,33.96,1970-01-01 00:00:00.000000008,1970-01-01 00:00:00.000000016,no,delivered,5,1412.38
5245.0,dhl,clothing,ev van,express,east,cold,39.5,12.27,1970-01-01 00:00:00.000000003,1970-01-01 00:00:00.000000002,yes,delayed,3,284.31
5252.0,dhl,pharmacy,ev bike,two day,south,stormy,82.6,4.26,1970-01-01 00:00:00.000000005,1970-01-01 00:00:00.000000016,no,delivered,5,425.78
5255.0,dhl,cosmetics,truck,two day,east,hot,280.8,12.39,1970-01-01 00:00:00.000000010,1970-01-01 00:00:00.000000016,no,delivered,5,1441.17
5256.0,dhl,clothing,ev bike,two day,west,cold,104.5,4.35,1970-01-01 00:00:00.000000006,1970-01-01 00:00:00.000000016,no,delivered,3,535.55
5272.0,dhl,pharmacy,ev van,standard,east,foggy,91.5,0.67,1970-01-01 00:00:00.000000005,1970-01-01 00:00:00.000000024,no,delivered,5,459.39
5279.0,dhl,groceries,ev van,standard,west,stormy,178.5,30.39,1970-01-01 00:00:00.000000010,1970-01-01 00:00:00.000000024,no,delivered,4,983.67
5293.0,dhl,clothing,scooter,standard,south,cold,223.8,39.14,1970-01-01 00:00:00.000000006,1970-01-01 00:00:00.000000024,no,delivered,5,1236.42
5304.0,dhl,automobile parts,ev van,same day,north,stormy,264.5,23.28,1970-01-01 00:00:00.000000014,1970-01-01 00:00:00.000000008,yes,delayed,3,1492.34
5307.0,dhl,automobile parts,scooter,two day,central,clear,277.6,12.91,1970-01-01 00:00:00.000000008,1970-01-01 00:00:00.000000016,no,delivered,5,1426.73
5314.0,dhl,documents,van,express,east,stormy,210.7,47.46,1970-01-01 00:00:00.000000009,1970-01-01 00:00:00.000000006,yes,delayed,3,1245.88
5315.0,dhl,automobile parts,scooter,same day,north,cold,248.6,4.17,1970-01-01 00:00:00.000000006,1970-01-01 00:00:00.000000008,no,delivered,4,1355.51
5324.0,dhl,documents,scooter,two day,central,rainy,200.9,41.12,1970-01-01 00:00:00.000000011,1970-01-01 00:00:00.000000016,no,delivered,4,1127.86
5326.0,dhl,cosmetics,ev van,express,east,cold,158.3,33.79,1970-01-01 00:00:00.000000005,1970-01-01 00:00:00.000000005,yes,delayed,3,942.87
5333.0,dhl,documents,ev bike,two day,north,rainy,288.9,27.2,1970-01-01 00:00:00.000000015,1970-01-01 00:00:00.000000016,no,delivered,5,1526.1
5339.0,dhl,documents,truck,same day,central,foggy,297.1,29.38,1970-01-01 00:00:00.000000009,1970-01-01 00:00:00.000000008,yes,delayed,3,1632.7206
5346.0,dhl,groceries,van,express,north,rainy,135.3,14.09,1970-01-01 00:00:00.000000009,1970-01-01 00:00:00.000000004,yes,delayed,2,768.77
5360.0,dhl,documents,scooter,two day,west,foggy,181.7,8.58,1970-01-01 00:00:00.000000007,1970-01-01 00:00:00.000000016,no,delivered,5,934.24
5373.0,dhl,groceries,truck,same day,west,clear,276.1,18.41,1970-01-01 00:00:00.000000007,1970-01-01 00:00:00.000000008,no,delivered,4,1535.73
5383.0,dhl,documents,ev bike,same day,central,cold,134.2,5.12,1970-01-01 00:00:00.000000004,1970-01-01 00:00:00.000000008,no,delivered,5,786.36
5384.0,dhl,documents,ev van,same day,central,clear,216.9,42.4,1970-01-01 00:00:00.000000008,1970-01-01 00:00:00.000000008,yes,delayed,3,1311.7
5398.0,dhl,clothing,ev van,standard,west,clear,47.0,40.66,1970-01-01 00:00:00.000000001,1970-01-01 00:00:00.000000024,no,delivered,4,356.98
5406.0,dhl,pharmacy,truck,standard,west,hot,281.7,23.35,1970-01-01 00:00:00.000000005,1970-01-01 00:00:00.000000024,no,delivered,4,1478.55
5417.0,dhl,furniture,truck,standard,south,clear,297.1,12.38,1970-01-01 00:00:00.000000008,1970-01-01 00:00:00.000000024,no,delivered,4,1528.64
5437.0,dhl,furniture,ev bike,two day,central,rainy,128.3,4.32,1970-01-01 00:00:00.000000007,1970-01-01 00:00:00.000000016,no,delivered,5,654.46
5439.0,dhl,pharmacy,ev bike,express,south,rainy,91.3,29.78,1970-01-01 00:00:00.000000006,1970-01-01 00:00:00.000000003,yes,delayed,2,595.84
5446.0,dhl,cosmetics,bike,two day,north,foggy,161.5,2.66,1970-01-01 00:00:00.000000007,1970-01-01 00:00:00.000000016,no,delivered,3,815.48
5448.0,dhl,furniture,bike,express,west,foggy,21.5,28.86,1970-01-01 00:00:00.000000003,1970-01-01 00:00:00.000000002,yes,failed,1,244.08
5449.0,dhl,groceries,ev van,same day,west,stormy,108.0,26.79,1970-01-01 00:00:00.000000010,1970-01-01 00:00:00.000000008,yes,delayed,2,720.37
5458.0,dhl,clothing,ev bike,same day,south,cold,10.0,44.29,1970-01-01 00:00:00.000000001,1970-01-01 00:00:00.000000008,no,delivered,3,282.87
5468.0,dhl,furniture,scooter,express,west,hot,138.3,26.06,1970-01-01 00:00:00.000000004,1970-01-01 00:00:00.000000004,no,delivered,3,819.68
5490.0,dhl,automobile parts,ev van,express,north,clear,224.9,18.86,1970-01-01 00:00:00.000000008,1970-01-01 00:00:00.000000006,yes,delayed,2,1231.08
5511.0,dhl,clothing,scooter,standard,east,hot,36.4,13.57,1970-01-01 00:00:00.000000001,1970-01-01 00:00:00.000000024,no,delivered,5,222.71
5521.0,dhl,documents,ev van,standard,south,cold,235.0,34.4,1970-01-01 00:00:00.000000006,1970-01-01 00:00:00.000000024,no,delivered,3,1278.2
5552.0,dhl,fragile items,ev van,two day,east,foggy,100.7,41.42,1970-01-01 00:00:00.000000007,1970-01-01 00:00:00.000000016,no,delivered,4,627.76
5568.0,dhl,fragile items,truck,express,east,cold,232.7,17.58,1970-01-01 00:00:00.000000005,1970-01-01 00:00:00.000000006,no,delivered,4,1266.24
5580.0,dhl,groceries,truck,express,west,hot,78.2,1.5,1970-01-01 00:00:00.000000002,1970-01-01 00:00:00.000000003,no,delivered,5,445.5
5596.0,dhl,clothing,bike,standard,central,cold,296.4,4.71,1970-01-01 00:00:00.000000008,1970-01-01 00:00:00.000000024,no,delivered,4,1496.13
5601.0,dhl,groceries,bike,same day,central,cold,158.5,24.35,1970-01-01 00:00:00.000000005,1970-01-01 00:00:00.000000008,no,delivered,5,965.55
5627.0,dhl,groceries,truck,two day,south,rainy,159.0,29.84,1970-01-01 00:00:00.000000005,1970-01-01 00:00:00.000000016,no,delivered,5,884.52
5629.0,dhl,documents,ev bike,express,east,clear,240.7,37.59,1970-01-01 00:00:00.000000004,1970-01-01 00:00:00.000000006,no,delivered,5,1366.27
5638.0,dhl,furniture,van,two day,central,rainy,234.6,34.44,1970-01-01 00:00:00.000000006,1970-01-01 00:00:00.000000016,no,delivered,4,1276.32
5671.0,dhl,automobile parts,van,same day,central,foggy,227.3,22.36,1970-01-01 00:00:00.000000011,1970-01-01 00:00:00.000000008,yes,delayed,2,1303.58
5678.0,dhl,automobile parts,van,two day,east,clear,159.9,22.88,1970-01-01 00:00:00.000000007,1970-01-01 00:00:00.000000016,no,delivered,3,868.14
5683.0,dhl,electronics,bike,two day,east,foggy,276.7,13.84,1970-01-01 00:00:00.000000008,1970-01-01 00:00:00.000000016,no,delivered,3,1425.02
5684.0,dhl,automobile parts,ev bike,express,central,clear,183.3,2.95,1970-01-01 00:00:00.000000003,1970-01-01 00:00:00.000000005,no,delivered,5,975.35
5686.0,dhl,furniture,truck,standard,north,cold,292.2,15.66,1970-01-01 00:00:00.000000006,1970-01-01 00:00:00.000000024,no,delivered,4,1507.98
5691.0,dhl,furniture,van,two day,south,foggy,291.2,11.08,1970-01-01 00:00:00.000000007,1970-01-01 00:00:00.000000016,no,delivered,4,1489.24
5700.0,dhl,documents,ev bike,two day,central,rainy,146.3,43.88,1970-01-01 00:00:00.000000007,1970-01-01 00:00:00.000000016,no,delivered,4,863.14
5702.0,dhl,clothing,scooter,same day,south,foggy,151.0,9.63,1970-01-01 00:00:00.000000004,1970-01-01 00:00:00.000000008,no,delivered,4,883.89
5704.0,dhl,pharmacy,ev van,express,south,clear,204.8,49.04,1970-01-01 00:00:00.000000006,1970-01-01 00:00:00.000000006,yes,delayed,2,1221.12
5707.0,dhl,clothing,truck,two day,west,clear,32.1,28.81,1970-01-01 00:00:00.000000001,1970-01-01 00:00:00.000000016,no,delivered,4,246.93
5716.0,dhl,documents,van,standard,south,rainy,4.6,10.16,1970-01-01 00:00:00.000000004,1970-01-01 00:00:00.000000024,no,delivered,4,95.6674
5722.0,dhl,fragile items,ev bike,express,west,foggy,106.5,2.41,1970-01-01 00:00:00.000000005,1970-01-01 00:00:00.000000004,yes,delayed,3,589.73
5729.0,dhl,electronics,ev bike,standard,north,foggy,103.1,28.06,1970-01-01 00:00:00.000000005,1970-01-01 00:00:00.000000024,no,delivered,5,599.68
5730.0,dhl,cosmetics,scooter,standard,north,hot,86.6,42.0,1970-01-01 00:00:00.000000003,1970-01-01 00:00:00.000000024,no,delivered,3,559.0
5734.0,dhl,fragile items,van,standard,west,stormy,62.8,17.93,1970-01-01 00:00:00.000000008,1970-01-01 00:00:00.000000024,no,delivered,3,367.79
5747.0,dhl,pharmacy,ev bike,standard,central,cold,262.9,19.76,1970-01-01 00:00:00.000000005,1970-01-01 00:00:00.000000024,no,delivered,3,1373.78
5756.0,dhl,electronics,ev van,same day,east,hot,189.2,47.34,1970-01-01 00:00:00.000000005,1970-01-01 00:00:00.000000008,no,delivered,3,1188.02
5773.0,dhl,electronics,ev bike,same day,west,cold,171.6,40.55,1970-01-01 00:00:00.000000006,1970-01-01 00:00:00.000000008,no,delivered,3,1079.65
5777.0,dhl,pharmacy,bike,same day,north,stormy,16.0,24.36,1970-01-01 00:00:00.000000006,1970-01-01 00:00:00.000000008,no,delivered,5,253.08
5793.0,dhl,electronics,truck,two day,south,foggy,237.1,39.01,1970-01-01 00:00:00.000000009,1970-01-01 00:00:00.000000016,no,delivered,5,1302.53
5795.0,dhl,documents,van,same day,north,hot,103.3,38.97,1970-01-01 00:00:00.000000005,1970-01-01 00:00:00.000000008,no,delivered,4,733.41
5800.0,dhl,documents,bike,same day,west,clear,231.2,0.67,1970-01-01 00:00:00.000000006,1970-01-01 00:00:00.000000008,no,delivered,5,1256.69
5802.0,dhl,documents,ev bike,standard,south,cold,210.5,5.24,1970-01-01 00:00:00.000000007,1970-01-01 00:00:00.000000024,no,delivered,5,1068.22
5803.0,dhl,clothing,truck,same day,north,clear,165.3,34.28,1970-01-01 00:00:00.000000007,1970-01-01 00:00:00.000000008,no,delivered,5,1029.34
5807.0,dhl,pharmacy,van,same day,central,clear,297.1,7.99,1970-01-01 00:00:00.000000007,1970-01-01 00:00:00.000000008,no,delivered,5,1623.47
5810.0,dhl,pharmacy,van,express,east,cold,69.4,47.68,1970-01-01 00:00:00.000000003,1970-01-01 00:00:00.000000003,yes,delayed,2,540.04
5817.0,dhl,clothing,scooter,express,south,foggy,206.7,21.08,1970-01-01 00:00:00.000000010,1970-01-01 00:00:00.000000006,yes,delayed,2,1146.74
5819.0,dhl,documents,ev bike,same day,east,stormy,27.8,25.5,1970-01-01 00:00:00.000000004,1970-01-01 00:00:00.000000008,no,delivered,3,315.5
5855.0,dhl,groceries,scooter,two day,west,rainy,46.6,30.63,1970-01-01 00:00:00.000000005,1970-01-01 00:00:00.000000016,no,delivered,5,324.89
5858.0,dhl,electronics,van,same day,central,cold,26.2,49.19,1970-01-01 00:00:00.000000000,1970-01-01 00:00:00.000000008,no,delivered,5,378.57
5859.0,dhl,electronics,scooter,same day,west,clear,16.0,10.34,1970-01-01 00:00:00.000000000,1970-01-01 00:00:00.000000008,no,delivered,3,211.02
5892.0,dhl,groceries,ev van,standard,south,foggy,108.6,20.67,1970-01-01 00:00:00.000000008,1970-01-01 00:00:00.000000024,no,delivered,4,605.01
5912.0,dhl,automobile parts,ev bike,standard,north,clear,264.2,26.41,1970-01-01 00:00:00.000000009,1970-01-01 00:00:00.000000024,no,delivered,5,1400.23
5933.0,dhl,pharmacy,van,express,north,rainy,110.0,47.93,1970-01-01 00:00:00.000000006,1970-01-01 00:00:00.000000004,yes,delayed,3,743.79
5951.0,dhl,groceries,ev bike,express,north,clear,70.5,5.64,1970-01-01 00:00:00.000000003,1970-01-01 00:00:00.000000003,yes,delayed,2,419.42
6011.0,dhl,automobile parts,van,two day,north,foggy,276.7,48.32,1970-01-01 00:00:00.000000008,1970-01-01 00:00:00.000000016,no,delivered,3,1528.46
6039.0,dhl,pharmacy,ev bike,standard,north,stormy,10.1,2.1,1970-01-01 00:00:00.000000005,1970-01-01 00:00:00.000000024,no,delivered,3,95.6674
6041.0,dhl,pharmacy,van,standard,east,clear,297.0,8.09,1970-01-01 00:00:00.000000006,1970-01-01 00:00:00.000000024,no,delivered,4,1509.27
6042.0,dhl,electronics,ev bike,two day,south,stormy,12.8,49.52,1970-01-01 00:00:00.000000005,1970-01-01 00:00:00.000000016,no,delivered,5,213.7
6043.0,dhl,pharmacy,bike,standard,north,rainy,57.8,15.13,1970-01-01 00:00:00.000000008,1970-01-01 00:00:00.000000024,no,delivered,4,334.39
6051.0,dhl,cosmetics,scooter,express,central,foggy,265.0,13.35,1970-01-01 00:00:00.000000010,1970-01-01 00:00:00.000000007,yes,failed,1,1415.05
6053.0,dhl,documents,ev bike,express,west,cold,162.7,20.57,1970-01-01 00:00:00.000000005,1970-01-01 00:00:00.000000005,yes,failed,1,925.21
6060.0,dhl,documents,ev van,standard,central,cold,135.6,45.04,1970-01-01 00:00:00.000000003,1970-01-01 00:00:00.000000024,no,delivered,5,813.12
6063.0,dhl,clothing,ev van,two day,central,stormy,76.1,44.63,1970-01-01 00:00:00.000000009,1970-01-01 00:00:00.000000016,no,delivered,3,514.39
6065.0,dhl,clothing,truck,same day,central,clear,286.4,9.32,1970-01-01 00:00:00.000000008,1970-01-01 00:00:00.000000008,yes,failed,1,1559.96
6067.0,dhl,automobile parts,ev bike,two day,central,clear,236.9,20.22,1970-01-01 00:00:00.000000006,1970-01-01 00:00:00.000000016,no,delivered,4,1245.16
6082.0,dhl,groceries,bike,same day,south,foggy,240.5,30.35,1970-01-01 00:00:00.000000008,1970-01-01 00:00:00.000000008,yes,failed,2,1393.55
6089.0,dhl,fragile items,bike,same day,north,clear,251.9,2.27,1970-01-01 00:00:00.000000010,1970-01-01 00:00:00.000000008,yes,delayed,2,1366.31
6124.0,dhl,automobile parts,truck,express,central,foggy,113.9,46.71,1970-01-01 00:00:00.000000006,1970-01-01 00:00:00.000000004,yes,failed,1,759.63
6130.0,dhl,pharmacy,ev van,express,south,foggy,20.8,18.03,1970-01-01 00:00:00.000000003,1970-01-01 00:00:00.000000002,yes,delayed,3,208.09
6134.0,dhl,cosmetics,scooter,two day,north,foggy,41.7,36.7,1970-01-01 00:00:00.000000004,1970-01-01 00:00:00.000000016,no,delivered,3,318.6
6154.0,dhl,automobile parts,truck,express,north,stormy,63.7,44.36,1970-01-01 00:00:00.000000008,1970-01-01 00:00:00.000000003,yes,failed,1,501.58
6181.0,dhl,electronics,bike,express,south,stormy,80.5,17.99,1970-01-01 00:00:00.000000007,1970-01-01 00:00:00.000000003,yes,delayed,2,506.47
6187.0,dhl,documents,van,express,central,hot,243.2,39.09,1970-01-01 00:00:00.000000006,1970-01-01 00:00:00.000000006,no,delivered,4,1383.27
6196.0,dhl,groceries,scooter,two day,north,hot,110.9,26.31,1970-01-01 00:00:00.000000003,1970-01-01 00:00:00.000000016,no,delivered,5,633.43
6217.0,dhl,automobile parts,truck,same day,west,cold,262.3,26.32,1970-01-01 00:00:00.000000009,1970-01-01 00:00:00.000000008,yes,failed,2,1490.46
6225.0,dhl,clothing,bike,standard,east,clear,117.4,36.99,1970-01-01 00:00:00.000000003,1970-01-01 00:00:00.000000024,no,delivered,3,697.97
6262.0,dhl,pharmacy,truck,two day,west,clear,108.9,3.14,1970-01-01 00:00:00.000000004,1970-01-01 00:00:00.000000016,no,delivered,5,553.92
6280.0,dhl,groceries,ev bike,two day,north,cold,17.7,46.78,1970-01-01 00:00:00.000000003,1970-01-01 00:00:00.000000016,no,delivered,4,228.84
6291.0,dhl,clothing,scooter,express,central,cold,223.0,32.41,1970-01-01 00:00:00.000000007,1970-01-01 00:00:00.000000006,yes,delayed,2,1262.23
6301.0,dhl,cosmetics,ev bike,express,south,hot,43.1,13.26,1970-01-01 00:00:00.000000003,1970-01-01 00:00:00.000000002,yes,failed,1,305.28
6306.0,dhl,fragile items,ev van,same day,east,cold,15.9,24.49,1970-01-01 00:00:00.000000001,1970-01-01 00:00:00.000000008,no,delivered,5,252.97
6309.0,dhl,automobile parts,scooter,two day,south,cold,247.7,19.77,1970-01-01 00:00:00.000000006,1970-01-01 00:00:00.000000016,no,delivered,4,1297.81
6351.0,dhl,clothing,ev bike,standard,central,cold,208.9,21.01,1970-01-01 00:00:00.000000006,1970-01-01 00:00:00.000000024,no,delivered,4,1107.53
6356.0,dhl,electronics,truck,two day,south,clear,270.4,33.84,1970-01-01 00:00:00.000000008,1970-01-01 00:00:00.000000016,no,delivered,4,1453.52
6392.0,dhl,cosmetics,bike,same day,south,stormy,82.2,44.54,1970-01-01 00:00:00.000000009,1970-01-01 00:00:00.000000008,yes,delayed,3,644.62
6412.0,dhl,electronics,van,two day,north,cold,290.2,14.11,1970-01-01 00:00:00.000000007,1970-01-01 00:00:00.000000016,no,delivered,4,1493.33
6422.0,dhl,automobile parts,scooter,express,east,rainy,187.2,49.35,1970-01-01 00:00:00.000000012,1970-01-01 00:00:00.000000005,yes,delayed,2,1134.05
6434.0,dhl,electronics,ev van,express,central,rainy,241.8,36.91,1970-01-01 00:00:00.000000009,1970-01-01 00:00:00.000000006,yes,failed,1,1369.73
6459.0,dhl,clothing,ev van,express,north,cold,60.1,1.53,1970-01-01 00:00:00.000000003,1970-01-01 00:00:00.000000003,yes,delayed,3,355.09
6462.0,dhl,groceries,truck,express,central,cold,55.7,19.32,1970-01-01 00:00:00.000000002,1970-01-01 00:00:00.000000003,no,delivered,4,386.46
6467.0,dhl,furniture,scooter,two day,central,foggy,231.0,1.24,1970-01-01 00:00:00.000000006,1970-01-01 00:00:00.000000016,no,delivered,5,1158.72
6478.0,dhl,clothing,ev van,same day,east,cold,99.3,8.11,1970-01-01 00:00:00.000000003,1970-01-01 00:00:00.000000008,no,delivered,5,620.83
6494.0,dhl,furniture,ev bike,standard,west,cold,261.2,45.85,1970-01-01 00:00:00.000000006,1970-01-01 00:00:00.000000024,no,delivered,5,1443.55
6505.0,dhl,clothing,van,same day,west,clear,179.1,17.44,1970-01-01 00:00:00.000000005,1970-01-01 00:00:00.000000008,no,delivered,3,1047.82
6530.0,dhl,groceries,bike,same day,central,stormy,188.4,17.24,1970-01-01 00:00:00.000000008,1970-01-01 00:00:00.000000008,yes,delayed,2,1093.72
6537.0,dhl,automobile parts,van,standard,east,rainy,12.4,37.3,1970-01-01 00:00:00.000000003,1970-01-01 00:00:00.000000024,no,delivered,5,173.9
6555.0,dhl,documents,truck,standard,west,rainy,135.7,17.78,1970-01-01 00:00:00.000000009,1970-01-01 00:00:00.000000024,no,delivered,3,731.84
6576.0,dhl,documents,truck,standard,north,clear,104.4,7.73,1970-01-01 00:00:00.000000005,1970-01-01 00:00:00.000000024,no,delivered,5,545.19
6580.0,dhl,fragile items,ev van,two day,west,stormy,90.1,4.29,1970-01-01 00:00:00.000000007,1970-01-01 00:00:00.000000016,no,delivered,4,463.37
6582.0,dhl,cosmetics,bike,same day,north,rainy,248.5,28.02,1970-01-01 00:00:00.000000007,1970-01-01 00:00:00.000000008,no,delivered,4,1426.56
6593.0,dhl,furniture,ev van,two day,central,clear,238.7,25.33,1970-01-01 00:00:00.000000005,1970-01-01 00:00:00.000000016,no,delivered,5,1269.49
6611.0,dhl,fragile items,truck,standard,south,foggy,216.4,40.68,1970-01-01 00:00:00.000000008,1970-01-01 00:00:00.000000024,no,delivered,5,1204.04
6629.0,dhl,automobile parts,ev van,express,central,foggy,41.4,22.81,1970-01-01 00:00:00.000000003,1970-01-01 00:00:00.000000002,yes,failed,2,325.43
6644.0,dhl,documents,scooter,same day,west,foggy,260.3,38.87,1970-01-01 00:00:00.000000010,1970-01-01 00:00:00.000000008,yes,delayed,3,1518.11
6654.0,dhl,groceries,ev van,standard,central,stormy,223.8,25.65,1970-01-01 00:00:00.000000008,1970-01-01 00:00:00.000000024,no,delivered,4,1195.95
6670.0,dhl,electronics,ev bike,standard,north,foggy,134.7,28.16,1970-01-01 00:00:00.000000004,1970-01-01 00:00:00.000000024,no,delivered,3,757.98
6672.0,dhl,cosmetics,truck,two day,north,rainy,297.1,21.36,1970-01-01 00:00:00.000000017,1970-01-01 00:00:00.000000016,yes,delayed,3,1562.08
6673.0,dhl,clothing,truck,same day,central,foggy,182.9,2.13,1970-01-01 00:00:00.000000006,1970-01-01 00:00:00.000000008,no,delivered,5,1020.89
6682.0,dhl,furniture,ev bike,same day,central,cold,226.5,37.3,1970-01-01 00:00:00.000000008,1970-01-01 00:00:00.000000008,yes,delayed,3,1344.4
6685.0,dhl,electronics,scooter,same day,west,rainy,131.8,40.98,1970-01-01 00:00:00.000000009,1970-01-01 00:00:00.000000008,yes,delayed,2,881.94
6700.0,dhl,automobile parts,van,same day,west,foggy,217.0,48.75,1970-01-01 00:00:00.000000007,1970-01-01 00:00:00.000000008,no,delivered,4,1331.25
6712.0,dhl,automobile parts,van,two day,south,hot,278.9,41.87,1970-01-01 00:00:00.000000004,1970-01-01 00:00:00.000000016,no,delivered,3,1520.11
6724.0,dhl,fragile items,van,same day,west,rainy,24.4,45.48,1970-01-01 00:00:00.000000005,1970-01-01 00:00:00.000000008,no,delivered,5,358.44
6737.0,dhl,cosmetics,bike,express,west,clear,139.1,42.74,1970-01-01 00:00:00.000000004,1970-01-01 00:00:00.000000004,no,delivered,5,873.72
6739.0,dhl,electronics,scooter,two day,north,cold,175.1,10.47,1970-01-01 00:00:00.000000005,1970-01-01 00:00:00.000000016,no,delivered,4,906.91
6740.0,dhl,automobile parts,scooter,same day,north,hot,228.9,15.51,1970-01-01 00:00:00.000000006,1970-01-01 00:00:00.000000008,no,delivered,5,1291.03
6749.0,dhl,fragile items,ev bike,same day,central,foggy,135.3,33.72,1970-01-01 00:00:00.000000005,1970-01-01 00:00:00.000000008,no,delivered,4,877.66
6752.0,dhl,pharmacy,scooter,same day,south,clear,62.6,30.55,1970-01-01 00:00:00.000000004,1970-01-01 00:00:00.000000008,no,delivered,4,504.65
6778.0,dhl,automobile parts,ev bike,two day,north,clear,26.9,2.48,1970-01-01 00:00:00.000000001,1970-01-01 00:00:00.000000016,no,delivered,4,141.94
6783.0,dhl,fragile items,truck,two day,east,rainy,297.0,12.85,1970-01-01 00:00:00.000000010,1970-01-01 00:00:00.000000016,no,delivered,5,1523.55
6805.0,dhl,cosmetics,ev bike,same day,central,rainy,145.3,31.37,1970-01-01 00:00:00.000000006,1970-01-01 00:00:00.000000008,no,delivered,4,920.61
6813.0,dhl,fragile items,scooter,same day,east,hot,56.1,33.92,1970-01-01 00:00:00.000000001,1970-01-01 00:00:00.000000008,no,delivered,4,482.26
6815.0,dhl,electronics,truck,standard,east,foggy,155.7,29.45,1970-01-01 00:00:00.000000008,1970-01-01 00:00:00.000000024,no,delivered,5,866.85
6833.0,dhl,documents,ev van,same day,north,rainy,62.2,31.97,1970-01-01 00:00:00.000000006,1970-01-01 00:00:00.000000008,no,delivered,5,506.91
6844.0,dhl,cosmetics,scooter,express,west,hot,295.3,33.61,1970-01-01 00:00:00.000000007,1970-01-01 00:00:00.000000007,no,delivered,3,1627.33
6848.0,dhl,pharmacy,truck,same day,west,cold,80.3,22.14,1970-01-01 00:00:00.000000002,1970-01-01 00:00:00.000000008,no,delivered,5,567.92
6849.0,dhl,pharmacy,ev bike,standard,south,hot,232.3,22.69,1970-01-01 00:00:00.000000006,1970-01-01 00:00:00.000000024,no,delivered,5,1229.57
6851.0,dhl,groceries,ev bike,express,east,rainy,167.4,11.15,1970-01-01 00:00:00.000000011,1970-01-01 00:00:00.000000005,yes,failed,1,920.45
6859.0,dhl,groceries,ev bike,express,north,rainy,190.7,10.14,1970-01-01 00:00:00.000000011,1970-01-01 00:00:00.000000005,yes,failed,1,1033.92
6875.0,dhl,clothing,ev bike,same day,south,stormy,242.8,26.87,1970-01-01 00:00:00.000000014,1970-01-01 00:00:00.000000008,yes,failed,1,1394.61
6877.0,dhl,fragile items,ev bike,express,south,cold,162.5,36.49,1970-01-01 00:00:00.000000004,1970-01-01 00:00:00.000000005,no,delivered,4,971.97
6888.0,dhl,cosmetics,ev van,two day,south,rainy,294.8,16.49,1970-01-01 00:00:00.000000011,1970-01-01 00:00:00.000000016,no,delivered,3,1523.47
6892.0,dhl,clothing,ev bike,same day,west,hot,151.1,39.44,1970-01-01 00:00:00.000000005,1970-01-01 00:00:00.000000008,no,delivered,3,973.82
6925.0,dhl,pharmacy,ev van,express,east,hot,180.3,25.22,1970-01-01 00:00:00.000000005,1970-01-01 00:00:00.000000005,yes,delayed,3,1027.16
6927.0,dhl,pharmacy,scooter,two day,south,cold,96.6,26.52,1970-01-01 00:00:00.000000004,1970-01-01 00:00:00.000000016,no,delivered,4,562.56
6935.0,dhl,fragile items,van,two day,west,stormy,250.5,8.33,1970-01-01 00:00:00.000000009,1970-01-01 00:00:00.000000016,no,delivered,5,1277.49
6942.0,dhl,documents,scooter,express,north,foggy,113.5,39.0,1970-01-01 00:00:00.000000005,1970-01-01 00:00:00.000000004,yes,delayed,3,734.5
6948.0,dhl,furniture,bike,same day,central,stormy,201.9,17.68,1970-01-01 00:00:00.000000011,1970-01-01 00:00:00.000000008,yes,failed,1,1162.54
6949.0,dhl,furniture,truck,same day,north,clear,124.2,10.27,1970-01-01 00:00:00.000000004,1970-01-01 00:00:00.000000008,no,delivered,5,751.81
6952.0,dhl,pharmacy,van,two day,north,rainy,206.3,42.52,1970-01-01 00:00:00.000000009,1970-01-01 00:00:00.000000016,no,delivered,5,1159.06
6955.0,dhl,electronics,bike,express,central,stormy,51.4,49.52,1970-01-01 00:00:00.000000005,1970-01-01 00:00:00.000000003,yes,delayed,3,455.98
6962.0,dhl,electronics,scooter,standard,north,hot,56.0,32.94,1970-01-01 00:00:00.000000004,1970-01-01 00:00:00.000000024,no,delivered,4,378.82
6963.0,dhl,automobile parts,truck,standard,central,hot,238.8,23.2,1970-01-01 00:00:00.000000006,1970-01-01 00:00:00.000000024,no,delivered,5,1263.6
6989.0,dhl,pharmacy,van,express,west,rainy,279.3,26.95,1970-01-01 00:00:00.000000015,1970-01-01 00:00:00.000000007,yes,delayed,2,1527.35
6997.0,dhl,documents,scooter,express,central,clear,36.2,13.42,1970-01-01 00:00:00.000000003,1970-01-01 00:00:00.000000002,yes,failed,1,271.26
6998.0,dhl,cosmetics,bike,two day,central,hot,128.4,31.19,1970-01-01 00:00:00.000000005,1970-01-01 00:00:00.000000016,no,delivered,4,735.57
6999.0,dhl,furniture,bike,express,central,cold,269.1,18.36,1970-01-01 00:00:00.000000006,1970-01-01 00:00:00.000000007,no,delivered,4,1450.58
7002.0,dhl,pharmacy,bike,two day,west,stormy,110.7,1.2,1970-01-01 00:00:00.000000009,1970-01-01 00:00:00.000000016,no,delivered,5,557.1
7005.0,dhl,cosmetics,ev van,standard,west,foggy,73.1,16.4,1970-01-01 00:00:00.000000006,1970-01-01 00:00:00.000000024,no,delivered,5,414.7
7015.0,dhl,furniture,ev van,express,north,rainy,221.8,13.01,1970-01-01 00:00:00.000000009,1970-01-01 00:00:00.000000006,yes,delayed,3,1198.03
7048.0,dhl,pharmacy,van,same day,east,cold,90.4,10.3,1970-01-01 00:00:00.000000003,1970-01-01 00:00:00.000000008,no,delivered,5,582.9
7052.0,dhl,automobile parts,ev bike,standard,west,hot,36.5,6.82,1970-01-01 00:00:00.000000003,1970-01-01 00:00:00.000000024,no,delivered,4,202.96
7057.0,dhl,cosmetics,bike,standard,west,rainy,260.7,14.45,1970-01-01 00:00:00.000000012,1970-01-01 00:00:00.000000024,no,delivered,4,1346.85
7081.0,dhl,electronics,ev bike,two day,central,cold,167.2,33.77,1970-01-01 00:00:00.000000007,1970-01-01 00:00:00.000000016,no,delivered,4,937.31
7093.0,dhl,automobile parts,truck,two day,east,cold,190.3,42.74,1970-01-01 00:00:00.000000007,1970-01-01 00:00:00.000000016,no,delivered,4,1079.72
7106.0,dhl,automobile parts,ev bike,two day,south,clear,81.2,13.17,1970-01-01 00:00:00.000000003,1970-01-01 00:00:00.000000016,no,delivered,4,445.51
7119.0,dhl,fragile items,van,two day,west,foggy,24.1,26.35,1970-01-01 00:00:00.000000006,1970-01-01 00:00:00.000000016,no,delivered,5,199.55
7152.0,dhl,furniture,ev bike,express,west,rainy,27.1,12.25,1970-01-01 00:00:00.000000004,1970-01-01 00:00:00.000000002,yes,delayed,2,222.25
7155.0,dhl,fragile items,ev van,express,south,clear,35.0,36.97,1970-01-01 00:00:00.000000001,1970-01-01 00:00:00.000000002,no,delivered,4,335.91
7166.0,dhl,cosmetics,scooter,standard,west,cold,151.6,6.56,1970-01-01 00:00:00.000000005,1970-01-01 00:00:00.000000024,no,delivered,4,777.68
7169.0,dhl,documents,van,standard,north,foggy,171.5,33.09,1970-01-01 00:00:00.000000005,1970-01-01 00:00:00.000000024,no,delivered,4,956.77
7174.0,dhl,documents,ev bike,standard,central,cold,281.9,19.29,1970-01-01 00:00:00.000000006,1970-01-01 00:00:00.000000024,no,delivered,3,1467.37
7179.0,dhl,electronics,ev van,standard,south,hot,137.3,35.2,1970-01-01 00:00:00.000000004,1970-01-01 00:00:00.000000024,no,delivered,4,792.1
7200.0,dhl,automobile parts,van,same day,south,clear,167.8,5.65,1970-01-01 00:00:00.000000003,1970-01-01 00:00:00.000000008,no,delivered,4,955.95
7209.0,dhl,furniture,truck,standard,east,stormy,229.9,45.35,1970-01-01 00:00:00.000000015,1970-01-01 00:00:00.000000024,no,delivered,4,1285.55
7221.0,dhl,pharmacy,truck,same day,east,cold,267.4,38.23,1970-01-01 00:00:00.000000011,1970-01-01 00:00:00.000000008,yes,failed,1,1551.69
7223.0,dhl,clothing,scooter,same day,west,hot,70.6,15.42,1970-01-01 00:00:00.000000001,1970-01-01 00:00:00.000000008,no,delivered,4,499.26
7233.0,dhl,electronics,ev van,express,east,clear,206.4,43.08,1970-01-01 00:00:00.000000009,1970-01-01 00:00:00.000000006,yes,failed,1,1211.24
7234.0,dhl,clothing,scooter,express,west,stormy,51.9,21.6,1970-01-01 00:00:00.000000008,1970-01-01 00:00:00.000000003,yes,delayed,3,374.3
7235.0,dhl,electronics,van,same day,east,rainy,294.5,41.93,1970-01-01 00:00:00.000000014,1970-01-01 00:00:00.000000008,yes,delayed,3,1632.7206
7249.0,dhl,clothing,van,two day,west,foggy,69.9,25.25,1970-01-01 00:00:00.000000003,1970-01-01 00:00:00.000000016,no,delivered,5,425.25
7251.0,dhl,fragile items,ev van,two day,north,stormy,287.7,4.38,1970-01-01 00:00:00.000000012,1970-01-01 00:00:00.000000016,no,delivered,3,1451.64
7268.0,dhl,clothing,ev bike,express,west,clear,258.1,38.55,1970-01-01 00:00:00.000000010,1970-01-01 00:00:00.000000007,yes,failed,1,1456.15
7289.0,dhl,fragile items,bike,express,south,clear,61.1,35.31,1970-01-01 00:00:00.000000002,1970-01-01 00:00:00.000000003,no,delivered,5,461.43
7294.0,dhl,electronics,truck,standard,east,foggy,227.2,8.05,1970-01-01 00:00:00.000000011,1970-01-01 00:00:00.000000024,no,delivered,5,1160.15
7296.0,dhl,clothing,van,two day,central,stormy,141.9,28.74,1970-01-01 00:00:00.000000007,1970-01-01 00:00:00.000000016,no,delivered,4,795.72
7299.0,dhl,pharmacy,van,same day,south,rainy,98.0,9.32,1970-01-01 00:00:00.000000005,1970-01-01 00:00:00.000000008,no,delivered,4,617.96
7316.0,dhl,fragile items,truck,express,east,rainy,134.5,13.45,1970-01-01 00:00:00.000000008,1970-01-01 00:00:00.000000004,yes,delayed,3,762.85
7329.0,dhl,pharmacy,ev van,standard,central,foggy,241.9,31.91,1970-01-01 00:00:00.000000010,1970-01-01 00:00:00.000000024,no,delivered,4,1305.23
7332.0,dhl,electronics,truck,same day,central,foggy,6.5,41.57,1970-01-01 00:00:00.000000005,1970-01-01 00:00:00.000000008,no,delivered,4,257.21
7333.0,dhl,groceries,truck,same day,central,clear,224.0,1.43,1970-01-01 00:00:00.000000007,1970-01-01 00:00:00.000000008,no,delivered,3,1224.29
7335.0,dhl,cosmetics,truck,two day,east,stormy,144.7,43.66,1970-01-01 00:00:00.000000010,1970-01-01 00:00:00.000000016,no,delivered,5,854.48
7338.0,dhl,documents,scooter,same day,central,rainy,92.2,0.99,1970-01-01 00:00:00.000000006,1970-01-01 00:00:00.000000008,no,delivered,3,563.97
7342.0,dhl,fragile items,bike,two day,central,rainy,283.4,14.75,1970-01-01 00:00:00.000000011,1970-01-01 00:00:00.000000016,no,delivered,4,1461.25
7348.0,dhl,electronics,ev van,standard,south,rainy,39.3,25.53,1970-01-01 00:00:00.000000006,1970-01-01 00:00:00.000000024,no,delivered,5,273.09
7353.0,dhl,electronics,ev bike,two day,north,hot,9.3,2.85,1970-01-01 00:00:00.000000002,1970-01-01 00:00:00.000000016,no,delivered,5,95.6674
7366.0,dhl,furniture,bike,two day,west,stormy,5.1,30.65,1970-01-01 00:00:00.000000003,1970-01-01 00:00:00.000000016,no,delivered,4,117.45
7374.0,dhl,pharmacy,van,express,east,clear,125.3,36.57,1970-01-01 00:00:00.000000004,1970-01-01 00:00:00.000000004,no,delivered,5,786.21
7375.0,dhl,pharmacy,bike,two day,east,foggy,133.6,6.17,1970-01-01 00:00:00.000000005,1970-01-01 00:00:00.000000016,no,delivered,5,686.51
7379.0,dhl,furniture,bike,same day,east,clear,215.6,21.81,1970-01-01 00:00:00.000000008,1970-01-01 00:00:00.000000008,yes,delayed,3,1243.43
7380.0,dhl,clothing,ev bike,standard,central,foggy,234.7,13.67,1970-01-01 00:00:00.000000012,1970-01-01 00:00:00.000000024,no,delivered,5,1214.51
7392.0,dhl,pharmacy,ev bike,standard,east,cold,4.1,41.33,1970-01-01 00:00:00.000000000,1970-01-01 00:00:00.000000024,no,delivered,4,144.49
7400.0,dhl,documents,bike,standard,south,foggy,111.7,38.72,1970-01-01 00:00:00.000000005,1970-01-01 00:00:00.000000024,no,delivered,5,674.66
7405.0,dhl,pharmacy,truck,two day,north,clear,234.0,1.58,1970-01-01 00:00:00.000000007,1970-01-01 00:00:00.000000016,no,delivered,4,1174.74
7418.0,dhl,pharmacy,scooter,standard,west,rainy,90.9,0.67,1970-01-01 00:00:00.000000008,1970-01-01 00:00:00.000000024,no,delivered,4,455.79
7433.0,dhl,fragile items,ev bike,two day,east,foggy,167.4,22.38,1970-01-01 00:00:00.000000007,1970-01-01 00:00:00.000000016,no,delivered,5,904.14
7435.0,dhl,fragile items,truck,same day,east,cold,158.0,48.68,1970-01-01 00:00:00.000000006,1970-01-01 00:00:00.000000008,no,delivered,5,1036.04
7448.0,dhl,fragile items,ev van,standard,south,stormy,98.6,30.05,1970-01-01 00:00:00.000000008,1970-01-01 00:00:00.000000024,no,delivered,5,583.15
7480.0,dhl,automobile parts,bike,express,west,rainy,253.8,30.04,1970-01-01 00:00:00.000000008,1970-01-01 00:00:00.000000007,yes,delayed,2,1409.12
7511.0,dhl,furniture,truck,express,central,cold,85.6,42.03,1970-01-01 00:00:00.000000001,1970-01-01 00:00:00.000000003,no,delivered,3,604.09
7512.0,dhl,clothing,truck,two day,south,clear,107.9,11.09,1970-01-01 00:00:00.000000003,1970-01-01 00:00:00.000000016,no,delivered,5,572.77
7525.0,dhl,fragile items,van,standard,south,rainy,291.8,3.79,1970-01-01 00:00:00.000000009,1970-01-01 00:00:00.000000024,no,delivered,4,1470.37
7531.0,dhl,automobile parts,ev van,express,south,hot,282.6,5.32,1970-01-01 00:00:00.000000006,1970-01-01 00:00:00.000000007,no,delivered,4,1478.96
7536.0,dhl,clothing,bike,same day,east,clear,10.1,4.81,1970-01-01 00:00:00.000000000,1970-01-01 00:00:00.000000008,no,delivered,4,164.93
7543.0,dhl,clothing,ev van,two day,central,clear,252.4,36.51,1970-01-01 00:00:00.000000007,1970-01-01 00:00:00.000000016,no,delivered,4,1371.53
7545.0,dhl,electronics,bike,two day,west,cold,180.0,40.71,1970-01-01 00:00:00.000000006,1970-01-01 00:00:00.000000016,no,delivered,3,1022.13
7551.0,dhl,groceries,ev bike,two day,central,stormy,103.7,35.45,1970-01-01 00:00:00.000000008,1970-01-01 00:00:00.000000016,no,delivered,5,624.85
7567.0,dhl,fragile items,scooter,two day,west,clear,154.6,17.69,1970-01-01 00:00:00.000000004,1970-01-01 00:00:00.000000016,no,delivered,5,826.07
7569.0,dhl,cosmetics,ev bike,two day,south,rainy,293.0,40.74,1970-01-01 00:00:00.000000008,1970-01-01 00:00:00.000000016,no,delivered,5,1587.22
7578.0,dhl,electronics,van,two day,east,clear,224.8,4.01,1970-01-01 00:00:00.000000007,1970-01-01 00:00:00.000000016,no,delivered,4,1136.03
7598.0,dhl,documents,van,same day,central,clear,213.6,30.89,1970-01-01 00:00:00.000000009,1970-01-01 00:00:00.000000008,yes,failed,1,1260.67
7630.0,dhl,electronics,truck,same day,central,rainy,207.5,1.44,1970-01-01 00:00:00.000000009,1970-01-01 00:00:00.000000008,yes,delayed,3,1141.82
7632.0,dhl,automobile parts,truck,two day,south,clear,229.3,18.08,1970-01-01 00:00:00.000000007,1970-01-01 00:00:00.000000016,no,delivered,3,1200.74
7634.0,dhl,cosmetics,scooter,express,south,cold,95.1,5.45,1970-01-01 00:00:00.000000004,1970-01-01 00:00:00.000000003,yes,delayed,3,541.85
7643.0,dhl,documents,scooter,two day,north,rainy,169.9,17.7,1970-01-01 00:00:00.000000010,1970-01-01 00:00:00.000000016,no,delivered,4,902.6
7651.0,dhl,electronics,ev van,two day,south,stormy,174.8,1.84,1970-01-01 00:00:00.000000009,1970-01-01 00:00:00.000000016,no,delivered,5,879.52
7663.0,dhl,fragile items,scooter,two day,west,hot,51.9,9.2,1970-01-01 00:00:00.000000003,1970-01-01 00:00:00.000000016,no,delivered,4,287.1
7666.0,dhl,automobile parts,bike,express,south,cold,59.9,13.57,1970-01-01 00:00:00.000000003,1970-01-01 00:00:00.000000003,yes,delayed,3,390.21
7672.0,dhl,documents,scooter,same day,south,stormy,102.9,10.82,1970-01-01 00:00:00.000000010,1970-01-01 00:00:00.000000008,yes,delayed,2,646.96
7679.0,dhl,groceries,ev van,same day,east,stormy,107.9,31.37,1970-01-01 00:00:00.000000010,1970-01-01 00:00:00.000000008,yes,delayed,2,733.61
7681.0,dhl,documents,ev van,express,north,clear,290.9,10.56,1970-01-01 00:00:00.000000007,1970-01-01 00:00:00.000000007,no,delivered,5,1536.18
7693.0,dhl,clothing,van,express,south,hot,233.8,2.48,1970-01-01 00:00:00.000000008,1970-01-01 00:00:00.000000006,yes,failed,2,1226.44
7702.0,dhl,electronics,bike,express,central,stormy,108.6,42.57,1970-01-01 00:00:00.000000008,1970-01-01 00:00:00.000000004,yes,failed,2,720.71
7706.0,dhl,documents,bike,two day,central,stormy,84.5,10.74,1970-01-01 00:00:00.000000008,1970-01-01 00:00:00.000000016,no,delivered,5,454.72
7708.0,dhl,automobile parts,ev van,two day,west,clear,285.4,18.23,1970-01-01 00:00:00.000000012,1970-01-01 00:00:00.000000016,no,delivered,4,1481.69
7709.0,dhl,pharmacy,scooter,same day,central,clear,45.7,7.24,1970-01-01 00:00:00.000000000,1970-01-01 00:00:00.000000008,no,delivered,5,350.22
7713.0,dhl,groceries,bike,two day,central,foggy,3.7,45.51,1970-01-01 00:00:00.000000001,1970-01-01 00:00:00.000000016,no,delivered,5,155.03
7716.0,dhl,groceries,van,standard,east,rainy,79.0,25.59,1970-01-01 00:00:00.000000008,1970-01-01 00:00:00.000000024,no,delivered,3,471.77
7719.0,dhl,automobile parts,ev bike,express,central,hot,111.2,23.52,1970-01-01 00:00:00.000000004,1970-01-01 00:00:00.000000004,yes,failed,1,676.56
7728.0,dhl,furniture,ev van,express,west,foggy,145.9,32.44,1970-01-01 00:00:00.000000006,1970-01-01 00:00:00.000000004,yes,delayed,2,876.82
7742.0,dhl,groceries,ev van,two day,central,clear,133.0,32.83,1970-01-01 00:00:00.000000004,1970-01-01 00:00:00.000000016,no,delivered,5,763.49
7752.0,dhl,fragile items,truck,standard,west,clear,42.3,45.46,1970-01-01 00:00:00.000000001,1970-01-01 00:00:00.000000024,no,delivered,4,347.88
7760.0,dhl,groceries,truck,express,south,cold,76.3,11.76,1970-01-01 00:00:00.000000004,1970-01-01 00:00:00.000000003,yes,failed,1,466.78
7761.0,dhl,documents,truck,express,east,clear,139.9,2.72,1970-01-01 00:00:00.000000007,1970-01-01 00:00:00.000000004,yes,delayed,3,757.66
7779.0,dhl,pharmacy,van,express,north,foggy,269.2,12.92,1970-01-01 00:00:00.000000010,1970-01-01 00:00:00.000000007,yes,delayed,3,1434.76
7796.0,dhl,pharmacy,bike,same day,central,stormy,97.2,2.45,1970-01-01 00:00:00.000000006,1970-01-01 00:00:00.000000008,no,delivered,5,593.35
7801.0,dhl,pharmacy,scooter,standard,east,hot,36.8,31.45,1970-01-01 00:00:00.000000003,1970-01-01 00:00:00.000000024,no,delivered,4,278.35
7810.0,dhl,furniture,ev bike,two day,north,stormy,70.5,45.77,1970-01-01 00:00:00.000000007,1970-01-01 00:00:00.000000016,no,delivered,4,489.81
7828.0,dhl,automobile parts,bike,express,central,hot,18.4,49.52,1970-01-01 00:00:00.000000003,1970-01-01 00:00:00.000000002,yes,failed,1,291.16
7830.0,dhl,furniture,bike,express,north,clear,191.1,42.29,1970-01-01 00:00:00.000000005,1970-01-01 00:00:00.000000005,no,delivered,5,1132.37
7833.0,dhl,furniture,bike,express,south,clear,234.4,32.68,1970-01-01 00:00:00.000000010,1970-01-01 00:00:00.000000006,yes,delayed,3,1320.04
7837.0,dhl,cosmetics,van,standard,west,rainy,291.4,48.12,1970-01-01 00:00:00.000000012,1970-01-01 00:00:00.000000024,no,delivered,4,1601.36
7840.0,dhl,clothing,truck,standard,west,rainy,287.5,21.71,1970-01-01 00:00:00.000000011,1970-01-01 00:00:00.000000024,no,delivered,5,1502.63
7846.0,dhl,pharmacy,van,two day,west,clear,65.5,23.03,1970-01-01 00:00:00.000000001,1970-01-01 00:00:00.000000016,no,delivered,5,396.59
7874.0,dhl,furniture,bike,two day,central,stormy,3.6,47.82,1970-01-01 00:00:00.000000006,1970-01-01 00:00:00.000000016,no,delivered,3,148.96
7877.0,dhl,automobile parts,truck,standard,south,cold,157.5,32.06,1970-01-01 00:00:00.000000007,1970-01-01 00:00:00.000000024,no,delivered,3,883.68
7881.0,dhl,cosmetics,truck,standard,east,clear,134.5,12.27,1970-01-01 00:00:00.000000004,1970-01-01 00:00:00.000000024,no,delivered,4,709.31
7902.0,dhl,cosmetics,ev bike,express,east,rainy,74.0,13.42,1970-01-01 00:00:00.000000005,1970-01-01 00:00:00.000000003,yes,delayed,2,460.26
7903.0,dhl,furniture,ev bike,express,central,clear,143.1,28.61,1970-01-01 00:00:00.000000004,1970-01-01 00:00:00.000000004,no,delivered,3,851.33
7920.0,dhl,groceries,truck,express,central,stormy,109.9,49.52,1970-01-01 00:00:00.000000008,1970-01-01 00:00:00.000000004,yes,delayed,2,749.2
7921.0,dhl,groceries,van,same day,north,rainy,265.0,7.46,1970-01-01 00:00:00.000000009,1970-01-01 00:00:00.000000008,yes,failed,2,1447.38
7930.0,dhl,documents,ev bike,two day,north,hot,272.5,28.16,1970-01-01 00:00:00.000000005,1970-01-01 00:00:00.000000016,no,delivered,5,1446.98
7931.0,dhl,cosmetics,truck,two day,central,rainy,11.7,6.46,1970-01-01 00:00:00.000000006,1970-01-01 00:00:00.000000016,no,delivered,4,95.6674
7933.0,dhl,clothing,van,same day,south,rainy,29.7,9.59,1970-01-01 00:00:00.000000004,1970-01-01 00:00:00.000000008,no,delivered,3,277.27
7938.0,dhl,groceries,ev van,standard,north,clear,124.6,31.86,1970-01-01 00:00:00.000000003,1970-01-01 00:00:00.000000024,no,delivered,5,718.58
7961.0,dhl,cosmetics,ev van,same day,south,foggy,159.4,29.25,1970-01-01 00:00:00.000000005,1970-01-01 00:00:00.000000008,no,delivered,4,984.75
7964.0,dhl,fragile items,ev bike,standard,west,hot,182.7,25.84,1970-01-01 00:00:00.000000007,1970-01-01 00:00:00.000000024,no,delivered,5,991.02
7970.0,dhl,automobile parts,truck,same day,west,rainy,62.6,29.35,1970-01-01 00:00:00.000000004,1970-01-01 00:00:00.000000008,no,delivered,5,501.05
7973.0,dhl,groceries,ev van,two day,west,foggy,59.6,27.29,1970-01-01 00:00:00.000000006,1970-01-01 00:00:00.000000016,no,delivered,5,379.87
7984.0,dhl,electronics,scooter,same day,west,rainy,202.6,45.06,1970-01-01 00:00:00.000000008,1970-01-01 00:00:00.000000008,yes,delayed,2,1248.18
7998.0,dhl,automobile parts,truck,same day,west,foggy,167.0,27.36,1970-01-01 00:00:00.000000005,1970-01-01 00:00:00.000000008,no,delivered,5,1017.08
8004.0,dhl,clothing,ev bike,same day,east,cold,260.2,38.76,1970-01-01 00:00:00.000000006,1970-01-01 00:00:00.000000008,no,delivered,5,1517.28
8007.0,dhl,documents,scooter,same day,east,cold,148.9,33.28,1970-01-01 00:00:00.000000006,1970-01-01 00:00:00.000000008,no,delivered,5,944.34
8017.0,dhl,fragile items,van,two day,north,stormy,291.8,26.85,1970-01-01 00:00:00.000000011,1970-01-01 00:00:00.000000016,no,delivered,3,1539.55
8029.0,dhl,furniture,ev bike,standard,north,clear,137.3,34.31,1970-01-01 00:00:00.000000004,1970-01-01 00:00:00.000000024,no,delivered,4,789.43
8045.0,dhl,documents,scooter,express,central,rainy,219.9,11.62,1970-01-01 00:00:00.000000011,1970-01-01 00:00:00.000000006,yes,delayed,2,1184.36
8047.0,dhl,automobile parts,truck,two day,east,stormy,170.5,46.78,1970-01-01 00:00:00.000000011,1970-01-01 00:00:00.000000016,no,delivered,4,992.84
8053.0,dhl,automobile parts,ev van,standard,south,foggy,158.6,20.11,1970-01-01 00:00:00.000000007,1970-01-01 00:00:00.000000024,no,delivered,3,853.33
8061.0,dhl,fragile items,bike,express,east,clear,80.9,19.47,1970-01-01 00:00:00.000000002,1970-01-01 00:00:00.000000003,no,delivered,3,512.91
8064.0,dhl,clothing,van,same day,east,rainy,219.3,14.2,1970-01-01 00:00:00.000000007,1970-01-01 00:00:00.000000008,no,delivered,5,1239.1
8072.0,dhl,clothing,van,standard,north,foggy,166.9,15.1,1970-01-01 00:00:00.000000007,1970-01-01 00:00:00.000000024,no,delivered,4,879.8
8078.0,dhl,groceries,bike,two day,south,cold,295.9,30.88,1970-01-01 00:00:00.000000007,1970-01-01 00:00:00.000000016,no,delivered,5,1572.14
8082.0,dhl,automobile parts,ev van,standard,west,clear,25.4,2.56,1970-01-01 00:00:00.000000002,1970-01-01 00:00:00.000000024,no,delivered,3,134.68
8095.0,dhl,automobile parts,bike,same day,east,hot,190.0,32.89,1970-01-01 00:00:00.000000007,1970-01-01 00:00:00.000000008,no,delivered,3,1148.67
8097.0,dhl,fragile items,truck,express,west,clear,261.1,26.95,1970-01-01 00:00:00.000000011,1970-01-01 00:00:00.000000007,yes,delayed,2,1436.35
8098.0,dhl,clothing,ev bike,standard,north,cold,155.3,37.97,1970-01-01 00:00:00.000000007,1970-01-01 00:00:00.000000024,no,delivered,4,890.41
8101.0,dhl,pharmacy,van,same day,north,foggy,37.7,33.39,1970-01-01 00:00:00.000000005,1970-01-01 00:00:00.000000008,no,delivered,4,388.67
8118.0,dhl,documents,bike,standard,south,hot,15.6,13.56,1970-01-01 00:00:00.000000000,1970-01-01 00:00:00.000000024,no,delivered,5,118.68
8119.0,dhl,pharmacy,ev bike,same day,central,cold,57.1,10.4,1970-01-01 00:00:00.000000002,1970-01-01 00:00:00.000000008,no,delivered,3,416.7
8142.0,dhl,pharmacy,ev van,express,east,clear,106.9,35.93,1970-01-01 00:00:00.000000004,1970-01-01 00:00:00.000000004,no,delivered,4,692.29
8143.0,dhl,pharmacy,ev bike,two day,north,rainy,152.3,40.08,1970-01-01 00:00:00.000000008,1970-01-01 00:00:00.000000016,no,delivered,4,881.74
8146.0,dhl,cosmetics,ev van,same day,south,rainy,87.1,12.02,1970-01-01 00:00:00.000000006,1970-01-01 00:00:00.000000008,no,delivered,5,571.56
8152.0,dhl,documents,truck,express,central,cold,137.0,15.12,1970-01-01 00:00:00.000000005,1970-01-01 00:00:00.000000004,yes,delayed,2,780.36
8153.0,dhl,documents,van,two day,north,cold,278.5,12.03,1970-01-01 00:00:00.000000005,1970-01-01 00:00:00.000000016,no,delivered,4,1428.59
8155.0,dhl,automobile parts,ev van,same day,west,foggy,212.5,0.96,1970-01-01 00:00:00.000000007,1970-01-01 00:00:00.000000008,no,delivered,5,1165.38
8162.0,dhl,fragile items,truck,two day,north,cold,136.5,15.4,1970-01-01 00:00:00.000000003,1970-01-01 00:00:00.000000016,no,delivered,5,728.7
8163.0,dhl,documents,ev van,standard,west,foggy,54.7,16.28,1970-01-01 00:00:00.000000002,1970-01-01 00:00:00.000000024,no,delivered,5,322.34
8187.0,dhl,fragile items,ev bike,standard,south,rainy,186.0,25.29,1970-01-01 00:00:00.000000008,1970-01-01 00:00:00.000000024,no,delivered,3,1005.87
8197.0,dhl,groceries,scooter,same day,central,hot,169.5,8.35,1970-01-01 00:00:00.000000006,1970-01-01 00:00:00.000000008,no,delivered,4,972.55
8201.0,dhl,pharmacy,van,express,south,stormy,16.9,39.86,1970-01-01 00:00:00.000000006,1970-01-01 00:00:00.000000002,yes,delayed,2,254.08
8205.0,dhl,cosmetics,van,express,south,foggy,185.1,16.37,1970-01-01 00:00:00.000000008,1970-01-01 00:00:00.000000005,yes,delayed,3,1024.61
8229.0,dhl,automobile parts,truck,standard,west,cold,262.4,39.59,1970-01-01 00:00:00.000000010,1970-01-01 00:00:00.000000024,no,delivered,4,1430.77
8235.0,dhl,cosmetics,truck,express,east,rainy,87.2,44.18,1970-01-01 00:00:00.000000006,1970-01-01 00:00:00.000000003,yes,delayed,3,618.54
8247.0,dhl,furniture,ev bike,standard,east,stormy,145.3,47.88,1970-01-01 00:00:00.000000009,1970-01-01 00:00:00.000000024,no,delivered,4,870.14
8248.0,dhl,pharmacy,scooter,same day,west,cold,71.6,12.67,1970-01-01 00:00:00.000000002,1970-01-01 00:00:00.000000008,no,delivered,4,496.01
8249.0,dhl,groceries,truck,standard,central,stormy,224.5,19.58,1970-01-01 00:00:00.000000013,1970-01-01 00:00:00.000000024,no,delivered,5,1181.24
8266.0,dhl,electronics,van,same day,north,hot,173.3,16.01,1970-01-01 00:00:00.000000005,1970-01-01 00:00:00.000000008,no,delivered,4,1014.53
8271.0,dhl,electronics,ev bike,two day,east,stormy,229.8,2.37,1970-01-01 00:00:00.000000008,1970-01-01 00:00:00.000000016,no,delivered,3,1156.11
8282.0,dhl,groceries,ev van,same day,west,clear,151.9,16.32,1970-01-01 00:00:00.000000005,1970-01-01 00:00:00.000000008,no,delivered,4,908.46
8288.0,dhl,cosmetics,scooter,express,north,cold,191.9,25.3,1970-01-01 00:00:00.000000006,1970-01-01 00:00:00.000000005,yes,delayed,3,1085.4
8291.0,dhl,groceries,van,two day,west,clear,198.0,3.73,1970-01-01 00:00:00.000000005,1970-01-01 00:00:00.000000016,no,delivered,4,1001.19
8298.0,dhl,fragile items,van,standard,south,cold,51.5,5.26,1970-01-01 00:00:00.000000002,1970-01-01 00:00:00.000000024,no,delivered,5,273.28
8300.0,dhl,automobile parts,truck,same day,central,stormy,275.0,14.84,1970-01-01 00:00:00.000000011,1970-01-01 00:00:00.000000008,yes,delayed,2,1519.52
8306.0,dhl,fragile items,bike,same day,central,rainy,155.0,44.57,1970-01-01 00:00:00.000000011,1970-01-01 00:00:00.000000008,yes,delayed,3,1008.71
8313.0,dhl,electronics,van,same day,east,foggy,287.6,7.66,1970-01-01 00:00:00.000000013,1970-01-01 00:00:00.000000008,yes,delayed,2,1560.98
8328.0,dhl,furniture,truck,express,west,clear,76.3,28.61,1970-01-01 00:00:00.000000002,1970-01-01 00:00:00.000000003,no,delivered,3,517.33
8336.0,dhl,pharmacy,ev van,express,central,stormy,202.0,35.67,1970-01-01 00:00:00.000000012,1970-01-01 00:00:00.000000006,yes,delayed,3,1167.01
8337.0,dhl,documents,ev van,two day,west,cold,263.4,11.42,1970-01-01 00:00:00.000000008,1970-01-01 00:00:00.000000016,no,delivered,5,1351.26
8353.0,dhl,clothing,van,same day,west,stormy,270.0,38.42,1970-01-01 00:00:00.000000010,1970-01-01 00:00:00.000000008,yes,delayed,2,1565.26
8367.0,dhl,pharmacy,ev bike,two day,north,cold,198.5,13.57,1970-01-01 00:00:00.000000005,1970-01-01 00:00:00.000000016,no,delivered,5,1033.21
8383.0,dhl,cosmetics,truck,same day,east,foggy,193.9,41.19,1970-01-01 00:00:00.000000008,1970-01-01 00:00:00.000000008,yes,delayed,2,1193.07
8424.0,dhl,furniture,ev bike,same day,east,rainy,215.9,8.22,1970-01-01 00:00:00.000000011,1970-01-01 00:00:00.000000008,yes,delayed,3,1204.16
8435.0,dhl,automobile parts,bike,standard,west,foggy,277.0,48.56,1970-01-01 00:00:00.000000011,1970-01-01 00:00:00.000000024,no,delivered,4,1530.68
8446.0,dhl,groceries,bike,standard,south,hot,227.9,39.35,1970-01-01 00:00:00.000000006,1970-01-01 00:00:00.000000024,no,delivered,4,1257.55
8459.0,dhl,pharmacy,truck,standard,north,clear,216.6,26.17,1970-01-01 00:00:00.000000006,1970-01-01 00:00:00.000000024,no,delivered,4,1161.51
8467.0,dhl,electronics,bike,express,west,hot,28.8,15.65,1970-01-01 00:00:00.000000002,1970-01-01 00:00:00.000000002,no,delivered,4,240.95
8474.0,dhl,cosmetics,scooter,two day,south,stormy,65.9,43.19,1970-01-01 00:00:00.000000006,1970-01-01 00:00:00.000000016,no,delivered,3,459.07
8491.0,dhl,automobile parts,ev van,express,south,hot,232.1,1.17,1970-01-01 00:00:00.000000008,1970-01-01 00:00:00.000000006,yes,failed,2,1214.01
8502.0,dhl,clothing,van,express,north,foggy,51.9,20.09,1970-01-01 00:00:00.000000003,1970-01-01 00:00:00.000000003,yes,failed,1,369.77
8525.0,dhl,clothing,van,standard,central,stormy,56.8,31.8,1970-01-01 00:00:00.000000007,1970-01-01 00:00:00.000000024,no,delivered,4,379.4
8534.0,dhl,clothing,scooter,same day,central,hot,182.9,48.58,1970-01-01 00:00:00.000000008,1970-01-01 00:00:00.000000008,yes,delayed,2,1160.24
8554.0,dhl,cosmetics,van,two day,central,cold,141.6,44.75,1970-01-01 00:00:00.000000005,1970-01-01 00:00:00.000000016,no,delivered,4,842.25
8564.0,dhl,fragile items,van,standard,north,stormy,98.2,12.32,1970-01-01 00:00:00.000000007,1970-01-01 00:00:00.000000024,no,delivered,5,527.96
8591.0,dhl,automobile parts,ev bike,express,west,rainy,96.1,8.26,1970-01-01 00:00:00.000000008,1970-01-01 00:00:00.000000003,yes,delayed,3,555.28
8592.0,dhl,pharmacy,bike,express,south,cold,152.0,4.69,1970-01-01 00:00:00.000000004,1970-01-01 00:00:00.000000005,no,delivered,4,824.07
8608.0,dhl,cosmetics,bike,express,east,hot,283.2,28.25,1970-01-01 00:00:00.000000009,1970-01-01 00:00:00.000000007,yes,delayed,2,1550.75
8613.0,dhl,documents,ev van,express,central,clear,291.4,31.95,1970-01-01 00:00:00.000000009,1970-01-01 00:00:00.000000007,yes,delayed,3,1602.85
8616.0,dhl,electronics,bike,two day,central,clear,181.4,14.86,1970-01-01 00:00:00.000000003,1970-01-01 00:00:00.000000016,no,delivered,4,951.58
8633.0,dhl,electronics,ev van,two day,east,clear,297.1,11.39,1970-01-01 00:00:00.000000013,1970-01-01 00:00:00.000000016,no,delivered,4,1533.17
8640.0,dhl,pharmacy,scooter,two day,west,cold,104.9,5.66,1970-01-01 00:00:00.000000004,1970-01-01 00:00:00.000000016,no,delivered,3,541.48
8657.0,dhl,clothing,bike,two day,south,cold,86.4,9.91,1970-01-01 00:00:00.000000004,1970-01-01 00:00:00.000000016,no,delivered,4,461.73
8691.0,dhl,documents,van,express,central,rainy,47.6,27.66,1970-01-01 00:00:00.000000006,1970-01-01 00:00:00.000000002,yes,delayed,2,370.98
8699.0,dhl,groceries,ev bike,same day,central,clear,275.3,46.44,1970-01-01 00:00:00.000000012,1970-01-01 00:00:00.000000008,yes,delayed,3,1615.82
8733.0,dhl,documents,truck,same day,west,hot,172.2,41.5,1970-01-01 00:00:00.000000005,1970-01-01 00:00:00.000000008,no,delivered,5,1085.5
8737.0,dhl,groceries,ev bike,two day,south,hot,31.2,32.91,1970-01-01 00:00:00.000000002,1970-01-01 00:00:00.000000016,no,delivered,3,254.73
8740.0,dhl,pharmacy,bike,same day,west,rainy,205.9,12.33,1970-01-01 00:00:00.000000010,1970-01-01 00:00:00.000000008,yes,failed,2,1166.49
8745.0,dhl,clothing,ev van,express,south,cold,143.9,42.92,1970-01-01 00:00:00.000000004,1970-01-01 00:00:00.000000004,no,delivered,3,898.26
8753.0,dhl,automobile parts,bike,standard,north,cold,256.4,7.96,1970-01-01 00:00:00.000000007,1970-01-01 00:00:00.000000024,no,delivered,5,1305.88
8790.0,dhl,electronics,ev van,standard,south,rainy,60.0,2.85,1970-01-01 00:00:00.000000006,1970-01-01 00:00:00.000000024,no,delivered,4,308.55
8792.0,dhl,cosmetics,ev bike,two day,central,rainy,69.8,38.88,1970-01-01 00:00:00.000000006,1970-01-01 00:00:00.000000016,no,delivered,5,465.64
8795.0,dhl,cosmetics,van,two day,east,clear,201.6,9.32,1970-01-01 00:00:00.000000004,1970-01-01 00:00:00.000000016,no,delivered,5,1035.96
8797.0,dhl,clothing,van,two day,east,clear,116.2,10.93,1970-01-01 00:00:00.000000005,1970-01-01 00:00:00.000000016,no,delivered,5,613.79
8816.0,dhl,automobile parts,truck,two day,central,rainy,223.8,32.14,1970-01-01 00:00:00.000000011,1970-01-01 00:00:00.000000016,no,delivered,4,1215.42
8817.0,dhl,automobile parts,ev van,same day,east,stormy,20.4,12.11,1970-01-01 00:00:00.000000003,1970-01-01 00:00:00.000000008,no,delivered,4,238.33
8822.0,dhl,furniture,bike,express,west,hot,26.3,37.17,1970-01-01 00:00:00.000000002,1970-01-01 00:00:00.000000002,no,delivered,4,293.01
8849.0,dhl,furniture,scooter,two day,east,hot,107.7,3.66,1970-01-01 00:00:00.000000003,1970-01-01 00:00:00.000000016,no,delivered,4,549.48
8852.0,dhl,automobile parts,bike,same day,east,cold,237.8,29.08,1970-01-01 00:00:00.000000005,1970-01-01 00:00:00.000000008,no,delivered,5,1376.24
8868.0,dhl,furniture,scooter,same day,central,rainy,7.8,17.96,1970-01-01 00:00:00.000000003,1970-01-01 00:00:00.000000008,no,delivered,5,192.88
8875.0,dhl,documents,truck,two day,east,rainy,94.3,44.3,1970-01-01 00:00:00.000000004,1970-01-01 00:00:00.000000016,no,delivered,3,604.4
8879.0,dhl,pharmacy,van,same day,south,clear,266.4,29.79,1970-01-01 00:00:00.000000006,1970-01-01 00:00:00.000000008,no,delivered,3,1521.37
8894.0,dhl,automobile parts,truck,standard,north,foggy,239.3,47.87,1970-01-01 00:00:00.000000010,1970-01-01 00:00:00.000000024,no,delivered,5,1340.11
8912.0,dhl,clothing,scooter,two day,central,clear,97.9,40.23,1970-01-01 00:00:00.000000004,1970-01-01 00:00:00.000000016,no,delivered,5,610.19
8922.0,dhl,automobile parts,ev bike,same day,central,hot,22.4,23.54,1970-01-01 00:00:00.000000000,1970-01-01 00:00:00.000000008,no,delivered,5,282.62
8924.0,dhl,cosmetics,ev van,same day,north,rainy,108.7,24.45,1970-01-01 00:00:00.000000005,1970-01-01 00:00:00.000000008,no,delivered,5,716.85
8925.0,dhl,cosmetics,van,express,north,stormy,132.5,46.63,1970-01-01 00:00:00.000000012,1970-01-01 00:00:00.000000004,yes,delayed,2,852.39
8935.0,dhl,cosmetics,bike,same day,north,rainy,197.4,42.37,1970-01-01 00:00:00.000000008,1970-01-01 00:00:00.000000008,yes,delayed,2,1214.11
8953.0,dhl,automobile parts,truck,same day,west,clear,233.2,23.32,1970-01-01 00:00:00.000000008,1970-01-01 00:00:00.000000008,yes,failed,1,1335.96
8959.0,dhl,cosmetics,ev van,standard,west,stormy,19.6,26.69,1970-01-01 00:00:00.000000007,1970-01-01 00:00:00.000000024,no,delivered,5,178.07
8969.0,dhl,groceries,bike,same day,central,rainy,145.3,33.85,1970-01-01 00:00:00.000000005,1970-01-01 00:00:00.000000008,no,delivered,4,928.05
8992.0,dhl,electronics,scooter,two day,north,clear,107.2,10.18,1970-01-01 00:00:00.000000005,1970-01-01 00:00:00.000000016,no,delivered,5,566.54
9012.0,dhl,clothing,truck,standard,central,clear,93.8,8.9,1970-01-01 00:00:00.000000003,1970-01-01 00:00:00.000000024,no,delivered,3,495.7
9014.0,dhl,fragile items,van,two day,central,foggy,113.6,12.42,1970-01-01 00:00:00.000000005,1970-01-01 00:00:00.000000016,no,delivered,4,605.26
9017.0,dhl,electronics,scooter,same day,north,hot,105.7,24.08,1970-01-01 00:00:00.000000005,1970-01-01 00:00:00.000000008,no,delivered,4,700.74
9034.0,dhl,cosmetics,van,two day,south,foggy,237.3,18.18,1970-01-01 00:00:00.000000007,1970-01-01 00:00:00.000000016,no,delivered,3,1241.04
9044.0,dhl,electronics,ev bike,standard,central,foggy,181.7,24.65,1970-01-01 00:00:00.000000009,1970-01-01 00:00:00.000000024,no,delivered,5,982.45
9049.0,dhl,cosmetics,ev bike,express,central,rainy,255.0,16.25,1970-01-01 00:00:00.000000007,1970-01-01 00:00:00.000000007,yes,failed,2,1373.75
9075.0,dhl,electronics,bike,express,south,rainy,32.8,18.67,1970-01-01 00:00:00.000000007,1970-01-01 00:00:00.000000002,yes,delayed,3,270.01
9080.0,dhl,cosmetics,scooter,same day,central,clear,259.5,17.92,1970-01-01 00:00:00.000000008,1970-01-01 00:00:00.000000008,yes,delayed,2,1451.26
9085.0,dhl,pharmacy,van,two day,south,stormy,247.3,24.73,1970-01-01 00:00:00.000000013,1970-01-01 00:00:00.000000016,no,delivered,5,1310.69
9090.0,dhl,cosmetics,ev van,two day,west,cold,144.2,29.31,1970-01-01 00:00:00.000000003,1970-01-01 00:00:00.000000016,no,delivered,4,808.93
9109.0,dhl,pharmacy,scooter,standard,west,foggy,18.0,33.8,1970-01-01 00:00:00.000000004,1970-01-01 00:00:00.000000024,no,delivered,5,191.4
9117.0,dhl,cosmetics,van,express,south,cold,276.5,15.03,1970-01-01 00:00:00.000000007,1970-01-01 00:00:00.000000007,no,delivered,3,1477.59
9119.0,dhl,cosmetics,van,express,east,foggy,191.8,14.78,1970-01-01 00:00:00.000000008,1970-01-01 00:00:00.000000005,yes,failed,1,1053.34
9148.0,dhl,documents,van,standard,south,rainy,93.2,39.51,1970-01-01 00:00:00.000000006,1970-01-01 00:00:00.000000024,no,delivered,4,584.53
9149.0,dhl,furniture,scooter,two day,south,hot,90.3,6.87,1970-01-01 00:00:00.000000004,1970-01-01 00:00:00.000000016,no,delivered,4,472.11
9175.0,dhl,clothing,ev bike,express,north,cold,167.1,0.68,1970-01-01 00:00:00.000000007,1970-01-01 00:00:00.000000005,yes,delayed,3,887.54
9189.0,dhl,clothing,ev van,standard,central,foggy,163.4,37.82,1970-01-01 00:00:00.000000007,1970-01-01 00:00:00.000000024,no,delivered,4,930.46
9194.0,dhl,documents,ev van,two day,east,cold,101.7,18.77,1970-01-01 00:00:00.000000004,1970-01-01 00:00:00.000000016,no,delivered,3,564.81
9200.0,dhl,automobile parts,ev bike,standard,central,hot,171.8,3.52,1970-01-01 00:00:00.000000009,1970-01-01 00:00:00.000000024,no,delivered,4,869.56
9203.0,dhl,documents,bike,express,east,rainy,14.5,38.57,1970-01-01 00:00:00.000000004,1970-01-01 00:00:00.000000002,yes,failed,1,238.21
9207.0,dhl,cosmetics,scooter,express,east,clear,61.8,1.59,1970-01-01 00:00:00.000000003,1970-01-01 00:00:00.000000003,yes,delayed,2,363.77
9209.0,dhl,automobile parts,truck,same day,east,foggy,26.0,40.37,1970-01-01 00:00:00.000000004,1970-01-01 00:00:00.000000008,no,delivered,4,351.11
9223.0,dhl,clothing,bike,same day,south,cold,15.5,25.49,1970-01-01 00:00:00.000000002,1970-01-01 00:00:00.000000008,no,delivered,4,253.97
9261.0,dhl,clothing,bike,same day,east,rainy,32.3,11.33,1970-01-01 00:00:00.000000006,1970-01-01 00:00:00.000000008,no,delivered,5,295.49
9274.0,dhl,pharmacy,van,standard,south,cold,289.6,14.6,1970-01-01 00:00:00.000000008,1970-01-01 00:00:00.000000024,no,delivered,4,1491.8
9287.0,dhl,clothing,scooter,standard,north,hot,102.7,10.03,1970-01-01 00:00:00.000000004,1970-01-01 00:00:00.000000024,no,delivered,5,543.59
9289.0,dhl,fragile items,van,standard,west,cold,83.4,0.67,1970-01-01 00:00:00.000000002,1970-01-01 00:00:00.000000024,no,delivered,4,417.6
9310.0,dhl,automobile parts,ev van,express,central,cold,126.3,34.0,1970-01-01 00:00:00.000000004,1970-01-01 00:00:00.000000004,no,delivered,5,783.5
9313.0,dhl,documents,bike,same day,central,foggy,225.3,10.6,1970-01-01 00:00:00.000000009,1970-01-01 00:00:00.000000008,yes,delayed,2,1258.3
9325.0,dhl,clothing,van,express,central,clear,76.3,5.01,1970-01-01 00:00:00.000000003,1970-01-01 00:00:00.000000003,yes,failed,1,446.53
9329.0,dhl,cosmetics,ev van,same day,east,rainy,111.1,11.99,1970-01-01 00:00:00.000000004,1970-01-01 00:00:00.000000008,no,delivered,3,691.47
9332.0,dhl,cosmetics,ev bike,same day,central,rainy,178.1,34.11,1970-01-01 00:00:00.000000007,1970-01-01 00:00:00.000000008,no,delivered,5,1092.83
9336.0,dhl,documents,ev bike,express,central,foggy,5.6,35.01,1970-01-01 00:00:00.000000003,1970-01-01 00:00:00.000000002,yes,delayed,2,183.03
9337.0,dhl,electronics,van,same day,central,rainy,183.4,23.96,1970-01-01 00:00:00.000000007,1970-01-01 00:00:00.000000008,no,delivered,3,1088.88
9355.0,dhl,furniture,ev van,standard,east,cold,121.8,17.85,1970-01-01 00:00:00.000000002,1970-01-01 00:00:00.000000024,no,delivered,3,662.55
9365.0,dhl,electronics,bike,express,south,rainy,115.6,37.32,1970-01-01 00:00:00.000000009,1970-01-01 00:00:00.000000004,yes,failed,2,739.96
9367.0,dhl,fragile items,ev bike,same day,west,rainy,50.1,9.92,1970-01-01 00:00:00.000000007,1970-01-01 00:00:00.000000008,no,delivered,4,380.26
9372.0,dhl,furniture,bike,express,west,clear,77.9,7.16,1970-01-01 00:00:00.000000002,1970-01-01 00:00:00.000000003,no,delivered,4,460.98
9377.0,dhl,furniture,ev van,two day,west,clear,95.3,44.53,1970-01-01 00:00:00.000000004,1970-01-01 00:00:00.000000016,no,delivered,4,610.09
9385.0,dhl,automobile parts,ev van,standard,west,stormy,29.0,6.79,1970-01-01 00:00:00.000000006,1970-01-01 00:00:00.000000024,no,delivered,5,165.37
9389.0,dhl,pharmacy,ev van,standard,central,foggy,177.3,49.23,1970-01-01 00:00:00.000000008,1970-01-01 00:00:00.000000024,no,delivered,5,1034.19
9390.0,dhl,clothing,bike,two day,central,foggy,77.4,17.58,1970-01-01 00:00:00.000000005,1970-01-01 00:00:00.000000016,no,delivered,5,439.74
9391.0,dhl,documents,scooter,express,west,rainy,290.6,35.7,1970-01-01 00:00:00.000000014,1970-01-01 00:00:00.000000007,yes,delayed,3,1610.1
9393.0,dhl,pharmacy,van,same day,north,rainy,184.1,24.73,1970-01-01 00:00:00.000000009,1970-01-01 00:00:00.000000008,yes,delayed,2,1094.69
9394.0,dhl,pharmacy,bike,standard,central,foggy,69.5,43.09,1970-01-01 00:00:00.000000004,1970-01-01 00:00:00.000000024,no,delivered,5,476.77
9404.0,dhl,electronics,truck,express,east,hot,261.1,11.36,1970-01-01 00:00:00.000000010,1970-01-01 00:00:00.000000007,yes,delayed,2,1389.58
9406.0,dhl,pharmacy,van,standard,central,cold,209.4,25.86,1970-01-01 00:00:00.000000005,1970-01-01 00:00:00.000000024,no,delivered,5,1124.58
9408.0,dhl,clothing,truck,two day,south,clear,26.9,3.61,1970-01-01 00:00:00.000000002,1970-01-01 00:00:00.000000016,no,delivered,4,145.33
9416.0,dhl,electronics,van,two day,south,stormy,188.0,43.25,1970-01-01 00:00:00.000000010,1970-01-01 00:00:00.000000016,no,delivered,5,1069.75
9417.0,dhl,documents,bike,standard,central,clear,114.4,6.39,1970-01-01 00:00:00.000000004,1970-01-01 00:00:00.000000024,no,delivered,3,591.17
9420.0,dhl,cosmetics,ev van,same day,south,rainy,250.5,23.65,1970-01-01 00:00:00.000000010,1970-01-01 00:00:00.000000008,yes,failed,1,1423.45
9427.0,dhl,automobile parts,truck,express,north,clear,68.4,21.31,1970-01-01 00:00:00.000000002,1970-01-01 00:00:00.000000003,no,delivered,5,455.93
9429.0,dhl,furniture,van,same day,north,hot,136.0,32.97,1970-01-01 00:00:00.000000004,1970-01-01 00:00:00.000000008,no,delivered,3,878.91
9434.0,dhl,documents,bike,express,east,foggy,30.6,18.23,1970-01-01 00:00:00.000000005,1970-01-01 00:00:00.000000002,yes,delayed,2,257.69
9435.0,dhl,electronics,scooter,same day,north,rainy,137.7,7.69,1970-01-01 00:00:00.000000009,1970-01-01 00:00:00.000000008,yes,delayed,2,811.57
9439.0,dhl,documents,ev bike,standard,east,stormy,218.0,42.53,1970-01-01 00:00:00.000000006,1970-01-01 00:00:00.000000024,no,delivered,3,1217.59
9441.0,dhl,cosmetics,ev bike,express,south,foggy,76.5,7.23,1970-01-01 00:00:00.000000007,1970-01-01 00:00:00.000000003,yes,failed,1,454.19
9452.0,dhl,documents,truck,express,central,foggy,180.5,30.13,1970-01-01 00:00:00.000000006,1970-01-01 00:00:00.000000005,yes,delayed,3,1042.89
9460.0,dhl,fragile items,scooter,two day,south,clear,237.7,15.7,1970-01-01 00:00:00.000000004,1970-01-01 00:00:00.000000016,no,delivered,3,1235.6
9463.0,dhl,groceries,ev bike,same day,south,cold,11.8,22.48,1970-01-01 00:00:00.000000002,1970-01-01 00:00:00.000000008,no,delivered,4,226.44
9466.0,dhl,fragile items,van,same day,west,rainy,28.0,34.63,1970-01-01 00:00:00.000000006,1970-01-01 00:00:00.000000008,no,delivered,5,343.89
9471.0,dhl,pharmacy,scooter,same day,north,rainy,193.3,9.26,1970-01-01 00:00:00.000000007,1970-01-01 00:00:00.000000008,no,delivered,3,1094.28
9477.0,dhl,furniture,truck,two day,west,rainy,161.1,12.72,1970-01-01 00:00:00.000000009,1970-01-01 00:00:00.000000016,no,delivered,4,843.66
9487.0,dhl,electronics,ev van,standard,east,stormy,224.5,4.33,1970-01-01 00:00:00.000000011,1970-01-01 00:00:00.000000024,no,delivered,4,1135.49
9494.0,dhl,electronics,ev van,standard,west,clear,114.4,49.42,1970-01-01 00:00:00.000000003,1970-01-01 00:00:00.000000024,no,delivered,5,720.26
9497.0,dhl,clothing,ev van,same day,central,hot,282.5,27.66,1970-01-01 00:00:00.000000008,1970-01-01 00:00:00.000000008,yes,failed,2,1595.48
9506.0,dhl,automobile parts,truck,two day,west,stormy,138.0,20.93,1970-01-01 00:00:00.000000007,1970-01-01 00:00:00.000000016,no,delivered,5,752.79
9514.0,dhl,furniture,scooter,same day,west,cold,131.7,44.88,1970-01-01 00:00:00.000000003,1970-01-01 00:00:00.000000008,no,delivered,5,893.14
9517.0,dhl,automobile parts,ev van,standard,central,rainy,79.5,5.09,1970-01-01 00:00:00.000000007,1970-01-01 00:00:00.000000024,no,delivered,5,412.77
9530.0,dhl,cosmetics,truck,express,north,hot,198.9,23.89,1970-01-01 00:00:00.000000008,1970-01-01 00:00:00.000000005,yes,delayed,2,1116.17
9544.0,dhl,furniture,bike,same day,north,rainy,285.4,21.96,1970-01-01 00:00:00.000000013,1970-01-01 00:00:00.000000008,yes,delayed,3,1592.88
9554.0,dhl,automobile parts,ev van,same day,north,cold,158.5,44.62,1970-01-01 00:00:00.000000006,1970-01-01 00:00:00.000000008,no,delivered,4,1026.36
9569.0,dhl,electronics,scooter,same day,west,foggy,147.6,23.17,1970-01-01 00:00:00.000000007,1970-01-01 00:00:00.000000008,no,delivered,4,907.51
9577.0,dhl,clothing,van,same day,south,rainy,297.1,44.75,1970-01-01 00:00:00.000000015,1970-01-01 00:00:00.000000008,yes,delayed,2,1632.7206
9602.0,dhl,documents,van,standard,west,foggy,55.5,31.42,1970-01-01 00:00:00.000000004,1970-01-01 00:00:00.000000024,no,delivered,4,371.76
9605.0,dhl,electronics,scooter,standard,west,foggy,198.3,48.29,1970-01-01 00:00:00.000000010,1970-01-01 00:00:00.000000024,no,delivered,4,1136.37
9614.0,dhl,documents,scooter,express,east,cold,214.4,26.6,1970-01-01 00:00:00.000000006,1970-01-01 00:00:00.000000006,no,delivered,5,1201.8
9618.0,dhl,fragile items,scooter,express,west,hot,25.8,11.97,1970-01-01 00:00:00.000000003,1970-01-01 00:00:00.000000002,yes,delayed,2,214.91
9619.0,dhl,pharmacy,scooter,standard,north,stormy,7.4,3.4,1970-01-01 00:00:00.000000008,1970-01-01 00:00:00.000000024,no,delivered,4,95.6674
9627.0,dhl,automobile parts,bike,standard,south,clear,115.0,35.52,1970-01-01 00:00:00.000000003,1970-01-01 00:00:00.000000024,no,delivered,5,681.56
9630.0,dhl,furniture,bike,two day,central,hot,263.9,9.92,1970-01-01 00:00:00.000000005,1970-01-01 00:00:00.000000016,no,delivered,3,1349.26
9641.0,dhl,automobile parts,van,standard,north,stormy,146.4,46.61,1970-01-01 00:00:00.000000012,1970-01-01 00:00:00.000000024,no,delivered,5,871.83
9647.0,dhl,cosmetics,scooter,express,west,stormy,76.6,41.78,1970-01-01 00:00:00.000000004,1970-01-01 00:00:00.000000003,yes,delayed,2,558.34
9650.0,dhl,documents,truck,express,east,rainy,163.4,32.05,1970-01-01 00:00:00.000000010,1970-01-01 00:00:00.000000005,yes,delayed,2,963.15
9652.0,dhl,furniture,bike,standard,south,hot,297.1,9.54,1970-01-01 00:00:00.000000012,1970-01-01 00:00:00.000000024,no,delivered,5,1523.12
9656.0,dhl,furniture,ev van,standard,east,foggy,214.5,39.5,1970-01-01 00:00:00.000000011,1970-01-01 00:00:00.000000024,no,delivered,4,1191.0
9675.0,dhl,documents,scooter,standard,east,stormy,71.7,30.4,1970-01-01 00:00:00.000000008,1970-01-01 00:00:00.000000024,no,delivered,4,449.7
9683.0,dhl,documents,bike,express,east,cold,99.8,48.93,1970-01-01 00:00:00.000000004,1970-01-01 00:00:00.000000004,yes,failed,1,695.79
9684.0,dhl,groceries,truck,standard,west,hot,226.9,5.49,1970-01-01 00:00:00.000000009,1970-01-01 00:00:00.000000024,no,delivered,4,1150.97
9688.0,dhl,pharmacy,ev van,standard,west,stormy,251.5,31.18,1970-01-01 00:00:00.000000015,1970-01-01 00:00:00.000000024,no,delivered,4,1351.04
9690.0,dhl,electronics,van,standard,east,rainy,218.3,35.02,1970-01-01 00:00:00.000000012,1970-01-01 00:00:00.000000024,no,delivered,5,1196.56
9697.0,dhl,groceries,van,two day,south,rainy,195.3,9.58,1970-01-01 00:00:00.000000007,1970-01-01 00:00:00.000000016,no,delivered,5,1005.24
9703.0,dhl,pharmacy,truck,standard,east,hot,243.1,36.64,1970-01-01 00:00:00.000000005,1970-01-01 00:00:00.000000024,no,delivered,3,1325.42
9735.0,dhl,electronics,bike,two day,west,foggy,254.9,1.56,1970-01-01 00:00:00.000000010,1970-01-01 00:00:00.000000016,no,delivered,5,1279.18
9738.0,dhl,pharmacy,ev van,two day,west,rainy,113.1,25.15,1970-01-01 00:00:00.000000006,1970-01-01 00:00:00.000000016,no,delivered,3,640.95
9741.0,dhl,documents,truck,express,north,clear,79.5,1.01,1970-01-01 00:00:00.000000002,1970-01-01 00:00:00.000000003,no,delivered,4,450.53
9742.0,dhl,furniture,truck,two day,east,stormy,229.7,9.43,1970-01-01 00:00:00.000000012,1970-01-01 00:00:00.000000016,no,delivered,3,1176.79
9758.0,dhl,cosmetics,truck,standard,central,clear,152.2,11.3,1970-01-01 00:00:00.000000005,1970-01-01 00:00:00.000000024,no,delivered,5,794.9
9760.0,dhl,furniture,bike,express,north,foggy,161.0,11.0,1970-01-01 00:00:00.000000009,1970-01-01 00:00:00.000000005,yes,delayed,2,888.0
9767.0,dhl,documents,ev van,standard,north,foggy,147.5,36.14,1970-01-01 00:00:00.000000007,1970-01-01 00:00:00.000000024,no,delivered,4,845.92
9768.0,dhl,fragile items,bike,express,west,foggy,51.3,4.3,1970-01-01 00:00:00.000000006,1970-01-01 00:00:00.000000003,yes,delayed,2,319.4
9778.0,dhl,pharmacy,ev bike,express,west,cold,295.1,44.64,1970-01-01 00:00:00.000000010,1970-01-01 00:00:00.000000007,yes,delayed,3,1632.7206
9786.0,dhl,pharmacy,ev bike,standard,central,rainy,110.2,7.57,1970-01-01 00:00:00.000000010,1970-01-01 00:00:00.000000024,no,delivered,3,573.71
9813.0,dhl,clothing,bike,same day,central,foggy,203.4,40.68,1970-01-01 00:00:00.000000010,1970-01-01 00:00:00.000000008,yes,delayed,2,1239.04
9826.0,dhl,electronics,scooter,express,north,stormy,271.5,10.74,1970-01-01 00:00:00.000000009,1970-01-01 00:00:00.000000007,yes,delayed,2,1439.72
9833.0,dhl,electronics,ev bike,two day,east,stormy,79.7,28.18,1970-01-01 00:00:00.000000005,1970-01-01 00:00:00.000000016,no,delivered,3,483.04
9840.0,dhl,furniture,van,express,south,foggy,113.3,35.19,1970-01-01 00:00:00.000000003,1970-01-01 00:00:00.000000004,no,delivered,3,722.07
9842.0,dhl,pharmacy,bike,same day,north,cold,46.8,28.39,1970-01-01 00:00:00.000000001,1970-01-01 00:00:00.000000008,no,delivered,3,419.17
9852.0,dhl,automobile parts,truck,express,west,foggy,280.5,47.67,1970-01-01 00:00:00.000000009,1970-01-01 00:00:00.000000007,yes,delayed,3,1595.51
9859.0,dhl,cosmetics,ev van,two day,east,rainy,160.6,24.76,1970-01-01 00:00:00.000000008,1970-01-01 00:00:00.000000016,no,delivered,3,877.28
9874.0,dhl,furniture,truck,express,east,cold,219.4,3.67,1970-01-01 00:00:00.000000004,1970-01-01 00:00:00.000000006,no,delivered,3,1158.01
9881.0,dhl,automobile parts,scooter,standard,west,stormy,58.5,33.16,1970-01-01 00:00:00.000000007,1970-01-01 00:00:00.000000024,no,delivered,5,391.98
9883.0,dhl,cosmetics,ev van,two day,south,rainy,17.8,6.08,1970-01-01 00:00:00.000000006,1970-01-01 00:00:00.000000016,no,delivered,5,107.24
9913.0,dhl,fragile items,van,same day,central,clear,169.3,37.6,1970-01-01 00:00:00.000000003,1970-01-01 00:00:00.000000008,no,delivered,3,1059.3
9918.0,dhl,pharmacy,bike,same day,central,clear,92.3,10.1,1970-01-01 00:00:00.000000003,1970-01-01 00:00:00.000000008,no,delivered,4,591.8
9931.0,dhl,automobile parts,ev bike,same day,west,cold,254.6,49.2,1970-01-01 00:00:00.000000006,1970-01-01 00:00:00.000000008,no,delivered,4,1520.6
9934.0,dhl,clothing,van,same day,west,rainy,226.8,15.9,1970-01-01 00:00:00.000000010,1970-01-01 00:00:00.000000008,yes,delayed,3,1281.7
9951.0,dhl,cosmetics,ev van,standard,west,clear,84.4,32.53,1970-01-01 00:00:00.000000003,1970-01-01 00:00:00.000000024,no,delivered,4,519.59
9952.0,dhl,pharmacy,bike,express,west,foggy,53.5,39.12,1970-01-01 00:00:00.000000005,1970-01-01 00:00:00.000000003,yes,delayed,2,434.86
9983.0,dhl,automobile parts,scooter,two day,central,cold,134.6,48.86,1970-01-01 00:00:00.000000003,1970-01-01 00:00:00.000000016,no,delivered,4,819.58
9988.0,dhl,electronics,van,same day,south,cold,74.3,21.26,1970-01-01 00:00:00.000000003,1970-01-01 00:00:00.000000008,no,delivered,4,535.28
9998.0,dhl,electronics,ev van,standard,central,rainy,7.9,5.12,1970-01-01 00:00:00.000000005,1970-01-01 00:00:00.000000024,no,delivered,5,95.6674
10001.0,dhl,fragile items,bike,standard,west,hot,247.3,27.09,1970-01-01 00:00:00.000000005,1970-01-01 00:00:00.000000024,no,delivered,4,1317.77
10012.0,dhl,pharmacy,van,two day,east,rainy,29.9,36.65,1970-01-01 00:00:00.000000007,1970-01-01 00:00:00.000000016,no,delivered,5,259.45
10020.0,dhl,electronics,ev van,same day,south,hot,228.3,24.98,1970-01-01 00:00:00.000000009,1970-01-01 00:00:00.000000008,yes,delayed,2,1316.44
10040.0,dhl,fragile items,truck,standard,south,clear,173.7,2.97,1970-01-01 00:00:00.000000006,1970-01-01 00:00:00.000000024,no,delivered,4,877.41
10043.0,dhl,documents,truck,two day,south,cold,143.2,28.25,1970-01-01 00:00:00.000000005,1970-01-01 00:00:00.000000016,no,delivered,5,800.75
10054.0,dhl,automobile parts,ev bike,express,central,foggy,252.5,21.7,1970-01-01 00:00:00.000000012,1970-01-01 00:00:00.000000007,yes,delayed,2,1377.6
10055.0,dhl,fragile items,scooter,express,south,clear,282.3,10.13,1970-01-01 00:00:00.000000009,1970-01-01 00:00:00.000000007,yes,delayed,3,1491.89
10073.0,dhl,documents,truck,standard,central,hot,184.1,7.48,1970-01-01 00:00:00.000000006,1970-01-01 00:00:00.000000024,no,delivered,4,942.94
10088.0,dhl,groceries,scooter,express,central,rainy,156.9,41.02,1970-01-01 00:00:00.000000006,1970-01-01 00:00:00.000000005,yes,delayed,2,957.56
10089.0,dhl,clothing,ev bike,same day,east,clear,294.9,36.47,1970-01-01 00:00:00.000000008,1970-01-01 00:00:00.000000008,yes,delayed,3,1632.7206
10104.0,dhl,clothing,ev bike,same day,north,cold,226.9,15.8,1970-01-01 00:00:00.000000009,1970-01-01 00:00:00.000000008,yes,failed,1,1281.9
10127.0,dhl,furniture,truck,two day,south,cold,257.1,17.93,1970-01-01 00:00:00.000000007,1970-01-01 00:00:00.000000016,no,delivered,5,1339.29
10136.0,dhl,furniture,ev van,same day,east,clear,169.0,27.26,1970-01-01 00:00:00.000000004,1970-01-01 00:00:00.000000008,no,delivered,3,1026.78
10137.0,dhl,cosmetics,bike,standard,north,clear,73.0,1.18,1970-01-01 00:00:00.000000002,1970-01-01 00:00:00.000000024,no,delivered,4,368.54
10141.0,dhl,automobile parts,ev bike,standard,north,hot,174.9,18.4,1970-01-01 00:00:00.000000007,1970-01-01 00:00:00.000000024,no,delivered,5,929.7
10143.0,dhl,clothing,truck,standard,north,hot,146.3,34.88,1970-01-01 00:00:00.000000007,1970-01-01 00:00:00.000000024,no,delivered,4,836.14
10144.0,dhl,clothing,bike,same day,east,stormy,17.5,7.44,1970-01-01 00:00:00.000000004,1970-01-01 00:00:00.000000008,no,delivered,5,209.82
10153.0,dhl,fragile items,ev van,same day,north,clear,206.4,20.63,1970-01-01 00:00:00.000000008,1970-01-01 00:00:00.000000008,yes,delayed,3,1193.89
10158.0,dhl,pharmacy,ev bike,same day,north,rainy,77.0,24.44,1970-01-01 00:00:00.000000007,1970-01-01 00:00:00.000000008,no,delivered,5,558.32
10163.0,dhl,electronics,bike,standard,east,cold,56.5,35.23,1970-01-01 00:00:00.000000004,1970-01-01 00:00:00.000000024,no,delivered,4,388.19
10165.0,dhl,fragile items,truck,standard,east,rainy,74.0,39.7,1970-01-01 00:00:00.000000005,1970-01-01 00:00:00.000000024,no,delivered,4,489.1
10166.0,dhl,groceries,ev bike,standard,north,foggy,92.7,46.36,1970-01-01 00:00:00.000000006,1970-01-01 00:00:00.000000024,no,delivered,5,602.58
10167.0,dhl,electronics,truck,two day,south,clear,78.5,16.22,1970-01-01 00:00:00.000000003,1970-01-01 00:00:00.000000016,no,delivered,4,441.16
10172.0,dhl,automobile parts,bike,two day,north,clear,60.3,30.64,1970-01-01 00:00:00.000000003,1970-01-01 00:00:00.000000016,no,delivered,3,393.42
10176.0,dhl,electronics,truck,two day,south,stormy,67.3,5.95,1970-01-01 00:00:00.000000004,1970-01-01 00:00:00.000000016,no,delivered,4,354.35
10182.0,dhl,cosmetics,truck,standard,east,rainy,212.4,45.22,1970-01-01 00:00:00.000000012,1970-01-01 00:00:00.000000024,no,delivered,4,1197.66
10186.0,dhl,electronics,bike,express,east,hot,256.9,9.61,1970-01-01 00:00:00.000000008,1970-01-01 00:00:00.000000007,yes,delayed,2,1363.33
10188.0,dhl,pharmacy,van,express,north,clear,290.2,8.6,1970-01-01 00:00:00.000000007,1970-01-01 00:00:00.000000007,no,delivered,4,1526.8
10221.0,dhl,groceries,truck,two day,central,foggy,147.3,33.81,1970-01-01 00:00:00.000000005,1970-01-01 00:00:00.000000016,no,delivered,5,837.93
10223.0,dhl,electronics,van,standard,central,stormy,10.0,30.24,1970-01-01 00:00:00.000000007,1970-01-01 00:00:00.000000024,no,delivered,5,140.72
10227.0,dhl,groceries,truck,two day,north,cold,187.8,4.13,1970-01-01 00:00:00.000000006,1970-01-01 00:00:00.000000016,no,delivered,4,951.39
10239.0,dhl,electronics,van,express,central,hot,234.8,40.04,1970-01-01 00:00:00.000000007,1970-01-01 00:00:00.000000006,yes,delayed,2,1344.12
10246.0,dhl,fragile items,ev van,same day,central,rainy,47.9,4.44,1970-01-01 00:00:00.000000009,1970-01-01 00:00:00.000000008,yes,failed,1,352.82
10254.0,dhl,groceries,scooter,two day,south,rainy,174.0,43.14,1970-01-01 00:00:00.000000007,1970-01-01 00:00:00.000000016,no,delivered,4,999.42
10269.0,dhl,clothing,ev bike,two day,east,clear,38.3,1.84,1970-01-01 00:00:00.000000001,1970-01-01 00:00:00.000000016,no,delivered,4,197.02
10279.0,dhl,electronics,ev van,standard,east,clear,141.8,0.92,1970-01-01 00:00:00.000000005,1970-01-01 00:00:00.000000024,no,delivered,5,711.76
10311.0,dhl,furniture,van,standard,north,foggy,153.3,29.98,1970-01-01 00:00:00.000000007,1970-01-01 00:00:00.000000024,no,delivered,5,856.44
10313.0,dhl,fragile items,scooter,express,north,rainy,207.7,49.16,1970-01-01 00:00:00.000000014,1970-01-01 00:00:00.000000006,yes,delayed,2,1235.98
10328.0,dhl,cosmetics,van,two day,east,stormy,239.8,39.47,1970-01-01 00:00:00.000000012,1970-01-01 00:00:00.000000016,no,delivered,5,1317.41
10334.0,dhl,groceries,bike,express,north,clear,204.1,7.39,1970-01-01 00:00:00.000000004,1970-01-01 00:00:00.000000006,no,delivered,5,1092.67
10364.0,dhl,groceries,van,standard,central,foggy,245.4,30.9,1970-01-01 00:00:00.000000009,1970-01-01 00:00:00.000000024,no,delivered,5,1319.7
10369.0,dhl,pharmacy,ev van,standard,north,cold,147.2,37.09,1970-01-01 00:00:00.000000003,1970-01-01 00:00:00.000000024,no,delivered,5,847.27
10394.0,dhl,groceries,ev bike,express,south,clear,280.7,20.66,1970-01-01 00:00:00.000000008,1970-01-01 00:00:00.000000007,yes,delayed,3,1515.48
10396.0,dhl,fragile items,ev bike,two day,north,rainy,114.5,4.27,1970-01-01 00:00:00.000000006,1970-01-01 00:00:00.000000016,no,delivered,4,585.31
10409.0,dhl,electronics,scooter,two day,south,clear,289.8,33.25,1970-01-01 00:00:00.000000006,1970-01-01 00:00:00.000000016,no,delivered,3,1548.75
10415.0,dhl,clothing,ev van,two day,north,cold,198.4,39.59,1970-01-01 00:00:00.000000009,1970-01-01 00:00:00.000000016,no,delivered,5,1110.77
10430.0,dhl,pharmacy,ev bike,two day,south,stormy,266.0,11.84,1970-01-01 00:00:00.000000014,1970-01-01 00:00:00.000000016,no,delivered,3,1365.52
10434.0,dhl,furniture,van,same day,south,stormy,45.4,28.9,1970-01-01 00:00:00.000000004,1970-01-01 00:00:00.000000008,no,delivered,5,413.7
10437.0,dhl,fragile items,ev van,standard,east,stormy,296.4,36.5,1970-01-01 00:00:00.000000016,1970-01-01 00:00:00.000000024,no,delivered,3,1591.5
10443.0,dhl,clothing,scooter,standard,east,foggy,41.5,25.41,1970-01-01 00:00:00.000000003,1970-01-01 00:00:00.000000024,no,delivered,4,283.73
10447.0,dhl,pharmacy,ev van,two day,south,hot,273.9,49.52,1970-01-01 00:00:00.000000011,1970-01-01 00:00:00.000000016,no,delivered,4,1518.96
10449.0,dhl,electronics,bike,two day,north,stormy,281.0,27.12,1970-01-01 00:00:00.000000013,1970-01-01 00:00:00.000000016,no,delivered,3,1486.36
10452.0,dhl,cosmetics,truck,express,east,rainy,251.8,14.95,1970-01-01 00:00:00.000000009,1970-01-01 00:00:00.000000007,yes,delayed,3,1353.85
10457.0,dhl,pharmacy,scooter,standard,central,cold,222.3,36.54,1970-01-01 00:00:00.000000008,1970-01-01 00:00:00.000000024,no,delivered,4,1221.12
10466.0,dhl,fragile items,bike,express,north,cold,282.1,39.16,1970-01-01 00:00:00.000000008,1970-01-01 00:00:00.000000007,yes,failed,1,1577.98
10468.0,dhl,clothing,truck,two day,south,hot,295.3,34.48,1970-01-01 00:00:00.000000009,1970-01-01 00:00:00.000000016,no,delivered,5,1579.94
10475.0,dhl,pharmacy,scooter,standard,north,hot,154.6,29.4,1970-01-01 00:00:00.000000006,1970-01-01 00:00:00.000000024,no,delivered,5,861.2
10478.0,dhl,furniture,truck,same day,north,cold,215.1,43.25,1970-01-01 00:00:00.000000006,1970-01-01 00:00:00.000000008,no,delivered,4,1305.25
10495.0,dhl,furniture,truck,same day,north,cold,209.4,28.93,1970-01-01 00:00:00.000000004,1970-01-01 00:00:00.000000008,no,delivered,4,1233.79
10505.0,dhl,furniture,scooter,same day,south,clear,164.6,23.09,1970-01-01 00:00:00.000000005,1970-01-01 00:00:00.000000008,no,delivered,5,992.27
10515.0,dhl,furniture,ev van,express,south,hot,78.7,26.28,1970-01-01 00:00:00.000000004,1970-01-01 00:00:00.000000003,yes,delayed,2,522.34
10516.0,dhl,fragile items,bike,express,west,cold,88.3,8.2,1970-01-01 00:00:00.000000004,1970-01-01 00:00:00.000000003,yes,delayed,3,516.1
10518.0,dhl,documents,truck,two day,south,hot,264.6,41.52,1970-01-01 00:00:00.000000008,1970-01-01 00:00:00.000000016,no,delivered,5,1447.56
10525.0,dhl,groceries,truck,same day,west,clear,114.2,46.48,1970-01-01 00:00:00.000000003,1970-01-01 00:00:00.000000008,no,delivered,5,810.44
10530.0,dhl,clothing,truck,two day,west,clear,273.7,42.15,1970-01-01 00:00:00.000000008,1970-01-01 00:00:00.000000016,no,delivered,5,1494.95
10549.0,dhl,fragile items,scooter,two day,east,hot,226.1,8.61,1970-01-01 00:00:00.000000005,1970-01-01 00:00:00.000000016,no,delivered,4,1156.33
10550.0,dhl,fragile items,scooter,standard,central,hot,62.9,1.21,1970-01-01 00:00:00.000000002,1970-01-01 00:00:00.000000024,no,delivered,4,318.13
10568.0,dhl,automobile parts,bike,express,south,hot,250.7,21.97,1970-01-01 00:00:00.000000006,1970-01-01 00:00:00.000000007,no,delivered,5,1369.41
10587.0,dhl,pharmacy,scooter,two day,central,cold,127.8,46.11,1970-01-01 00:00:00.000000005,1970-01-01 00:00:00.000000016,no,delivered,3,777.33
10608.0,dhl,cosmetics,truck,standard,south,clear,205.3,8.94,1970-01-01 00:00:00.000000004,1970-01-01 00:00:00.000000024,no,delivered,4,1053.32
10611.0,dhl,furniture,ev bike,same day,central,hot,174.0,5.23,1970-01-01 00:00:00.000000004,1970-01-01 00:00:00.000000008,no,delivered,5,985.69
10621.0,dhl,cosmetics,van,express,east,clear,165.9,35.55,1970-01-01 00:00:00.000000006,1970-01-01 00:00:00.000000005,yes,delayed,2,986.15
10622.0,dhl,fragile items,scooter,express,north,stormy,99.0,14.63,1970-01-01 00:00:00.000000007,1970-01-01 00:00:00.000000003,yes,delayed,3,588.89
10626.0,dhl,furniture,truck,same day,central,rainy,207.3,29.12,1970-01-01 00:00:00.000000013,1970-01-01 00:00:00.000000008,yes,delayed,2,1223.86
10630.0,dhl,fragile items,bike,two day,central,cold,37.4,11.8,1970-01-01 00:00:00.000000002,1970-01-01 00:00:00.000000016,no,delivered,5,222.4
10632.0,dhl,pharmacy,ev van,same day,south,rainy,194.3,47.51,1970-01-01 00:00:00.000000008,1970-01-01 00:00:00.000000008,yes,delayed,2,1214.03
10638.0,dhl,furniture,ev van,same day,south,rainy,283.3,33.96,1970-01-01 00:00:00.000000011,1970-01-01 00:00:00.000000008,yes,failed,1,1618.38
10647.0,dhl,furniture,van,same day,south,foggy,123.4,10.18,1970-01-01 00:00:00.000000006,1970-01-01 00:00:00.000000008,no,delivered,5,747.54
10649.0,dhl,clothing,bike,express,central,rainy,44.4,47.39,1970-01-01 00:00:00.000000005,1970-01-01 00:00:00.000000002,yes,failed,1,414.17
10658.0,dhl,furniture,van,standard,central,rainy,15.6,41.81,1970-01-01 00:00:00.000000003,1970-01-01 00:00:00.000000024,no,delivered,4,203.43
10660.0,dhl,groceries,ev bike,same day,west,hot,33.3,11.73,1970-01-01 00:00:00.000000001,1970-01-01 00:00:00.000000008,no,delivered,5,301.69
10669.0,dhl,electronics,bike,two day,west,hot,56.4,9.58,1970-01-01 00:00:00.000000001,1970-01-01 00:00:00.000000016,no,delivered,3,310.74
10670.0,dhl,pharmacy,van,same day,south,hot,40.6,13.34,1970-01-01 00:00:00.000000002,1970-01-01 00:00:00.000000008,no,delivered,4,343.02
10682.0,dhl,electronics,ev van,two day,west,clear,35.1,5.17,1970-01-01 00:00:00.000000003,1970-01-01 00:00:00.000000016,no,delivered,4,191.01
10691.0,dhl,cosmetics,van,standard,central,hot,94.4,49.41,1970-01-01 00:00:00.000000002,1970-01-01 00:00:00.000000024,no,delivered,4,620.23
10703.0,dhl,electronics,ev van,same day,north,hot,140.9,16.76,1970-01-01 00:00:00.000000005,1970-01-01 00:00:00.000000008,no,delivered,4,854.78
10716.0,dhl,pharmacy,bike,standard,south,rainy,53.6,1.64,1970-01-01 00:00:00.000000005,1970-01-01 00:00:00.000000024,no,delivered,4,272.92
10718.0,dhl,electronics,scooter,express,south,clear,51.8,43.54,1970-01-01 00:00:00.000000001,1970-01-01 00:00:00.000000003,no,delivered,3,439.62
10721.0,dhl,documents,bike,express,central,cold,114.1,48.2,1970-01-01 00:00:00.000000004,1970-01-01 00:00:00.000000004,no,delivered,4,765.1
10731.0,dhl,automobile parts,scooter,standard,east,stormy,106.6,39.82,1970-01-01 00:00:00.000000005,1970-01-01 00:00:00.000000024,no,delivered,3,652.46
10734.0,dhl,documents,truck,two day,south,clear,154.7,16.54,1970-01-01 00:00:00.000000003,1970-01-01 00:00:00.000000016,no,delivered,4,823.12
10735.0,dhl,electronics,scooter,standard,west,clear,268.3,20.3,1970-01-01 00:00:00.000000005,1970-01-01 00:00:00.000000024,no,delivered,4,1402.4
10777.0,dhl,pharmacy,ev bike,same day,south,clear,249.0,35.64,1970-01-01 00:00:00.000000009,1970-01-01 00:00:00.000000008,yes,delayed,2,1451.92
10783.0,dhl,groceries,bike,standard,east,foggy,273.4,1.8,1970-01-01 00:00:00.000000012,1970-01-01 00:00:00.000000024,no,delivered,4,1372.4
10784.0,dhl,groceries,truck,two day,south,hot,71.4,0.67,1970-01-01 00:00:00.000000003,1970-01-01 00:00:00.000000016,no,delivered,4,358.38
10790.0,dhl,clothing,scooter,same day,central,hot,15.6,20.36,1970-01-01 00:00:00.000000002,1970-01-01 00:00:00.000000008,no,delivered,5,239.08
10792.0,dhl,automobile parts,bike,express,south,cold,167.8,13.86,1970-01-01 00:00:00.000000005,1970-01-01 00:00:00.000000005,no,delivered,4,930.58
10797.0,dhl,clothing,van,express,north,cold,281.0,5.18,1970-01-01 00:00:00.000000008,1970-01-01 00:00:00.000000007,yes,delayed,3,1470.54
10806.0,dhl,automobile parts,van,standard,south,clear,172.8,45.99,1970-01-01 00:00:00.000000005,1970-01-01 00:00:00.000000024,no,delivered,4,1001.97
10811.0,dhl,fragile items,truck,standard,south,rainy,251.0,36.81,1970-01-01 00:00:00.000000007,1970-01-01 00:00:00.000000024,no,delivered,4,1365.43
10814.0,dhl,pharmacy,bike,same day,west,clear,37.0,33.59,1970-01-01 00:00:00.000000001,1970-01-01 00:00:00.000000008,no,delivered,5,385.77
10833.0,dhl,fragile items,ev bike,two day,west,rainy,102.1,37.69,1970-01-01 00:00:00.000000010,1970-01-01 00:00:00.000000016,no,delivered,4,623.57
10840.0,dhl,groceries,scooter,standard,central,hot,128.2,30.54,1970-01-01 00:00:00.000000002,1970-01-01 00:00:00.000000024,no,delivered,4,732.62
10842.0,dhl,documents,van,express,central,clear,208.2,19.22,1970-01-01 00:00:00.000000005,1970-01-01 00:00:00.000000006,no,delivered,5,1148.66
10862.0,dhl,groceries,truck,express,west,clear,172.9,47.58,1970-01-01 00:00:00.000000005,1970-01-01 00:00:00.000000005,yes,delayed,2,1057.24
10864.0,dhl,groceries,truck,express,east,foggy,90.1,31.73,1970-01-01 00:00:00.000000005,1970-01-01 00:00:00.000000003,yes,delayed,3,595.69
10868.0,dhl,automobile parts,van,express,central,clear,46.5,25.38,1970-01-01 00:00:00.000000002,1970-01-01 00:00:00.000000002,no,delivered,3,358.64
10869.0,dhl,groceries,scooter,express,east,foggy,214.8,48.29,1970-01-01 00:00:00.000000007,1970-01-01 00:00:00.000000006,yes,failed,1,1268.87
10883.0,dhl,documents,scooter,standard,central,hot,235.7,42.79,1970-01-01 00:00:00.000000008,1970-01-01 00:00:00.000000024,no,delivered,3,1306.87
10895.0,dhl,electronics,van,same day,west,clear,247.8,45.98,1970-01-01 00:00:00.000000007,1970-01-01 00:00:00.000000008,no,delivered,5,1476.94
10896.0,dhl,furniture,ev van,express,west,clear,156.2,1.83,1970-01-01 00:00:00.000000005,1970-01-01 00:00:00.000000005,yes,failed,1,836.49
10917.0,dhl,cosmetics,van,same day,north,cold,291.2,10.09,1970-01-01 00:00:00.000000006,1970-01-01 00:00:00.000000008,no,delivered,4,1586.27
10941.0,dhl,clothing,ev van,standard,west,hot,126.0,3.79,1970-01-01 00:00:00.000000006,1970-01-01 00:00:00.000000024,no,delivered,4,641.37
10965.0,dhl,automobile parts,ev van,express,west,stormy,186.8,41.37,1970-01-01 00:00:00.000000013,1970-01-01 00:00:00.000000005,yes,failed,2,1108.11
10966.0,dhl,automobile parts,scooter,same day,east,stormy,272.2,29.93,1970-01-01 00:00:00.000000013,1970-01-01 00:00:00.000000008,yes,failed,1,1550.79
10968.0,dhl,cosmetics,ev bike,standard,south,clear,150.8,22.7,1970-01-01 00:00:00.000000006,1970-01-01 00:00:00.000000024,no,delivered,5,822.1
10978.0,dhl,cosmetics,van,express,south,cold,227.7,40.33,1970-01-01 00:00:00.000000005,1970-01-01 00:00:00.000000006,no,delivered,4,1309.49
10991.0,dhl,documents,van,same day,south,stormy,99.8,11.0,1970-01-01 00:00:00.000000009,1970-01-01 00:00:00.000000008,yes,failed,2,632.0
11009.0,dhl,cosmetics,ev van,two day,south,foggy,198.2,18.57,1970-01-01 00:00:00.000000006,1970-01-01 00:00:00.000000016,no,delivered,4,1046.71
11012.0,dhl,cosmetics,bike,standard,east,hot,77.0,45.18,1970-01-01 00:00:00.000000003,1970-01-01 00:00:00.000000024,no,delivered,4,520.54
11016.0,dhl,groceries,scooter,two day,central,clear,186.2,17.16,1970-01-01 00:00:00.000000006,1970-01-01 00:00:00.000000016,no,delivered,4,982.48
11029.0,dhl,fragile items,ev bike,same day,west,clear,33.9,46.93,1970-01-01 00:00:00.000000001,1970-01-01 00:00:00.000000008,no,delivered,4,410.29
11037.0,dhl,groceries,ev bike,same day,west,cold,289.4,39.26,1970-01-01 00:00:00.000000010,1970-01-01 00:00:00.000000008,yes,delayed,2,1632.7206
11042.0,dhl,automobile parts,bike,standard,south,clear,28.4,27.6,1970-01-01 00:00:00.000000002,1970-01-01 00:00:00.000000024,no,delivered,5,224.8
11046.0,dhl,clothing,truck,two day,south,hot,101.0,38.51,1970-01-01 00:00:00.000000004,1970-01-01 00:00:00.000000016,no,delivered,3,620.53
11062.0,dhl,documents,ev van,standard,east,rainy,86.1,18.91,1970-01-01 00:00:00.000000005,1970-01-01 00:00:00.000000024,no,delivered,4,487.23
11068.0,dhl,automobile parts,truck,same day,east,clear,178.4,11.35,1970-01-01 00:00:00.000000006,1970-01-01 00:00:00.000000008,no,delivered,4,1026.05
11069.0,dhl,furniture,truck,standard,central,rainy,239.7,30.93,1970-01-01 00:00:00.000000007,1970-01-01 00:00:00.000000024,no,delivered,3,1291.29
11071.0,dhl,fragile items,van,two day,south,cold,21.4,49.52,1970-01-01 00:00:00.000000000,1970-01-01 00:00:00.000000016,no,delivered,5,256.91
11078.0,dhl,fragile items,truck,same day,central,cold,16.2,17.21,1970-01-01 00:00:00.000000001,1970-01-01 00:00:00.000000008,no,delivered,4,232.63
11087.0,dhl,groceries,ev van,same day,east,cold,224.9,16.62,1970-01-01 00:00:00.000000008,1970-01-01 00:00:00.000000008,yes,delayed,3,1274.36
11106.0,dhl,automobile parts,ev van,express,west,stormy,32.2,23.2,1970-01-01 00:00:00.000000008,1970-01-01 00:00:00.000000002,yes,failed,1,280.6
11117.0,dhl,furniture,ev bike,standard,south,foggy,266.2,44.59,1970-01-01 00:00:00.000000007,1970-01-01 00:00:00.000000024,no,delivered,4,1464.77
11124.0,dhl,electronics,ev bike,two day,east,hot,70.7,47.24,1970-01-01 00:00:00.000000003,1970-01-01 00:00:00.000000016,no,delivered,3,495.22
11147.0,dhl,electronics,van,same day,south,rainy,66.1,49.52,1970-01-01 00:00:00.000000003,1970-01-01 00:00:00.000000008,no,delivered,4,579.12
11164.0,dhl,pharmacy,truck,express,west,foggy,153.7,15.29,1970-01-01 00:00:00.000000006,1970-01-01 00:00:00.000000005,yes,delayed,2,864.37
11181.0,dhl,fragile items,scooter,standard,central,stormy,107.5,30.6,1970-01-01 00:00:00.000000004,1970-01-01 00:00:00.000000024,no,delivered,4,629.3
11182.0,dhl,cosmetics,ev van,standard,central,cold,57.3,42.59,1970-01-01 00:00:00.000000002,1970-01-01 00:00:00.000000024,no,delivered,5,414.27
11196.0,dhl,furniture,bike,express,central,rainy,161.5,14.99,1970-01-01 00:00:00.000000012,1970-01-01 00:00:00.000000005,yes,failed,1,902.47
11203.0,dhl,automobile parts,ev van,same day,north,foggy,241.7,2.74,1970-01-01 00:00:00.000000008,1970-01-01 00:00:00.000000008,yes,delayed,3,1316.72
11211.0,dhl,automobile parts,ev bike,same day,north,rainy,15.6,48.96,1970-01-01 00:00:00.000000003,1970-01-01 00:00:00.000000008,no,delivered,5,324.88
11218.0,dhl,pharmacy,scooter,same day,west,cold,71.8,10.99,1970-01-01 00:00:00.000000003,1970-01-01 00:00:00.000000008,no,delivered,5,491.97
11229.0,dhl,electronics,bike,same day,north,foggy,271.0,38.7,1970-01-01 00:00:00.000000011,1970-01-01 00:00:00.000000008,yes,delayed,3,1571.1
11234.0,dhl,documents,ev van,express,east,cold,35.5,10.13,1970-01-01 00:00:00.000000001,1970-01-01 00:00:00.000000002,no,delivered,5,257.89
11242.0,dhl,cosmetics,bike,same day,east,rainy,12.1,1.64,1970-01-01 00:00:00.000000005,1970-01-01 00:00:00.000000008,no,delivered,3,165.42
11253.0,dhl,furniture,ev van,standard,north,stormy,246.7,3.25,1970-01-01 00:00:00.000000010,1970-01-01 00:00:00.000000024,no,delivered,4,1243.25
11262.0,dhl,pharmacy,ev bike,two day,central,clear,34.0,35.54,1970-01-01 00:00:00.000000003,1970-01-01 00:00:00.000000016,no,delivered,4,276.62
11266.0,dhl,clothing,truck,same day,east,hot,198.4,25.17,1970-01-01 00:00:00.000000006,1970-01-01 00:00:00.000000008,no,delivered,4,1167.51
11271.0,dhl,pharmacy,ev van,express,north,cold,167.8,23.93,1970-01-01 00:00:00.000000005,1970-01-01 00:00:00.000000005,yes,delayed,2,960.79
11282.0,dhl,pharmacy,ev van,two day,west,stormy,292.9,49.5,1970-01-01 00:00:00.000000012,1970-01-01 00:00:00.000000016,no,delivered,5,1613.0
11288.0,dhl,electronics,ev bike,standard,south,hot,201.7,4.87,1970-01-01 00:00:00.000000004,1970-01-01 00:00:00.000000024,no,delivered,5,1023.11
11298.0,dhl,fragile items,ev bike,same day,central,cold,212.2,23.89,1970-01-01 00:00:00.000000006,1970-01-01 00:00:00.000000008,no,delivered,5,1232.67
11308.0,dhl,groceries,scooter,two day,north,foggy,114.6,9.53,1970-01-01 00:00:00.000000005,1970-01-01 00:00:00.000000016,no,delivered,3,601.59
11309.0,dhl,automobile parts,ev bike,two day,west,foggy,22.9,49.05,1970-01-01 00:00:00.000000002,1970-01-01 00:00:00.000000016,no,delivered,5,261.65
11322.0,dhl,fragile items,truck,two day,east,rainy,265.8,13.8,1970-01-01 00:00:00.000000009,1970-01-01 00:00:00.000000016,no,delivered,5,1370.4
11337.0,dhl,furniture,ev van,standard,east,stormy,246.4,11.06,1970-01-01 00:00:00.000000013,1970-01-01 00:00:00.000000024,no,delivered,5,1265.18
11346.0,dhl,automobile parts,ev bike,express,east,foggy,103.6,1.2,1970-01-01 00:00:00.000000006,1970-01-01 00:00:00.000000004,yes,failed,1,571.6
11359.0,dhl,electronics,truck,same day,east,rainy,297.1,25.95,1970-01-01 00:00:00.000000009,1970-01-01 00:00:00.000000008,yes,delayed,2,1632.7206
11360.0,dhl,fragile items,van,standard,south,cold,57.0,36.08,1970-01-01 00:00:00.000000004,1970-01-01 00:00:00.000000024,no,delivered,5,393.24
11364.0,dhl,documents,scooter,standard,east,foggy,127.7,0.78,1970-01-01 00:00:00.000000007,1970-01-01 00:00:00.000000024,no,delivered,4,640.84
11370.0,dhl,pharmacy,van,standard,south,foggy,287.0,16.08,1970-01-01 00:00:00.000000006,1970-01-01 00:00:00.000000024,no,delivered,5,1483.24
11401.0,dhl,furniture,scooter,same day,east,foggy,95.0,32.51,1970-01-01 00:00:00.000000005,1970-01-01 00:00:00.000000008,no,delivered,3,672.53
11412.0,dhl,groceries,ev van,two day,south,rainy,54.5,16.58,1970-01-01 00:00:00.000000005,1970-01-01 00:00:00.000000016,no,delivered,5,322.24
11431.0,dhl,clothing,scooter,express,east,hot,29.2,15.93,1970-01-01 00:00:00.000000001,1970-01-01 00:00:00.000000002,no,delivered,4,243.79
11457.0,dhl,automobile parts,truck,express,north,stormy,191.4,34.19,1970-01-01 00:00:00.000000012,1970-01-01 00:00:00.000000005,yes,delayed,3,1109.57
11480.0,dhl,electronics,van,same day,west,foggy,84.1,19.42,1970-01-01 00:00:00.000000007,1970-01-01 00:00:00.000000008,no,delivered,3,578.76
11489.0,dhl,pharmacy,ev bike,same day,south,foggy,179.5,32.88,1970-01-01 00:00:00.000000005,1970-01-01 00:00:00.000000008,no,delivered,5,1096.14
11497.0,dhl,cosmetics,van,express,south,rainy,86.4,36.29,1970-01-01 00:00:00.000000008,1970-01-01 00:00:00.000000003,yes,delayed,3,590.87
11504.0,dhl,clothing,van,two day,west,foggy,98.5,7.43,1970-01-01 00:00:00.000000006,1970-01-01 00:00:00.000000016,no,delivered,4,514.79
11517.0,dhl,automobile parts,ev bike,two day,south,clear,164.8,24.85,1970-01-01 00:00:00.000000007,1970-01-01 00:00:00.000000016,no,delivered,4,898.55
11525.0,dhl,cosmetics,bike,same day,east,clear,75.9,19.62,1970-01-01 00:00:00.000000003,1970-01-01 00:00:00.000000008,no,delivered,4,538.36
11527.0,dhl,furniture,van,express,west,stormy,103.9,12.11,1970-01-01 00:00:00.000000006,1970-01-01 00:00:00.000000004,yes,delayed,2,605.83
11532.0,dhl,cosmetics,scooter,two day,north,foggy,197.0,2.39,1970-01-01 00:00:00.000000008,1970-01-01 00:00:00.000000016,no,delivered,4,992.17
11534.0,dhl,groceries,ev van,two day,central,clear,221.1,17.83,1970-01-01 00:00:00.000000007,1970-01-01 00:00:00.000000016,no,delivered,4,1158.99
11538.0,dhl,clothing,bike,same day,east,hot,126.0,20.56,1970-01-01 00:00:00.000000005,1970-01-01 00:00:00.000000008,no,delivered,5,791.68
11551.0,dhl,groceries,scooter,two day,south,rainy,133.1,34.78,1970-01-01 00:00:00.000000007,1970-01-01 00:00:00.000000016,no,delivered,3,769.84
11557.0,dhl,fragile items,scooter,express,west,cold,3.6,17.66,1970-01-01 00:00:00.000000002,1970-01-01 00:00:00.000000002,no,delivered,4,118.48
11561.0,dhl,fragile items,van,same day,east,hot,190.9,39.27,1970-01-01 00:00:00.000000008,1970-01-01 00:00:00.000000008,yes,failed,2,1172.31
11585.0,dhl,documents,truck,express,east,rainy,67.4,15.21,1970-01-01 00:00:00.000000006,1970-01-01 00:00:00.000000003,yes,delayed,3,432.63
11600.0,dhl,clothing,ev van,same day,west,stormy,91.7,17.07,1970-01-01 00:00:00.000000007,1970-01-01 00:00:00.000000008,no,delivered,5,609.71
11602.0,dhl,cosmetics,ev bike,standard,north,stormy,40.6,8.75,1970-01-01 00:00:00.000000005,1970-01-01 00:00:00.000000024,no,delivered,5,229.25
11611.0,dhl,fragile items,van,express,south,stormy,207.6,41.31,1970-01-01 00:00:00.000000010,1970-01-01 00:00:00.000000006,yes,delayed,2,1211.93
11617.0,dhl,automobile parts,ev bike,express,south,clear,178.5,37.49,1970-01-01 00:00:00.000000006,1970-01-01 00:00:00.000000005,yes,failed,2,1054.97
11619.0,dhl,fragile items,bike,two day,east,rainy,207.2,42.43,1970-01-01 00:00:00.000000009,1970-01-01 00:00:00.000000016,no,delivered,5,1163.29
11635.0,dhl,clothing,scooter,same day,west,hot,185.7,5.75,1970-01-01 00:00:00.000000004,1970-01-01 00:00:00.000000008,no,delivered,4,1045.75
11637.0,dhl,cosmetics,scooter,two day,east,hot,42.6,27.0,1970-01-01 00:00:00.000000003,1970-01-01 00:00:00.000000016,no,delivered,4,294.0
11638.0,dhl,groceries,van,standard,central,foggy,3.6,49.32,1970-01-01 00:00:00.000000001,1970-01-01 00:00:00.000000024,no,delivered,3,155.96
11640.0,dhl,electronics,ev van,standard,central,rainy,202.3,45.25,1970-01-01 00:00:00.000000010,1970-01-01 00:00:00.000000024,no,delivered,5,1147.25
11650.0,dhl,groceries,bike,two day,east,clear,285.9,24.51,1970-01-01 00:00:00.000000010,1970-01-01 00:00:00.000000016,no,delivered,4,1503.03
11657.0,dhl,pharmacy,scooter,two day,north,hot,124.3,48.25,1970-01-01 00:00:00.000000005,1970-01-01 00:00:00.000000016,no,delivered,5,766.25
11661.0,dhl,electronics,ev van,standard,west,foggy,135.0,25.76,1970-01-01 00:00:00.000000008,1970-01-01 00:00:00.000000024,no,delivered,5,752.28
11667.0,dhl,documents,truck,express,east,cold,212.8,11.94,1970-01-01 00:00:00.000000004,1970-01-01 00:00:00.000000006,no,delivered,5,1149.82
11682.0,dhl,groceries,ev bike,two day,north,clear,13.0,30.82,1970-01-01 00:00:00.000000002,1970-01-01 00:00:00.000000016,no,delivered,4,157.46
11709.0,dhl,automobile parts,truck,standard,central,stormy,7.1,37.91,1970-01-01 00:00:00.000000008,1970-01-01 00:00:00.000000024,no,delivered,5,149.23
11733.0,dhl,pharmacy,van,same day,north,cold,231.7,6.98,1970-01-01 00:00:00.000000008,1970-01-01 00:00:00.000000008,yes,failed,2,1279.44
11755.0,dhl,cosmetics,scooter,express,west,foggy,88.0,46.94,1970-01-01 00:00:00.000000006,1970-01-01 00:00:00.000000003,yes,failed,1,630.82
11769.0,dhl,groceries,ev van,same day,east,rainy,193.5,36.3,1970-01-01 00:00:00.000000009,1970-01-01 00:00:00.000000008,yes,delayed,3,1176.4
11771.0,dhl,furniture,scooter,two day,central,cold,284.4,34.79,1970-01-01 00:00:00.000000005,1970-01-01 00:00:00.000000016,no,delivered,5,1526.37
11773.0,dhl,pharmacy,ev van,two day,south,hot,158.9,49.23,1970-01-01 00:00:00.000000004,1970-01-01 00:00:00.000000016,no,delivered,4,942.19
11876.0,dhl,automobile parts,scooter,express,south,cold,60.2,1.14,1970-01-01 00:00:00.000000003,1970-01-01 00:00:00.000000003,no,delivered,4,354.42
11887.0,dhl,fragile items,ev bike,standard,central,hot,297.1,6.94,1970-01-01 00:00:00.000000010,1970-01-01 00:00:00.000000024,no,delivered,3,1520.32
11898.0,dhl,groceries,ev van,express,east,hot,254.3,4.53,1970-01-01 00:00:00.000000008,1970-01-01 00:00:00.000000007,yes,delayed,2,1335.09
11902.0,dhl,clothing,ev bike,standard,west,hot,153.4,12.91,1970-01-01 00:00:00.000000003,1970-01-01 00:00:00.000000024,no,delivered,5,805.73
11910.0,dhl,automobile parts,scooter,standard,south,foggy,165.1,40.21,1970-01-01 00:00:00.000000004,1970-01-01 00:00:00.000000024,no,delivered,5,946.13
11917.0,dhl,pharmacy,truck,standard,south,cold,93.7,37.91,1970-01-01 00:00:00.000000003,1970-01-01 00:00:00.000000024,no,delivered,5,582.23
11937.0,dhl,pharmacy,bike,standard,central,stormy,74.8,19.18,1970-01-01 00:00:00.000000007,1970-01-01 00:00:00.000000024,no,delivered,4,431.54
11942.0,dhl,groceries,ev bike,same day,central,cold,83.8,38.27,1970-01-01 00:00:00.000000003,1970-01-01 00:00:00.000000008,no,delivered,5,633.81
11943.0,dhl,groceries,ev bike,same day,south,hot,18.2,48.54,1970-01-01 00:00:00.000000003,1970-01-01 00:00:00.000000008,no,delivered,4,336.62
11955.0,dhl,electronics,ev bike,standard,north,hot,272.5,45.57,1970-01-01 00:00:00.000000010,1970-01-01 00:00:00.000000024,no,delivered,4,1499.21
11956.0,dhl,pharmacy,bike,express,south,hot,194.7,14.97,1970-01-01 00:00:00.000000005,1970-01-01 00:00:00.000000005,no,delivered,5,1068.41
11968.0,dhl,cosmetics,bike,express,west,rainy,68.5,10.96,1970-01-01 00:00:00.000000005,1970-01-01 00:00:00.000000003,yes,delayed,3,425.38
11972.0,dhl,groceries,bike,two day,west,clear,191.7,29.35,1970-01-01 00:00:00.000000005,1970-01-01 00:00:00.000000016,no,delivered,4,1046.55
11975.0,dhl,pharmacy,bike,two day,east,hot,243.3,24.96,1970-01-01 00:00:00.000000007,1970-01-01 00:00:00.000000016,no,delivered,5,1291.38
11976.0,dhl,clothing,truck,standard,central,stormy,145.0,24.52,1970-01-01 00:00:00.000000007,1970-01-01 00:00:00.000000024,no,delivered,4,798.56
11992.0,dhl,cosmetics,van,standard,south,hot,161.0,23.17,1970-01-01 00:00:00.000000003,1970-01-01 00:00:00.000000024,no,delivered,4,874.51
11999.0,dhl,documents,van,same day,east,clear,215.3,22.63,1970-01-01 00:00:00.000000010,1970-01-01 00:00:00.000000008,yes,delayed,2,1244.39
12017.0,dhl,cosmetics,scooter,standard,east,clear,263.0,23.93,1970-01-01 00:00:00.000000008,1970-01-01 00:00:00.000000024,no,delivered,4,1386.79
12021.0,dhl,groceries,bike,standard,east,rainy,225.0,24.71,1970-01-01 00:00:00.000000012,1970-01-01 00:00:00.000000024,no,delivered,5,1199.13
12061.0,dhl,electronics,van,express,south,cold,264.6,28.42,1970-01-01 00:00:00.000000010,1970-01-01 00:00:00.000000007,yes,delayed,2,1458.26
12062.0,dhl,automobile parts,ev van,same day,north,rainy,3.6,29.0,1970-01-01 00:00:00.000000005,1970-01-01 00:00:00.000000008,no,delivered,4,201.5
12071.0,dhl,cosmetics,ev bike,express,east,hot,226.5,16.9,1970-01-01 00:00:00.000000006,1970-01-01 00:00:00.000000006,yes,delayed,2,1233.2
12080.0,dhl,documents,bike,two day,west,cold,160.2,43.65,1970-01-01 00:00:00.000000004,1970-01-01 00:00:00.000000016,no,delivered,4,931.95
12081.0,dhl,automobile parts,truck,same day,central,hot,64.4,33.53,1970-01-01 00:00:00.000000002,1970-01-01 00:00:00.000000008,no,delivered,4,522.59
12092.0,dhl,pharmacy,bike,same day,east,clear,103.1,8.54,1970-01-01 00:00:00.000000004,1970-01-01 00:00:00.000000008,no,delivered,5,641.12
12094.0,dhl,clothing,bike,standard,south,rainy,84.8,6.13,1970-01-01 00:00:00.000000008,1970-01-01 00:00:00.000000024,no,delivered,5,442.39
12099.0,dhl,clothing,van,same day,north,rainy,49.7,22.45,1970-01-01 00:00:00.000000006,1970-01-01 00:00:00.000000008,no,delivered,5,415.85
12102.0,dhl,cosmetics,bike,same day,west,clear,234.4,4.85,1970-01-01 00:00:00.000000010,1970-01-01 00:00:00.000000008,yes,delayed,2,1286.55
12111.0,dhl,cosmetics,scooter,same day,east,clear,263.0,3.45,1970-01-01 00:00:00.000000006,1970-01-01 00:00:00.000000008,no,delivered,5,1425.35
12124.0,dhl,cosmetics,scooter,express,south,cold,57.7,32.55,1970-01-01 00:00:00.000000003,1970-01-01 00:00:00.000000003,yes,delayed,3,436.15
12128.0,dhl,electronics,bike,two day,east,foggy,211.4,30.08,1970-01-01 00:00:00.000000010,1970-01-01 00:00:00.000000016,no,delivered,5,1147.24
12141.0,dhl,automobile parts,van,two day,central,clear,213.8,3.02,1970-01-01 00:00:00.000000005,1970-01-01 00:00:00.000000016,no,delivered,3,1078.06
12145.0,dhl,groceries,ev van,same day,east,rainy,211.9,7.79,1970-01-01 00:00:00.000000008,1970-01-01 00:00:00.000000008,yes,delayed,2,1182.87
12156.0,dhl,electronics,ev bike,same day,south,hot,182.9,3.26,1970-01-01 00:00:00.000000006,1970-01-01 00:00:00.000000008,no,delivered,5,1024.28
12178.0,dhl,electronics,truck,same day,east,rainy,166.6,37.41,1970-01-01 00:00:00.000000005,1970-01-01 00:00:00.000000008,no,delivered,4,1045.23
12192.0,dhl,electronics,ev bike,same day,central,clear,103.8,40.36,1970-01-01 00:00:00.000000004,1970-01-01 00:00:00.000000008,no,delivered,4,740.08
12193.0,dhl,electronics,scooter,express,north,hot,183.0,26.92,1970-01-01 00:00:00.000000006,1970-01-01 00:00:00.000000005,yes,failed,1,1045.76
12199.0,dhl,pharmacy,ev van,same day,central,foggy,16.0,36.53,1970-01-01 00:00:00.000000004,1970-01-01 00:00:00.000000008,no,delivered,5,289.59
12210.0,dhl,furniture,ev van,express,central,rainy,297.1,14.74,1970-01-01 00:00:00.000000009,1970-01-01 00:00:00.000000007,yes,delayed,3,1590.22
12218.0,dhl,automobile parts,scooter,express,north,cold,157.6,5.74,1970-01-01 00:00:00.000000006,1970-01-01 00:00:00.000000005,yes,delayed,2,855.22
12224.0,dhl,cosmetics,bike,same day,central,clear,53.1,28.58,1970-01-01 00:00:00.000000003,1970-01-01 00:00:00.000000008,no,delivered,3,451.24
12230.0,dhl,furniture,ev van,same day,east,clear,270.2,38.65,1970-01-01 00:00:00.000000012,1970-01-01 00:00:00.000000008,yes,delayed,3,1566.95
12234.0,dhl,electronics,truck,standard,north,clear,73.2,23.67,1970-01-01 00:00:00.000000004,1970-01-01 00:00:00.000000024,no,delivered,5,437.01
12244.0,dhl,fragile items,ev van,express,central,stormy,238.1,36.89,1970-01-01 00:00:00.000000013,1970-01-01 00:00:00.000000006,yes,delayed,2,1351.17
12248.0,dhl,pharmacy,scooter,two day,central,rainy,258.9,29.26,1970-01-01 00:00:00.000000011,1970-01-01 00:00:00.000000016,no,delivered,5,1382.28
12293.0,dhl,clothing,van,standard,central,clear,72.9,2.06,1970-01-01 00:00:00.000000004,1970-01-01 00:00:00.000000024,no,delivered,4,370.68
12306.0,dhl,fragile items,bike,two day,east,rainy,18.9,4.16,1970-01-01 00:00:00.000000006,1970-01-01 00:00:00.000000016,no,delivered,3,106.98
12310.0,dhl,fragile items,van,same day,north,stormy,50.3,5.74,1970-01-01 00:00:00.000000004,1970-01-01 00:00:00.000000008,no,delivered,3,368.72
12326.0,dhl,furniture,ev van,express,east,rainy,6.9,6.38,1970-01-01 00:00:00.000000007,1970-01-01 00:00:00.000000002,yes,delayed,3,103.64
12338.0,dhl,pharmacy,ev van,standard,central,foggy,178.7,29.99,1970-01-01 00:00:00.000000009,1970-01-01 00:00:00.000000024,no,delivered,4,983.47
12343.0,dhl,clothing,ev bike,two day,north,clear,173.3,16.05,1970-01-01 00:00:00.000000005,1970-01-01 00:00:00.000000016,no,delivered,4,914.65
12344.0,dhl,pharmacy,bike,standard,north,stormy,291.3,37.13,1970-01-01 00:00:00.000000013,1970-01-01 00:00:00.000000024,no,delivered,4,1567.89
12346.0,dhl,documents,scooter,two day,north,rainy,199.9,27.08,1970-01-01 00:00:00.000000011,1970-01-01 00:00:00.000000016,no,delivered,4,1080.74
12348.0,dhl,pharmacy,scooter,express,central,clear,21.0,32.97,1970-01-01 00:00:00.000000000,1970-01-01 00:00:00.000000002,no,delivered,4,253.91
12350.0,dhl,automobile parts,ev bike,express,north,foggy,95.9,26.14,1970-01-01 00:00:00.000000008,1970-01-01 00:00:00.000000003,yes,delayed,2,607.92
12356.0,dhl,clothing,ev van,two day,east,foggy,267.4,16.11,1970-01-01 00:00:00.000000013,1970-01-01 00:00:00.000000016,no,delivered,4,1385.33
12358.0,dhl,fragile items,ev van,same day,west,cold,14.0,7.16,1970-01-01 00:00:00.000000002,1970-01-01 00:00:00.000000008,no,delivered,3,191.48
12360.0,dhl,pharmacy,bike,express,east,stormy,246.6,18.67,1970-01-01 00:00:00.000000010,1970-01-01 00:00:00.000000006,yes,delayed,2,1339.01
12365.0,dhl,automobile parts,ev bike,express,north,hot,209.6,34.23,1970-01-01 00:00:00.000000005,1970-01-01 00:00:00.000000006,no,delivered,5,1200.69
12392.0,dhl,fragile items,ev bike,express,north,clear,136.2,45.88,1970-01-01 00:00:00.000000006,1970-01-01 00:00:00.000000004,yes,delayed,3,868.64
12403.0,dhl,clothing,ev van,two day,east,stormy,193.0,37.9,1970-01-01 00:00:00.000000011,1970-01-01 00:00:00.000000016,no,delivered,4,1078.7
12413.0,dhl,clothing,ev van,standard,west,cold,248.2,24.43,1970-01-01 00:00:00.000000010,1970-01-01 00:00:00.000000024,no,delivered,4,1314.29
12414.0,dhl,furniture,bike,standard,east,hot,221.9,45.54,1970-01-01 00:00:00.000000004,1970-01-01 00:00:00.000000024,no,delivered,5,1246.12
12425.0,dhl,clothing,ev van,same day,east,hot,265.1,18.74,1970-01-01 00:00:00.000000007,1970-01-01 00:00:00.000000008,no,delivered,5,1481.72
12426.0,dhl,electronics,ev bike,same day,south,hot,259.8,34.86,1970-01-01 00:00:00.000000008,1970-01-01 00:00:00.000000008,yes,delayed,2,1503.58
12435.0,dhl,furniture,ev bike,express,west,stormy,280.7,9.43,1970-01-01 00:00:00.000000014,1970-01-01 00:00:00.000000007,yes,delayed,2,1481.79
12437.0,dhl,clothing,ev van,same day,north,clear,67.8,19.14,1970-01-01 00:00:00.000000003,1970-01-01 00:00:00.000000008,no,delivered,4,496.42
12440.0,dhl,clothing,ev van,two day,north,foggy,93.0,19.31,1970-01-01 00:00:00.000000002,1970-01-01 00:00:00.000000016,no,delivered,5,522.93
12441.0,dhl,documents,scooter,two day,north,stormy,162.6,30.79,1970-01-01 00:00:00.000000009,1970-01-01 00:00:00.000000016,no,delivered,5,905.37
12460.0,dhl,pharmacy,ev van,express,west,clear,205.9,14.11,1970-01-01 00:00:00.000000004,1970-01-01 00:00:00.000000006,no,delivered,4,1121.83
12469.0,dhl,fragile items,ev bike,standard,central,foggy,13.4,9.42,1970-01-01 00:00:00.000000002,1970-01-01 00:00:00.000000024,no,delivered,5,95.6674
12470.0,dhl,automobile parts,van,two day,central,cold,127.9,36.94,1970-01-01 00:00:00.000000006,1970-01-01 00:00:00.000000016,no,delivered,5,750.32
12474.0,dhl,clothing,van,express,central,hot,288.6,16.6,1970-01-01 00:00:00.000000010,1970-01-01 00:00:00.000000007,yes,delayed,3,1542.8
12485.0,dhl,fragile items,ev bike,standard,west,cold,228.7,30.28,1970-01-01 00:00:00.000000005,1970-01-01 00:00:00.000000024,no,delivered,3,1234.34
12497.0,dhl,documents,truck,standard,south,clear,293.4,24.54,1970-01-01 00:00:00.000000007,1970-01-01 00:00:00.000000024,no,delivered,5,1540.62
12500.0,dhl,groceries,van,express,central,foggy,178.5,46.78,1970-01-01 00:00:00.000000009,1970-01-01 00:00:00.000000005,yes,delayed,2,1082.84
12506.0,dhl,automobile parts,scooter,same day,south,cold,292.0,3.08,1970-01-01 00:00:00.000000011,1970-01-01 00:00:00.000000008,yes,delayed,3,1569.24
12508.0,dhl,electronics,truck,same day,central,stormy,234.9,47.94,1970-01-01 00:00:00.000000011,1970-01-01 00:00:00.000000008,yes,delayed,3,1418.32
12531.0,dhl,electronics,scooter,express,south,clear,71.6,12.39,1970-01-01 00:00:00.000000002,1970-01-01 00:00:00.000000003,no,delivered,3,445.17
12551.0,dhl,clothing,ev van,same day,east,rainy,13.6,3.89,1970-01-01 00:00:00.000000004,1970-01-01 00:00:00.000000008,no,delivered,4,179.67
12559.0,dhl,pharmacy,ev van,two day,west,clear,185.3,1.81,1970-01-01 00:00:00.000000006,1970-01-01 00:00:00.000000016,no,delivered,5,931.93
12561.0,dhl,furniture,scooter,express,south,foggy,88.5,21.42,1970-01-01 00:00:00.000000006,1970-01-01 00:00:00.000000003,yes,delayed,3,556.76
12566.0,dhl,clothing,truck,two day,north,rainy,101.2,27.32,1970-01-01 00:00:00.000000005,1970-01-01 00:00:00.000000016,no,delivered,4,587.96
12578.0,dhl,automobile parts,ev bike,standard,central,hot,40.7,35.81,1970-01-01 00:00:00.000000003,1970-01-01 00:00:00.000000024,no,delivered,5,310.93
12579.0,dhl,furniture,bike,express,south,foggy,215.5,22.43,1970-01-01 00:00:00.000000007,1970-01-01 00:00:00.000000006,yes,failed,2,1194.79
12599.0,dhl,automobile parts,scooter,two day,south,clear,157.8,32.1,1970-01-01 00:00:00.000000003,1970-01-01 00:00:00.000000016,no,delivered,4,885.3
12609.0,dhl,groceries,bike,two day,north,rainy,241.8,38.76,1970-01-01 00:00:00.000000013,1970-01-01 00:00:00.000000016,no,delivered,5,1325.28
12618.0,dhl,fragile items,scooter,standard,central,clear,224.1,19.69,1970-01-01 00:00:00.000000006,1970-01-01 00:00:00.000000024,no,delivered,5,1179.57
12635.0,dhl,clothing,ev bike,two day,north,foggy,256.1,30.37,1970-01-01 00:00:00.000000009,1970-01-01 00:00:00.000000016,no,delivered,4,1371.61
12644.0,dhl,pharmacy,ev bike,express,west,clear,61.1,39.15,1970-01-01 00:00:00.000000001,1970-01-01 00:00:00.000000003,no,delivered,4,472.95
12651.0,dhl,cosmetics,ev bike,same day,north,rainy,245.3,49.52,1970-01-01 00:00:00.000000010,1970-01-01 00:00:00.000000008,yes,delayed,3,1475.45
12658.0,dhl,cosmetics,ev bike,standard,central,foggy,229.2,35.26,1970-01-01 00:00:00.000000009,1970-01-01 00:00:00.000000024,no,delivered,5,1251.78
12662.0,dhl,fragile items,van,two day,north,stormy,110.4,7.04,1970-01-01 00:00:00.000000007,1970-01-01 00:00:00.000000016,no,delivered,3,573.12
12672.0,dhl,cosmetics,van,same day,east,rainy,145.6,4.72,1970-01-01 00:00:00.000000008,1970-01-01 00:00:00.000000008,yes,delayed,2,842.16
12674.0,dhl,electronics,scooter,standard,east,foggy,197.6,37.77,1970-01-01 00:00:00.000000009,1970-01-01 00:00:00.000000024,no,delivered,5,1101.31
12676.0,dhl,furniture,bike,express,east,stormy,281.7,15.06,1970-01-01 00:00:00.000000012,1970-01-01 00:00:00.000000007,yes,delayed,3,1503.68
12687.0,dhl,electronics,van,same day,west,hot,211.1,9.38,1970-01-01 00:00:00.000000007,1970-01-01 00:00:00.000000008,no,delivered,3,1183.64
12689.0,dhl,electronics,scooter,express,east,stormy,247.5,41.57,1970-01-01 00:00:00.000000013,1970-01-01 00:00:00.000000006,yes,delayed,2,1412.21
12695.0,dhl,electronics,bike,express,north,rainy,268.4,27.74,1970-01-01 00:00:00.000000010,1970-01-01 00:00:00.000000007,yes,delayed,2,1475.22
12707.0,dhl,furniture,ev van,express,north,stormy,16.8,3.88,1970-01-01 00:00:00.000000007,1970-01-01 00:00:00.000000002,yes,delayed,3,145.64
12708.0,dhl,cosmetics,ev bike,standard,north,stormy,152.2,42.0,1970-01-01 00:00:00.000000011,1970-01-01 00:00:00.000000024,no,delivered,4,887.0
12713.0,dhl,pharmacy,van,standard,south,clear,264.6,44.67,1970-01-01 00:00:00.000000008,1970-01-01 00:00:00.000000024,no,delivered,3,1457.01
12715.0,dhl,automobile parts,scooter,two day,north,clear,139.5,3.1,1970-01-01 00:00:00.000000003,1970-01-01 00:00:00.000000016,no,delivered,4,706.8
12722.0,dhl,cosmetics,bike,standard,west,foggy,291.4,45.92,1970-01-01 00:00:00.000000006,1970-01-01 00:00:00.000000024,no,delivered,3,1594.76
12727.0,dhl,automobile parts,scooter,two day,west,clear,109.1,0.67,1970-01-01 00:00:00.000000006,1970-01-01 00:00:00.000000016,no,delivered,5,546.34
12732.0,dhl,clothing,ev van,standard,north,cold,245.6,34.43,1970-01-01 00:00:00.000000005,1970-01-01 00:00:00.000000024,no,delivered,4,1331.29
12734.0,dhl,clothing,scooter,two day,east,cold,205.2,45.05,1970-01-01 00:00:00.000000007,1970-01-01 00:00:00.000000016,no,delivered,5,1161.15
12737.0,dhl,electronics,van,two day,west,foggy,267.5,0.67,1970-01-01 00:00:00.000000005,1970-01-01 00:00:00.000000016,no,delivered,3,1338.19
12753.0,dhl,clothing,truck,express,central,stormy,180.9,44.4,1970-01-01 00:00:00.000000009,1970-01-01 00:00:00.000000005,yes,delayed,3,1087.7
12765.0,dhl,documents,scooter,standard,north,foggy,133.3,21.71,1970-01-01 00:00:00.000000005,1970-01-01 00:00:00.000000024,no,delivered,3,731.63
12767.0,dhl,automobile parts,bike,two day,east,rainy,254.7,31.35,1970-01-01 00:00:00.000000013,1970-01-01 00:00:00.000000016,no,delivered,5,1367.55
12779.0,dhl,groceries,van,two day,south,stormy,4.5,1.74,1970-01-01 00:00:00.000000008,1970-01-01 00:00:00.000000016,no,delivered,4,95.6674
12781.0,dhl,furniture,bike,two day,north,stormy,65.7,45.89,1970-01-01 00:00:00.000000007,1970-01-01 00:00:00.000000016,no,delivered,4,466.17
12789.0,dhl,clothing,truck,express,west,clear,170.8,31.92,1970-01-01 00:00:00.000000007,1970-01-01 00:00:00.000000005,yes,delayed,2,999.76
12821.0,dhl,electronics,ev bike,express,east,cold,241.6,33.88,1970-01-01 00:00:00.000000005,1970-01-01 00:00:00.000000006,no,delivered,3,1359.64
12823.0,dhl,fragile items,bike,express,east,hot,6.6,9.37,1970-01-01 00:00:00.000000001,1970-01-01 00:00:00.000000002,no,delivered,4,111.11
12826.0,dhl,automobile parts,van,standard,east,rainy,261.9,7.59,1970-01-01 00:00:00.000000011,1970-01-01 00:00:00.000000024,no,delivered,4,1332.27
12842.0,dhl,automobile parts,scooter,same day,west,foggy,3.6,45.42,1970-01-01 00:00:00.000000002,1970-01-01 00:00:00.000000008,no,delivered,4,248.26
12847.0,dhl,cosmetics,ev van,same day,east,rainy,85.3,13.38,1970-01-01 00:00:00.000000003,1970-01-01 00:00:00.000000008,no,delivered,3,566.64
12856.0,dhl,pharmacy,van,express,west,cold,149.6,37.21,1970-01-01 00:00:00.000000005,1970-01-01 00:00:00.000000004,yes,delayed,2,909.63
12862.0,dhl,fragile items,scooter,same day,north,stormy,82.5,3.96,1970-01-01 00:00:00.000000006,1970-01-01 00:00:00.000000008,no,delivered,5,524.38
12864.0,dhl,pharmacy,truck,same day,central,clear,97.6,37.02,1970-01-01 00:00:00.000000004,1970-01-01 00:00:00.000000008,no,delivered,5,699.06
12872.0,dhl,cosmetics,truck,express,central,stormy,177.4,37.32,1970-01-01 00:00:00.000000009,1970-01-01 00:00:00.000000005,yes,failed,1,1048.96
12899.0,dhl,groceries,bike,same day,central,foggy,101.6,10.2,1970-01-01 00:00:00.000000005,1970-01-01 00:00:00.000000008,no,delivered,5,638.6
12907.0,dhl,cosmetics,van,express,central,foggy,280.2,39.64,1970-01-01 00:00:00.000000011,1970-01-01 00:00:00.000000007,yes,delayed,2,1569.92
12931.0,dhl,clothing,ev bike,standard,west,cold,112.4,19.57,1970-01-01 00:00:00.000000005,1970-01-01 00:00:00.000000024,no,delivered,3,620.71
12933.0,dhl,automobile parts,bike,express,east,hot,272.1,30.99,1970-01-01 00:00:00.000000011,1970-01-01 00:00:00.000000007,yes,failed,2,1503.47
12942.0,dhl,furniture,bike,two day,west,stormy,186.0,43.31,1970-01-01 00:00:00.000000011,1970-01-01 00:00:00.000000016,no,delivered,5,1059.93
12956.0,dhl,fragile items,ev bike,two day,south,cold,200.3,22.25,1970-01-01 00:00:00.000000008,1970-01-01 00:00:00.000000016,no,delivered,5,1068.25
12959.0,dhl,clothing,ev bike,standard,east,foggy,53.4,11.82,1970-01-01 00:00:00.000000004,1970-01-01 00:00:00.000000024,no,delivered,5,302.46
12960.0,dhl,cosmetics,truck,same day,south,cold,97.4,32.3,1970-01-01 00:00:00.000000006,1970-01-01 00:00:00.000000008,no,delivered,5,683.9
12981.0,dhl,fragile items,ev bike,two day,central,clear,14.5,18.17,1970-01-01 00:00:00.000000000,1970-01-01 00:00:00.000000016,no,delivered,5,127.01
12994.0,dhl,furniture,scooter,standard,east,cold,80.7,46.86,1970-01-01 00:00:00.000000003,1970-01-01 00:00:00.000000024,no,delivered,5,544.08
12998.0,dhl,pharmacy,scooter,two day,east,cold,36.1,2.69,1970-01-01 00:00:00.000000003,1970-01-01 00:00:00.000000016,no,delivered,5,188.57
13039.0,dhl,automobile parts,ev bike,express,central,stormy,215.8,35.23,1970-01-01 00:00:00.000000012,1970-01-01 00:00:00.000000006,yes,delayed,3,1234.69
13045.0,dhl,groceries,truck,same day,west,cold,3.6,27.11,1970-01-01 00:00:00.000000001,1970-01-01 00:00:00.000000008,no,delivered,5,198.33
13050.0,dhl,fragile items,ev bike,two day,east,hot,54.4,42.55,1970-01-01 00:00:00.000000003,1970-01-01 00:00:00.000000016,no,delivered,4,399.65
13063.0,dhl,groceries,ev bike,two day,south,cold,42.1,11.53,1970-01-01 00:00:00.000000003,1970-01-01 00:00:00.000000016,no,delivered,5,245.09
13103.0,dhl,cosmetics,van,two day,west,hot,57.5,45.48,1970-01-01 00:00:00.000000002,1970-01-01 00:00:00.000000016,no,delivered,3,423.94
13112.0,dhl,furniture,ev van,two day,west,foggy,259.3,31.87,1970-01-01 00:00:00.000000007,1970-01-01 00:00:00.000000016,no,delivered,4,1392.11
13113.0,dhl,pharmacy,bike,two day,east,rainy,235.4,13.07,1970-01-01 00:00:00.000000009,1970-01-01 00:00:00.000000016,no,delivered,3,1216.21
13124.0,dhl,fragile items,ev bike,two day,central,cold,125.1,19.61,1970-01-01 00:00:00.000000003,1970-01-01 00:00:00.000000016,no,delivered,3,684.33
13130.0,dhl,groceries,truck,standard,south,foggy,297.1,18.37,1970-01-01 00:00:00.000000009,1970-01-01 00:00:00.000000024,no,delivered,5,1541.11
13149.0,dhl,cosmetics,truck,express,west,rainy,36.9,15.98,1970-01-01 00:00:00.000000006,1970-01-01 00:00:00.000000002,yes,delayed,3,282.44
13150.0,dhl,clothing,bike,express,north,hot,137.2,31.37,1970-01-01 00:00:00.000000006,1970-01-01 00:00:00.000000004,yes,failed,1,830.11
13154.0,dhl,groceries,ev bike,two day,east,cold,133.3,20.37,1970-01-01 00:00:00.000000005,1970-01-01 00:00:00.000000016,no,delivered,5,727.61
13157.0,dhl,fragile items,ev van,standard,east,clear,212.0,23.75,1970-01-01 00:00:00.000000005,1970-01-01 00:00:00.000000024,no,delivered,5,1131.25
13161.0,dhl,cosmetics,ev van,same day,east,stormy,127.3,16.27,1970-01-01 00:00:00.000000007,1970-01-01 00:00:00.000000008,no,delivered,4,785.31
13169.0,dhl,electronics,scooter,standard,south,cold,193.9,45.3,1970-01-01 00:00:00.000000008,1970-01-01 00:00:00.000000024,no,delivered,5,1105.4
13185.0,dhl,fragile items,truck,standard,west,clear,175.8,28.47,1970-01-01 00:00:00.000000006,1970-01-01 00:00:00.000000024,no,delivered,3,964.41
13186.0,dhl,electronics,bike,express,west,hot,8.6,36.19,1970-01-01 00:00:00.000000002,1970-01-01 00:00:00.000000002,no,delivered,5,201.57
13192.0,dhl,furniture,ev van,express,central,stormy,159.4,16.5,1970-01-01 00:00:00.000000012,1970-01-01 00:00:00.000000005,yes,failed,2,896.5
13197.0,dhl,fragile items,truck,express,south,hot,37.2,0.94,1970-01-01 00:00:00.000000003,1970-01-01 00:00:00.000000002,yes,delayed,3,238.82
13200.0,dhl,documents,ev van,two day,west,rainy,199.0,15.63,1970-01-01 00:00:00.000000007,1970-01-01 00:00:00.000000016,no,delivered,5,1041.89
13207.0,dhl,electronics,scooter,express,north,rainy,297.1,23.56,1970-01-01 00:00:00.000000010,1970-01-01 00:00:00.000000007,yes,delayed,2,1609.18
13223.0,dhl,electronics,bike,standard,east,hot,199.8,35.44,1970-01-01 00:00:00.000000007,1970-01-01 00:00:00.000000024,no,delivered,5,1105.32
13225.0,dhl,clothing,bike,two day,south,stormy,173.6,10.92,1970-01-01 00:00:00.000000012,1970-01-01 00:00:00.000000016,no,delivered,5,900.76
13234.0,dhl,cosmetics,bike,standard,north,cold,149.5,13.68,1970-01-01 00:00:00.000000005,1970-01-01 00:00:00.000000024,no,delivered,5,788.54
13243.0,dhl,pharmacy,bike,same day,west,clear,52.8,1.64,1970-01-01 00:00:00.000000004,1970-01-01 00:00:00.000000008,no,delivered,4,368.92
13248.0,dhl,electronics,van,standard,west,rainy,21.1,33.23,1970-01-01 00:00:00.000000004,1970-01-01 00:00:00.000000024,no,delivered,4,205.19
13257.0,dhl,pharmacy,bike,two day,north,stormy,25.7,41.71,1970-01-01 00:00:00.000000005,1970-01-01 00:00:00.000000016,no,delivered,3,253.63
13259.0,dhl,pharmacy,ev van,standard,central,cold,220.3,18.79,1970-01-01 00:00:00.000000008,1970-01-01 00:00:00.000000024,no,delivered,4,1157.87
13280.0,dhl,cosmetics,ev bike,express,north,hot,136.5,43.3,1970-01-01 00:00:00.000000006,1970-01-01 00:00:00.000000004,yes,delayed,3,862.4
13288.0,dhl,fragile items,bike,express,central,hot,263.9,17.79,1970-01-01 00:00:00.000000010,1970-01-01 00:00:00.000000007,yes,delayed,2,1422.87
13312.0,dhl,automobile parts,bike,standard,east,foggy,167.7,26.45,1970-01-01 00:00:00.000000007,1970-01-01 00:00:00.000000024,no,delivered,4,917.85
13320.0,dhl,furniture,bike,express,north,hot,188.0,25.04,1970-01-01 00:00:00.000000005,1970-01-01 00:00:00.000000005,yes,delayed,3,1065.12
13321.0,dhl,documents,ev van,same day,central,foggy,26.7,5.55,1970-01-01 00:00:00.000000003,1970-01-01 00:00:00.000000008,no,delivered,3,250.15
13342.0,dhl,fragile items,ev bike,same day,north,stormy,181.6,6.73,1970-01-01 00:00:00.000000010,1970-01-01 00:00:00.000000008,yes,delayed,2,1028.19
13348.0,dhl,documents,truck,two day,south,clear,214.3,8.88,1970-01-01 00:00:00.000000008,1970-01-01 00:00:00.000000016,no,delivered,4,1098.14
13353.0,dhl,electronics,ev van,same day,east,cold,136.2,17.39,1970-01-01 00:00:00.000000006,1970-01-01 00:00:00.000000008,no,delivered,4,833.17
13354.0,dhl,cosmetics,bike,express,north,hot,99.3,7.36,1970-01-01 00:00:00.000000003,1970-01-01 00:00:00.000000003,no,delivered,5,568.58
13372.0,dhl,cosmetics,truck,two day,north,foggy,111.2,48.57,1970-01-01 00:00:00.000000007,1970-01-01 00:00:00.000000016,no,delivered,4,701.71
13377.0,dhl,cosmetics,scooter,same day,central,clear,28.5,49.18,1970-01-01 00:00:00.000000002,1970-01-01 00:00:00.000000008,no,delivered,4,390.04
13389.0,dhl,furniture,ev bike,two day,west,rainy,258.9,12.04,1970-01-01 00:00:00.000000016,1970-01-01 00:00:00.000000016,yes,delayed,3,1330.62
13394.0,dhl,clothing,bike,express,central,hot,294.7,34.32,1970-01-01 00:00:00.000000007,1970-01-01 00:00:00.000000007,no,delivered,5,1626.46
13409.0,dhl,cosmetics,ev bike,standard,east,stormy,134.0,26.88,1970-01-01 00:00:00.000000010,1970-01-01 00:00:00.000000024,no,delivered,4,750.64
13413.0,dhl,clothing,scooter,express,central,rainy,192.8,33.75,1970-01-01 00:00:00.000000010,1970-01-01 00:00:00.000000005,yes,delayed,3,1115.25
13415.0,dhl,documents,scooter,express,west,stormy,31.2,22.64,1970-01-01 00:00:00.000000005,1970-01-01 00:00:00.000000002,yes,delayed,2,273.92
13419.0,dhl,furniture,ev van,two day,north,foggy,181.7,8.75,1970-01-01 00:00:00.000000008,1970-01-01 00:00:00.000000016,no,delivered,3,934.75
13431.0,dhl,electronics,bike,same day,east,clear,57.8,34.79,1970-01-01 00:00:00.000000003,1970-01-01 00:00:00.000000008,no,delivered,4,493.37
13435.0,dhl,cosmetics,ev bike,two day,central,clear,137.8,15.27,1970-01-01 00:00:00.000000002,1970-01-01 00:00:00.000000016,no,delivered,5,734.81
13439.0,dhl,documents,truck,standard,south,foggy,287.9,32.42,1970-01-01 00:00:00.000000006,1970-01-01 00:00:00.000000024,no,delivered,5,1536.76
13442.0,dhl,documents,bike,same day,east,stormy,62.6,16.17,1970-01-01 00:00:00.000000005,1970-01-01 00:00:00.000000008,no,delivered,3,461.51
13444.0,dhl,electronics,van,two day,north,stormy,293.5,46.56,1970-01-01 00:00:00.000000009,1970-01-01 00:00:00.000000016,no,delivered,5,1607.18
13445.0,dhl,automobile parts,scooter,same day,east,rainy,149.0,49.52,1970-01-01 00:00:00.000000006,1970-01-01 00:00:00.000000008,no,delivered,4,993.83
13446.0,dhl,groceries,ev van,standard,east,foggy,108.9,36.93,1970-01-01 00:00:00.000000005,1970-01-01 00:00:00.000000024,no,delivered,4,655.29
13450.0,dhl,documents,truck,express,south,clear,251.0,32.89,1970-01-01 00:00:00.000000006,1970-01-01 00:00:00.000000007,no,delivered,3,1403.67
13452.0,dhl,pharmacy,truck,same day,central,clear,257.9,10.56,1970-01-01 00:00:00.000000010,1970-01-01 00:00:00.000000008,yes,failed,2,1421.18
13479.0,dhl,cosmetics,ev bike,two day,south,foggy,64.8,13.83,1970-01-01 00:00:00.000000005,1970-01-01 00:00:00.000000016,no,delivered,4,365.49
13484.0,dhl,fragile items,ev van,same day,east,stormy,113.7,49.11,1970-01-01 00:00:00.000000010,1970-01-01 00:00:00.000000008,yes,failed,1,815.83
13491.0,dhl,documents,scooter,express,central,hot,176.5,7.74,1970-01-01 00:00:00.000000006,1970-01-01 00:00:00.000000005,yes,delayed,3,955.72
13493.0,dhl,pharmacy,truck,express,west,clear,269.8,24.35,1970-01-01 00:00:00.000000007,1970-01-01 00:00:00.000000007,no,delivered,4,1472.05
13503.0,dhl,electronics,van,standard,central,rainy,80.1,8.35,1970-01-01 00:00:00.000000009,1970-01-01 00:00:00.000000024,no,delivered,5,425.55
13510.0,dhl,clothing,scooter,express,south,foggy,155.1,27.32,1970-01-01 00:00:00.000000009,1970-01-01 00:00:00.000000005,yes,delayed,3,907.46
13513.0,dhl,furniture,scooter,two day,south,foggy,249.6,28.18,1970-01-01 00:00:00.000000009,1970-01-01 00:00:00.000000016,no,delivered,5,1332.54
13518.0,dhl,automobile parts,ev bike,same day,east,clear,282.3,21.79,1970-01-01 00:00:00.000000007,1970-01-01 00:00:00.000000008,no,delivered,4,1576.87
13535.0,dhl,fragile items,ev bike,standard,north,foggy,28.7,45.82,1970-01-01 00:00:00.000000003,1970-01-01 00:00:00.000000024,no,delivered,4,280.96
13540.0,dhl,electronics,van,same day,east,clear,227.6,27.42,1970-01-01 00:00:00.000000004,1970-01-01 00:00:00.000000008,no,delivered,4,1320.26
13542.0,dhl,electronics,bike,express,east,foggy,52.1,27.15,1970-01-01 00:00:00.000000004,1970-01-01 00:00:00.000000003,yes,delayed,3,391.95
13552.0,dhl,electronics,ev van,two day,east,foggy,258.8,40.67,1970-01-01 00:00:00.000000010,1970-01-01 00:00:00.000000016,no,delivered,4,1416.01
13554.0,dhl,electronics,scooter,express,north,foggy,94.1,35.99,1970-01-01 00:00:00.000000005,1970-01-01 00:00:00.000000003,yes,delayed,3,628.47
13558.0,dhl,furniture,ev bike,express,west,rainy,33.8,9.58,1970-01-01 00:00:00.000000006,1970-01-01 00:00:00.000000002,yes,failed,1,247.74
13562.0,dhl,furniture,ev van,standard,south,foggy,164.4,24.84,1970-01-01 00:00:00.000000006,1970-01-01 00:00:00.000000024,no,delivered,4,896.52
13564.0,dhl,furniture,ev bike,same day,central,foggy,160.9,3.51,1970-01-01 00:00:00.000000008,1970-01-01 00:00:00.000000008,yes,delayed,2,915.03
13581.0,dhl,clothing,bike,standard,east,clear,19.9,20.13,1970-01-01 00:00:00.000000003,1970-01-01 00:00:00.000000024,no,delivered,3,159.89
13582.0,dhl,electronics,truck,standard,central,cold,146.6,28.6,1970-01-01 00:00:00.000000002,1970-01-01 00:00:00.000000024,no,delivered,4,818.8
13602.0,dhl,cosmetics,scooter,express,east,stormy,65.5,12.01,1970-01-01 00:00:00.000000008,1970-01-01 00:00:00.000000003,yes,delayed,3,413.53
13608.0,dhl,automobile parts,scooter,two day,west,foggy,239.7,30.21,1970-01-01 00:00:00.000000008,1970-01-01 00:00:00.000000016,no,delivered,3,1289.13
13618.0,dhl,pharmacy,truck,express,east,clear,127.2,41.6,1970-01-01 00:00:00.000000003,1970-01-01 00:00:00.000000004,no,delivered,5,810.8
13626.0,dhl,fragile items,ev bike,same day,east,foggy,247.7,0.67,1970-01-01 00:00:00.000000007,1970-01-01 00:00:00.000000008,no,delivered,5,1340.15
13631.0,dhl,groceries,truck,express,west,stormy,158.6,44.0,1970-01-01 00:00:00.000000009,1970-01-01 00:00:00.000000005,yes,failed,2,975.0
13641.0,dhl,cosmetics,bike,same day,central,stormy,126.3,31.94,1970-01-01 00:00:00.000000005,1970-01-01 00:00:00.000000008,no,delivered,5,827.32
13651.0,dhl,groceries,ev van,standard,east,hot,94.4,12.09,1970-01-01 00:00:00.000000004,1970-01-01 00:00:00.000000024,no,delivered,4,508.27
13670.0,dhl,fragile items,truck,standard,central,foggy,136.0,4.72,1970-01-01 00:00:00.000000010,1970-01-01 00:00:00.000000024,no,delivered,3,694.16
13677.0,dhl,clothing,van,two day,central,rainy,268.4,5.77,1970-01-01 00:00:00.000000011,1970-01-01 00:00:00.000000016,no,delivered,4,1359.31
13688.0,dhl,fragile items,ev bike,express,east,foggy,21.7,47.78,1970-01-01 00:00:00.000000002,1970-01-01 00:00:00.000000002,no,delivered,4,301.84
13696.0,dhl,electronics,ev bike,two day,south,clear,297.1,41.3,1970-01-01 00:00:00.000000009,1970-01-01 00:00:00.000000016,no,delivered,4,1609.4
13699.0,dhl,cosmetics,bike,same day,east,clear,204.1,21.99,1970-01-01 00:00:00.000000005,1970-01-01 00:00:00.000000008,no,delivered,4,1186.47
13701.0,dhl,groceries,truck,standard,south,cold,221.5,10.21,1970-01-01 00:00:00.000000006,1970-01-01 00:00:00.000000024,no,delivered,3,1138.13
13704.0,dhl,electronics,scooter,same day,east,hot,140.3,44.83,1970-01-01 00:00:00.000000003,1970-01-01 00:00:00.000000008,no,delivered,4,935.99
13708.0,dhl,clothing,ev bike,standard,east,hot,171.6,29.25,1970-01-01 00:00:00.000000005,1970-01-01 00:00:00.000000024,no,delivered,5,945.75
13712.0,dhl,electronics,bike,express,central,rainy,183.4,28.87,1970-01-01 00:00:00.000000008,1970-01-01 00:00:00.000000005,yes,delayed,3,1053.61
13725.0,dhl,clothing,scooter,same day,west,stormy,228.9,5.19,1970-01-01 00:00:00.000000009,1970-01-01 00:00:00.000000008,yes,delayed,3,1260.07
13732.0,dhl,fragile items,scooter,two day,central,clear,162.7,31.85,1970-01-01 00:00:00.000000003,1970-01-01 00:00:00.000000016,no,delivered,5,909.05
13743.0,dhl,furniture,ev bike,express,east,hot,89.1,35.12,1970-01-01 00:00:00.000000005,1970-01-01 00:00:00.000000003,yes,failed,2,600.86
13746.0,dhl,cosmetics,scooter,standard,west,stormy,55.0,36.21,1970-01-01 00:00:00.000000005,1970-01-01 00:00:00.000000024,no,delivered,5,383.63
13748.0,dhl,cosmetics,bike,same day,west,cold,113.5,0.99,1970-01-01 00:00:00.000000006,1970-01-01 00:00:00.000000008,no,delivered,4,670.47
13751.0,dhl,cosmetics,van,same day,south,cold,269.7,35.71,1970-01-01 00:00:00.000000008,1970-01-01 00:00:00.000000008,yes,delayed,3,1555.63
13766.0,dhl,groceries,truck,standard,central,rainy,110.5,27.29,1970-01-01 00:00:00.000000006,1970-01-01 00:00:00.000000024,no,delivered,4,634.37
13774.0,dhl,pharmacy,scooter,same day,north,foggy,212.2,10.69,1970-01-01 00:00:00.000000007,1970-01-01 00:00:00.000000008,no,delivered,5,1193.07
13779.0,dhl,electronics,bike,two day,central,rainy,135.1,49.34,1970-01-01 00:00:00.000000005,1970-01-01 00:00:00.000000016,no,delivered,4,823.52
13801.0,dhl,cosmetics,bike,two day,south,clear,212.9,37.12,1970-01-01 00:00:00.000000008,1970-01-01 00:00:00.000000016,no,delivered,3,1175.86
13802.0,dhl,pharmacy,scooter,same day,north,hot,110.1,31.37,1970-01-01 00:00:00.000000003,1970-01-01 00:00:00.000000008,no,delivered,3,744.61
13820.0,dhl,fragile items,van,express,east,rainy,220.5,42.83,1970-01-01 00:00:00.000000011,1970-01-01 00:00:00.000000006,yes,failed,1,1280.99
13821.0,dhl,pharmacy,truck,express,west,cold,76.2,36.68,1970-01-01 00:00:00.000000003,1970-01-01 00:00:00.000000003,no,delivered,5,541.04
13827.0,dhl,electronics,van,same day,north,cold,50.5,35.57,1970-01-01 00:00:00.000000003,1970-01-01 00:00:00.000000008,no,delivered,5,459.21
13834.0,dhl,furniture,scooter,two day,west,cold,171.1,41.73,1970-01-01 00:00:00.000000008,1970-01-01 00:00:00.000000016,no,delivered,4,980.69
13846.0,dhl,automobile parts,ev van,express,east,foggy,194.9,23.16,1970-01-01 00:00:00.000000006,1970-01-01 00:00:00.000000005,yes,delayed,3,1093.98
13850.0,dhl,furniture,truck,standard,central,hot,87.9,1.76,1970-01-01 00:00:00.000000003,1970-01-01 00:00:00.000000024,no,delivered,4,444.78
13853.0,dhl,fragile items,scooter,express,east,foggy,54.0,42.42,1970-01-01 00:00:00.000000004,1970-01-01 00:00:00.000000003,yes,delayed,3,447.26
13863.0,dhl,electronics,ev bike,same day,west,foggy,199.5,43.93,1970-01-01 00:00:00.000000008,1970-01-01 00:00:00.000000008,yes,failed,2,1229.29
13890.0,dhl,clothing,van,standard,south,clear,115.0,11.75,1970-01-01 00:00:00.000000004,1970-01-01 00:00:00.000000024,no,delivered,4,610.25
13905.0,dhl,pharmacy,scooter,standard,north,foggy,142.3,10.75,1970-01-01 00:00:00.000000008,1970-01-01 00:00:00.000000024,no,delivered,4,743.75
13909.0,dhl,pharmacy,van,same day,central,rainy,193.2,49.52,1970-01-01 00:00:00.000000010,1970-01-01 00:00:00.000000008,yes,delayed,3,1214.92
13918.0,dhl,cosmetics,scooter,express,east,clear,27.9,32.09,1970-01-01 00:00:00.000000001,1970-01-01 00:00:00.000000002,no,delivered,4,285.77
13922.0,dhl,electronics,ev van,same day,central,cold,208.2,33.63,1970-01-01 00:00:00.000000006,1970-01-01 00:00:00.000000008,no,delivered,4,1241.89
13923.0,dhl,fragile items,van,two day,central,cold,194.0,44.42,1970-01-01 00:00:00.000000007,1970-01-01 00:00:00.000000016,no,delivered,5,1103.26
13927.0,dhl,documents,bike,two day,east,rainy,79.8,16.49,1970-01-01 00:00:00.000000004,1970-01-01 00:00:00.000000016,no,delivered,3,448.47
13928.0,dhl,electronics,ev bike,same day,north,rainy,267.1,38.96,1970-01-01 00:00:00.000000010,1970-01-01 00:00:00.000000008,yes,delayed,2,1552.38
13944.0,dhl,cosmetics,ev bike,same day,central,rainy,236.3,36.64,1970-01-01 00:00:00.000000010,1970-01-01 00:00:00.000000008,yes,failed,2,1391.42
13967.0,dhl,clothing,bike,standard,north,hot,116.1,36.62,1970-01-01 00:00:00.000000005,1970-01-01 00:00:00.000000024,no,delivered,5,690.36
13996.0,dhl,fragile items,ev van,two day,east,hot,211.3,36.52,1970-01-01 00:00:00.000000006,1970-01-01 00:00:00.000000016,no,delivered,4,1166.06
14001.0,dhl,pharmacy,truck,same day,central,rainy,81.1,5.29,1970-01-01 00:00:00.000000007,1970-01-01 00:00:00.000000008,no,delivered,5,521.37
14027.0,dhl,groceries,bike,two day,north,cold,147.3,10.31,1970-01-01 00:00:00.000000004,1970-01-01 00:00:00.000000016,no,delivered,4,767.43
14034.0,dhl,electronics,scooter,standard,south,rainy,113.0,47.8,1970-01-01 00:00:00.000000008,1970-01-01 00:00:00.000000024,no,delivered,5,708.4
14046.0,dhl,electronics,ev van,two day,central,foggy,275.8,35.61,1970-01-01 00:00:00.000000007,1970-01-01 00:00:00.000000016,no,delivered,5,1485.83
14085.0,dhl,clothing,bike,standard,south,rainy,75.4,14.65,1970-01-01 00:00:00.000000005,1970-01-01 00:00:00.000000024,no,delivered,5,420.95
14094.0,dhl,pharmacy,bike,same day,north,stormy,148.7,1.18,1970-01-01 00:00:00.000000009,1970-01-01 00:00:00.000000008,yes,delayed,2,847.04
14097.0,dhl,cosmetics,van,express,central,stormy,3.7,8.88,1970-01-01 00:00:00.000000003,1970-01-01 00:00:00.000000002,yes,delayed,2,95.6674
14106.0,dhl,pharmacy,truck,two day,south,stormy,132.9,13.3,1970-01-01 00:00:00.000000009,1970-01-01 00:00:00.000000016,no,delivered,4,704.4
14108.0,dhl,clothing,ev van,express,south,clear,49.8,10.26,1970-01-01 00:00:00.000000002,1970-01-01 00:00:00.000000003,no,delivered,5,329.78
14112.0,dhl,documents,bike,same day,west,foggy,35.3,1.05,1970-01-01 00:00:00.000000003,1970-01-01 00:00:00.000000008,no,delivered,4,279.65
14120.0,dhl,electronics,van,standard,north,hot,185.6,11.35,1970-01-01 00:00:00.000000005,1970-01-01 00:00:00.000000024,no,delivered,5,962.05
14121.0,dhl,documents,bike,two day,north,cold,174.7,23.42,1970-01-01 00:00:00.000000007,1970-01-01 00:00:00.000000016,no,delivered,5,943.76
14129.0,dhl,clothing,van,standard,south,cold,15.3,28.17,1970-01-01 00:00:00.000000000,1970-01-01 00:00:00.000000024,no,delivered,4,161.01
14130.0,dhl,electronics,van,same day,central,foggy,242.7,3.01,1970-01-01 00:00:00.000000013,1970-01-01 00:00:00.000000008,yes,delayed,2,1322.53
14137.0,dhl,electronics,scooter,standard,north,stormy,198.0,26.65,1970-01-01 00:00:00.000000011,1970-01-01 00:00:00.000000024,no,delivered,5,1069.95
14138.0,dhl,automobile parts,scooter,same day,north,stormy,174.5,16.3,1970-01-01 00:00:00.000000010,1970-01-01 00:00:00.000000008,yes,delayed,2,1021.4
14147.0,dhl,documents,scooter,two day,central,cold,3.6,26.6,1970-01-01 00:00:00.000000002,1970-01-01 00:00:00.000000016,no,delivered,5,95.6674
14151.0,dhl,electronics,bike,same day,south,clear,107.0,25.72,1970-01-01 00:00:00.000000005,1970-01-01 00:00:00.000000008,no,delivered,3,712.16
14157.0,dhl,clothing,bike,same day,central,rainy,102.4,21.49,1970-01-01 00:00:00.000000007,1970-01-01 00:00:00.000000008,no,delivered,4,676.47
14165.0,dhl,automobile parts,ev bike,two day,central,stormy,283.3,37.5,1970-01-01 00:00:00.000000008,1970-01-01 00:00:00.000000016,no,delivered,5,1529.0
14181.0,dhl,groceries,van,express,south,hot,235.4,16.82,1970-01-01 00:00:00.000000007,1970-01-01 00:00:00.000000006,yes,delayed,2,1277.46
14196.0,dhl,documents,bike,standard,east,foggy,147.0,39.64,1970-01-01 00:00:00.000000007,1970-01-01 00:00:00.000000024,no,delivered,4,853.92
14202.0,dhl,groceries,bike,express,central,stormy,279.1,18.53,1970-01-01 00:00:00.000000010,1970-01-01 00:00:00.000000007,yes,delayed,2,1501.09
14211.0,dhl,cosmetics,bike,same day,south,stormy,208.9,20.09,1970-01-01 00:00:00.000000010,1970-01-01 00:00:00.000000008,yes,failed,1,1204.77
14218.0,dhl,clothing,truck,standard,east,stormy,272.5,13.52,1970-01-01 00:00:00.000000009,1970-01-01 00:00:00.000000024,no,delivered,4,1403.06
14219.0,dhl,pharmacy,ev van,express,west,stormy,272.6,26.61,1970-01-01 00:00:00.000000012,1970-01-01 00:00:00.000000007,yes,delayed,2,1492.83
14234.0,dhl,fragile items,truck,express,west,hot,293.6,12.93,1970-01-01 00:00:00.000000013,1970-01-01 00:00:00.000000007,yes,delayed,3,1556.79
14235.0,dhl,clothing,ev van,same day,north,foggy,199.3,11.73,1970-01-01 00:00:00.000000011,1970-01-01 00:00:00.000000008,yes,delayed,3,1131.69
14242.0,dhl,pharmacy,scooter,express,south,hot,143.7,8.3,1970-01-01 00:00:00.000000005,1970-01-01 00:00:00.000000004,yes,delayed,2,793.4
14259.0,dhl,furniture,ev bike,standard,east,cold,253.3,21.6,1970-01-01 00:00:00.000000005,1970-01-01 00:00:00.000000024,no,delivered,4,1331.3
14263.0,dhl,furniture,ev bike,two day,south,rainy,262.0,8.6,1970-01-01 00:00:00.000000012,1970-01-01 00:00:00.000000016,no,delivered,5,1335.8
14268.0,dhl,clothing,bike,same day,north,rainy,182.5,34.85,1970-01-01 00:00:00.000000007,1970-01-01 00:00:00.000000008,no,delivered,4,1117.05
14282.0,dhl,documents,van,two day,south,foggy,156.2,43.73,1970-01-01 00:00:00.000000009,1970-01-01 00:00:00.000000016,no,delivered,5,912.19
14283.0,dhl,groceries,scooter,two day,central,rainy,42.1,38.75,1970-01-01 00:00:00.000000004,1970-01-01 00:00:00.000000016,no,delivered,5,326.75
14287.0,dhl,clothing,scooter,same day,east,hot,232.4,23.77,1970-01-01 00:00:00.000000009,1970-01-01 00:00:00.000000008,yes,delayed,3,1333.31
14294.0,dhl,fragile items,ev van,express,central,foggy,226.2,46.58,1970-01-01 00:00:00.000000008,1970-01-01 00:00:00.000000006,yes,failed,1,1320.74
14295.0,dhl,pharmacy,van,standard,east,stormy,157.3,33.83,1970-01-01 00:00:00.000000011,1970-01-01 00:00:00.000000024,no,delivered,5,887.99
14297.0,dhl,clothing,ev van,express,north,stormy,101.4,6.09,1970-01-01 00:00:00.000000008,1970-01-01 00:00:00.000000004,yes,delayed,2,575.27
14313.0,dhl,fragile items,scooter,standard,west,hot,43.3,21.15,1970-01-01 00:00:00.000000001,1970-01-01 00:00:00.000000024,no,delivered,3,279.95
14323.0,dhl,cosmetics,van,express,south,hot,234.5,27.22,1970-01-01 00:00:00.000000009,1970-01-01 00:00:00.000000006,yes,delayed,3,1304.16
14327.0,dhl,automobile parts,truck,standard,south,stormy,293.1,31.29,1970-01-01 00:00:00.000000014,1970-01-01 00:00:00.000000024,no,delivered,5,1559.37
14332.0,dhl,documents,van,express,central,stormy,108.2,6.17,1970-01-01 00:00:00.000000007,1970-01-01 00:00:00.000000004,yes,failed,1,609.51
14333.0,dhl,furniture,ev bike,express,east,foggy,226.1,26.36,1970-01-01 00:00:00.000000007,1970-01-01 00:00:00.000000006,yes,delayed,2,1259.58
14350.0,dhl,cosmetics,scooter,two day,north,rainy,136.6,17.71,1970-01-01 00:00:00.000000012,1970-01-01 00:00:00.000000016,no,delivered,4,736.13
14353.0,dhl,cosmetics,van,express,central,cold,190.7,4.01,1970-01-01 00:00:00.000000009,1970-01-01 00:00:00.000000005,yes,delayed,3,1015.53
14364.0,dhl,fragile items,van,same day,west,foggy,31.4,18.4,1970-01-01 00:00:00.000000003,1970-01-01 00:00:00.000000008,no,delivered,4,312.2
14365.0,dhl,furniture,ev bike,express,south,clear,131.1,27.58,1970-01-01 00:00:00.000000002,1970-01-01 00:00:00.000000004,no,delivered,3,788.24
14367.0,dhl,documents,scooter,two day,west,clear,230.9,25.32,1970-01-01 00:00:00.000000011,1970-01-01 00:00:00.000000016,no,delivered,4,1230.46
14368.0,dhl,clothing,van,standard,south,cold,261.9,42.53,1970-01-01 00:00:00.000000009,1970-01-01 00:00:00.000000024,no,delivered,5,1437.09
14372.0,dhl,electronics,ev van,express,west,cold,40.2,29.69,1970-01-01 00:00:00.000000003,1970-01-01 00:00:00.000000002,yes,delayed,3,340.07
14381.0,dhl,documents,ev van,same day,north,foggy,77.3,39.81,1970-01-01 00:00:00.000000004,1970-01-01 00:00:00.000000008,no,delivered,5,605.93
14389.0,dhl,furniture,truck,standard,west,hot,57.2,19.3,1970-01-01 00:00:00.000000001,1970-01-01 00:00:00.000000024,no,delivered,4,343.9
14395.0,dhl,fragile items,truck,express,east,foggy,122.5,4.24,1970-01-01 00:00:00.000000004,1970-01-01 00:00:00.000000004,yes,delayed,3,675.22
14402.0,dhl,clothing,ev bike,express,central,stormy,247.8,39.0,1970-01-01 00:00:00.000000009,1970-01-01 00:00:00.000000006,yes,delayed,2,1406.0
14403.0,dhl,fragile items,van,standard,south,clear,148.2,34.73,1970-01-01 00:00:00.000000007,1970-01-01 00:00:00.000000024,no,delivered,4,845.19
14404.0,dhl,cosmetics,ev van,express,east,clear,198.8,8.31,1970-01-01 00:00:00.000000006,1970-01-01 00:00:00.000000005,yes,delayed,2,1068.93
14412.0,dhl,pharmacy,scooter,two day,east,stormy,87.0,36.64,1970-01-01 00:00:00.000000006,1970-01-01 00:00:00.000000016,no,delivered,3,544.92
14419.0,dhl,furniture,truck,standard,south,foggy,146.2,22.22,1970-01-01 00:00:00.000000009,1970-01-01 00:00:00.000000024,no,delivered,5,797.66
14443.0,dhl,cosmetics,truck,express,east,clear,243.3,40.58,1970-01-01 00:00:00.000000007,1970-01-01 00:00:00.000000006,yes,delayed,3,1388.24
14468.0,dhl,automobile parts,bike,same day,north,clear,237.4,44.5,1970-01-01 00:00:00.000000005,1970-01-01 00:00:00.000000008,no,delivered,4,1420.5
14474.0,dhl,pharmacy,ev bike,standard,north,hot,179.4,19.92,1970-01-01 00:00:00.000000005,1970-01-01 00:00:00.000000024,no,delivered,3,956.76
14479.0,dhl,documents,bike,same day,south,clear,206.1,32.88,1970-01-01 00:00:00.000000006,1970-01-01 00:00:00.000000008,no,delivered,4,1229.14
14507.0,dhl,clothing,van,same day,south,stormy,139.0,29.68,1970-01-01 00:00:00.000000011,1970-01-01 00:00:00.000000008,yes,delayed,3,884.04
14515.0,dhl,documents,ev van,two day,north,foggy,205.4,13.63,1970-01-01 00:00:00.000000007,1970-01-01 00:00:00.000000016,no,delivered,3,1067.89
14519.0,dhl,groceries,scooter,two day,central,foggy,151.5,3.7,1970-01-01 00:00:00.000000005,1970-01-01 00:00:00.000000016,no,delivered,4,768.6
14537.0,dhl,groceries,scooter,standard,east,cold,258.4,8.3,1970-01-01 00:00:00.000000005,1970-01-01 00:00:00.000000024,no,delivered,4,1316.9
14540.0,dhl,electronics,bike,same day,east,clear,3.6,38.39,1970-01-01 00:00:00.000000001,1970-01-01 00:00:00.000000008,no,delivered,5,230.17
14545.0,dhl,pharmacy,bike,two day,west,rainy,88.6,31.66,1970-01-01 00:00:00.000000008,1970-01-01 00:00:00.000000016,no,delivered,3,537.98
14554.0,dhl,documents,van,standard,east,hot,246.0,24.22,1970-01-01 00:00:00.000000008,1970-01-01 00:00:00.000000024,no,delivered,5,1302.66
14555.0,dhl,groceries,scooter,same day,west,hot,297.1,5.46,1970-01-01 00:00:00.000000009,1970-01-01 00:00:00.000000008,yes,delayed,2,1613.38
14573.0,dhl,fragile items,van,same day,south,rainy,160.2,19.79,1970-01-01 00:00:00.000000006,1970-01-01 00:00:00.000000008,no,delivered,5,960.37
14582.0,dhl,clothing,bike,standard,north,clear,217.6,16.58,1970-01-01 00:00:00.000000007,1970-01-01 00:00:00.000000024,no,delivered,4,1137.74
14599.0,dhl,automobile parts,bike,standard,east,foggy,116.5,29.74,1970-01-01 00:00:00.000000004,1970-01-01 00:00:00.000000024,no,delivered,4,671.72
14609.0,dhl,cosmetics,van,standard,central,hot,215.1,10.57,1970-01-01 00:00:00.000000006,1970-01-01 00:00:00.000000024,no,delivered,4,1107.21
14620.0,dhl,furniture,ev bike,express,west,hot,216.3,16.93,1970-01-01 00:00:00.000000005,1970-01-01 00:00:00.000000006,no,delivered,3,1182.29
14622.0,dhl,groceries,ev bike,two day,west,hot,214.4,14.12,1970-01-01 00:00:00.000000005,1970-01-01 00:00:00.000000016,no,delivered,4,1114.36
14626.0,dhl,pharmacy,bike,same day,central,foggy,126.2,33.13,1970-01-01 00:00:00.000000006,1970-01-01 00:00:00.000000008,no,delivered,5,830.39
14646.0,dhl,electronics,truck,standard,west,foggy,66.9,37.88,1970-01-01 00:00:00.000000005,1970-01-01 00:00:00.000000024,no,delivered,5,448.14
14652.0,dhl,pharmacy,ev van,express,north,cold,295.2,23.6,1970-01-01 00:00:00.000000008,1970-01-01 00:00:00.000000007,yes,delayed,2,1596.8
14655.0,dhl,documents,truck,two day,east,hot,287.9,32.25,1970-01-01 00:00:00.000000006,1970-01-01 00:00:00.000000016,no,delivered,5,1536.25
14656.0,dhl,clothing,scooter,same day,central,stormy,279.1,10.5,1970-01-01 00:00:00.000000014,1970-01-01 00:00:00.000000008,yes,delayed,2,1527.0
14660.0,dhl,fragile items,scooter,express,west,hot,163.4,35.14,1970-01-01 00:00:00.000000005,1970-01-01 00:00:00.000000005,yes,delayed,2,972.42
14665.0,dhl,automobile parts,bike,same day,central,hot,290.8,7.56,1970-01-01 00:00:00.000000009,1970-01-01 00:00:00.000000008,yes,delayed,3,1576.68
14666.0,dhl,pharmacy,ev bike,same day,central,cold,25.9,33.38,1970-01-01 00:00:00.000000003,1970-01-01 00:00:00.000000008,no,delivered,3,329.64
14670.0,dhl,fragile items,ev bike,express,west,clear,27.6,14.21,1970-01-01 00:00:00.000000001,1970-01-01 00:00:00.000000002,no,delivered,4,230.63
14689.0,dhl,clothing,ev bike,same day,west,cold,289.3,41.07,1970-01-01 00:00:00.000000009,1970-01-01 00:00:00.000000008,yes,failed,2,1632.7206
14694.0,dhl,fragile items,bike,standard,central,clear,234.8,18.14,1970-01-01 00:00:00.000000008,1970-01-01 00:00:00.000000024,no,delivered,4,1228.42
14712.0,dhl,clothing,ev van,same day,central,foggy,283.0,40.9,1970-01-01 00:00:00.000000009,1970-01-01 00:00:00.000000008,yes,delayed,2,1632.7206
14727.0,dhl,pharmacy,scooter,express,west,stormy,179.1,35.03,1970-01-01 00:00:00.000000008,1970-01-01 00:00:00.000000005,yes,delayed,2,1050.59
14729.0,dhl,furniture,ev van,two day,east,rainy,36.5,26.05,1970-01-01 00:00:00.000000008,1970-01-01 00:00:00.000000016,no,delivered,4,260.65
14737.0,dhl,clothing,van,express,south,clear,238.4,2.44,1970-01-01 00:00:00.000000006,1970-01-01 00:00:00.000000006,yes,delayed,3,1249.32
14757.0,dhl,documents,scooter,same day,north,rainy,118.1,25.96,1970-01-01 00:00:00.000000005,1970-01-01 00:00:00.000000008,no,delivered,5,768.38
14758.0,dhl,clothing,bike,standard,east,hot,23.8,29.96,1970-01-01 00:00:00.000000002,1970-01-01 00:00:00.000000024,no,delivered,5,208.88
14759.0,dhl,furniture,bike,standard,east,foggy,166.6,33.28,1970-01-01 00:00:00.000000005,1970-01-01 00:00:00.000000024,no,delivered,5,932.84
14760.0,dhl,pharmacy,bike,two day,central,cold,197.3,15.09,1970-01-01 00:00:00.000000005,1970-01-01 00:00:00.000000016,no,delivered,4,1031.77
14762.0,dhl,clothing,scooter,same day,central,stormy,89.7,21.45,1970-01-01 00:00:00.000000008,1970-01-01 00:00:00.000000008,yes,delayed,2,612.85
14764.0,dhl,documents,van,same day,south,rainy,149.1,10.38,1970-01-01 00:00:00.000000008,1970-01-01 00:00:00.000000008,yes,delayed,2,876.64
14773.0,dhl,fragile items,van,two day,south,cold,168.9,36.64,1970-01-01 00:00:00.000000006,1970-01-01 00:00:00.000000016,no,delivered,3,954.42
14794.0,dhl,cosmetics,ev bike,two day,north,clear,104.8,5.49,1970-01-01 00:00:00.000000005,1970-01-01 00:00:00.000000016,no,delivered,5,540.47
14803.0,dhl,documents,ev bike,same day,north,rainy,163.1,42.75,1970-01-01 00:00:00.000000010,1970-01-01 00:00:00.000000008,yes,failed,2,1043.75
14831.0,dhl,electronics,truck,express,central,hot,93.7,16.88,1970-01-01 00:00:00.000000003,1970-01-01 00:00:00.000000003,no,delivered,3,569.14
14871.0,dhl,automobile parts,scooter,two day,west,foggy,94.7,42.39,1970-01-01 00:00:00.000000006,1970-01-01 00:00:00.000000016,no,delivered,4,600.67
14872.0,dhl,automobile parts,ev van,standard,north,cold,172.0,23.77,1970-01-01 00:00:00.000000005,1970-01-01 00:00:00.000000024,no,delivered,3,931.31
14876.0,dhl,electronics,ev van,express,east,clear,148.6,44.8,1970-01-01 00:00:00.000000006,1970-01-01 00:00:00.000000004,yes,delayed,2,927.4
14879.0,dhl,fragile items,van,two day,central,clear,41.5,48.89,1970-01-01 00:00:00.000000001,1970-01-01 00:00:00.000000016,no,delivered,4,354.17
14881.0,dhl,groceries,bike,same day,south,stormy,159.8,20.97,1970-01-01 00:00:00.000000008,1970-01-01 00:00:00.000000008,yes,delayed,3,961.91
14895.0,dhl,cosmetics,truck,two day,north,clear,101.7,26.51,1970-01-01 00:00:00.000000004,1970-01-01 00:00:00.000000016,no,delivered,4,588.03
14896.0,dhl,electronics,bike,same day,central,foggy,195.2,36.33,1970-01-01 00:00:00.000000006,1970-01-01 00:00:00.000000008,no,delivered,3,1184.99
14899.0,dhl,pharmacy,truck,same day,south,hot,195.2,41.24,1970-01-01 00:00:00.000000005,1970-01-01 00:00:00.000000008,no,delivered,3,1199.72
14906.0,dhl,furniture,bike,express,east,hot,103.2,41.91,1970-01-01 00:00:00.000000003,1970-01-01 00:00:00.000000004,no,delivered,5,691.73
14919.0,dhl,cosmetics,ev bike,two day,central,clear,185.5,36.56,1970-01-01 00:00:00.000000004,1970-01-01 00:00:00.000000016,no,delivered,4,1037.18
14931.0,dhl,furniture,bike,standard,south,cold,288.7,42.25,1970-01-01 00:00:00.000000004,1970-01-01 00:00:00.000000024,no,delivered,4,1570.25
14941.0,dhl,electronics,van,standard,south,cold,54.9,9.43,1970-01-01 00:00:00.000000001,1970-01-01 00:00:00.000000024,no,delivered,5,302.79
14945.0,dhl,groceries,ev bike,two day,west,cold,49.1,29.58,1970-01-01 00:00:00.000000002,1970-01-01 00:00:00.000000016,no,delivered,3,334.24
14946.0,dhl,automobile parts,ev van,express,west,clear,13.7,47.18,1970-01-01 00:00:00.000000001,1970-01-01 00:00:00.000000002,no,delivered,4,260.04
14949.0,dhl,furniture,bike,express,west,clear,192.0,14.08,1970-01-01 00:00:00.000000009,1970-01-01 00:00:00.000000005,yes,delayed,2,1052.24
14950.0,dhl,clothing,ev bike,express,north,clear,90.1,6.77,1970-01-01 00:00:00.000000003,1970-01-01 00:00:00.000000003,no,delivered,4,520.81
14955.0,dhl,cosmetics,ev bike,two day,north,cold,151.9,4.31,1970-01-01 00:00:00.000000005,1970-01-01 00:00:00.000000016,no,delivered,4,772.43
14957.0,dhl,automobile parts,bike,express,south,rainy,212.6,9.49,1970-01-01 00:00:00.000000009,1970-01-01 00:00:00.000000006,yes,failed,1,1141.47
14958.0,dhl,cosmetics,bike,two day,west,foggy,65.0,20.35,1970-01-01 00:00:00.000000005,1970-01-01 00:00:00.000000016,no,delivered,3,386.05
14959.0,dhl,electronics,ev van,standard,south,foggy,95.7,13.65,1970-01-01 00:00:00.000000005,1970-01-01 00:00:00.000000024,no,delivered,3,519.45
14969.0,dhl,pharmacy,ev van,standard,east,hot,92.7,31.1,1970-01-01 00:00:00.000000005,1970-01-01 00:00:00.000000024,no,delivered,4,556.8
14973.0,dhl,groceries,truck,express,south,cold,117.3,24.81,1970-01-01 00:00:00.000000004,1970-01-01 00:00:00.000000004,yes,delayed,3,710.93
15007.0,dhl,electronics,truck,express,east,cold,169.8,24.1,1970-01-01 00:00:00.000000005,1970-01-01 00:00:00.000000005,yes,delayed,2,971.3
15008.0,dhl,documents,ev bike,standard,south,rainy,211.4,7.85,1970-01-01 00:00:00.000000008,1970-01-01 00:00:00.000000024,no,delivered,5,1080.55
15013.0,dhl,furniture,truck,express,central,foggy,205.6,15.12,1970-01-01 00:00:00.000000007,1970-01-01 00:00:00.000000006,yes,delayed,3,1123.36
15038.0,dhl,cosmetics,truck,express,central,rainy,136.5,10.64,1970-01-01 00:00:00.000000008,1970-01-01 00:00:00.000000004,yes,delayed,2,764.42
15044.0,dhl,fragile items,ev van,two day,south,rainy,182.6,20.36,1970-01-01 00:00:00.000000011,1970-01-01 00:00:00.000000016,no,delivered,4,974.08
15058.0,dhl,cosmetics,bike,express,west,stormy,192.1,27.03,1970-01-01 00:00:00.000000012,1970-01-01 00:00:00.000000005,yes,failed,1,1091.59
15066.0,dhl,cosmetics,scooter,same day,south,rainy,278.1,15.98,1970-01-01 00:00:00.000000012,1970-01-01 00:00:00.000000008,yes,failed,2,1538.44
15070.0,dhl,cosmetics,bike,two day,north,clear,284.7,48.35,1970-01-01 00:00:00.000000008,1970-01-01 00:00:00.000000016,no,delivered,3,1568.55
15075.0,dhl,fragile items,van,same day,east,hot,56.6,44.17,1970-01-01 00:00:00.000000002,1970-01-01 00:00:00.000000008,no,delivered,4,515.51
15084.0,dhl,electronics,bike,standard,central,rainy,44.2,9.02,1970-01-01 00:00:00.000000007,1970-01-01 00:00:00.000000024,no,delivered,5,248.06
15128.0,dhl,electronics,scooter,standard,central,cold,62.9,37.78,1970-01-01 00:00:00.000000004,1970-01-01 00:00:00.000000024,no,delivered,4,427.84
15139.0,dhl,groceries,bike,standard,north,hot,43.6,0.67,1970-01-01 00:00:00.000000002,1970-01-01 00:00:00.000000024,no,delivered,4,219.86
15148.0,dhl,documents,ev van,two day,west,clear,202.8,8.21,1970-01-01 00:00:00.000000006,1970-01-01 00:00:00.000000016,no,delivered,4,1038.63
15160.0,dhl,electronics,truck,express,central,rainy,24.8,46.6,1970-01-01 00:00:00.000000007,1970-01-01 00:00:00.000000002,yes,delayed,2,313.8
15169.0,dhl,clothing,scooter,same day,east,hot,260.0,18.59,1970-01-01 00:00:00.000000005,1970-01-01 00:00:00.000000008,no,delivered,4,1455.77
15172.0,dhl,pharmacy,scooter,same day,central,stormy,200.1,8.73,1970-01-01 00:00:00.000000006,1970-01-01 00:00:00.000000008,no,delivered,4,1126.69
15180.0,dhl,groceries,bike,same day,south,foggy,54.9,14.17,1970-01-01 00:00:00.000000005,1970-01-01 00:00:00.000000008,no,delivered,5,417.01
15182.0,dhl,cosmetics,van,standard,south,clear,223.1,9.19,1970-01-01 00:00:00.000000006,1970-01-01 00:00:00.000000024,no,delivered,3,1143.07
15198.0,dhl,clothing,scooter,same day,west,foggy,19.3,16.46,1970-01-01 00:00:00.000000004,1970-01-01 00:00:00.000000008,no,delivered,5,245.88
15199.0,dhl,electronics,truck,two day,south,rainy,213.9,43.05,1970-01-01 00:00:00.000000009,1970-01-01 00:00:00.000000016,no,delivered,5,1198.65
15207.0,dhl,cosmetics,van,standard,south,foggy,168.5,44.08,1970-01-01 00:00:00.000000004,1970-01-01 00:00:00.000000024,no,delivered,5,974.74
15209.0,dhl,documents,van,express,central,rainy,10.6,12.87,1970-01-01 00:00:00.000000004,1970-01-01 00:00:00.000000002,yes,delayed,3,141.61
15217.0,dhl,pharmacy,van,standard,north,rainy,43.4,7.24,1970-01-01 00:00:00.000000005,1970-01-01 00:00:00.000000024,no,delivered,5,238.72
15221.0,dhl,fragile items,scooter,two day,central,stormy,86.9,8.52,1970-01-01 00:00:00.000000007,1970-01-01 00:00:00.000000016,no,delivered,4,460.06
15227.0,dhl,fragile items,bike,standard,east,clear,146.9,12.26,1970-01-01 00:00:00.000000002,1970-01-01 00:00:00.000000024,no,delivered,5,771.28
15228.0,dhl,groceries,scooter,two day,east,rainy,62.6,13.3,1970-01-01 00:00:00.000000006,1970-01-01 00:00:00.000000016,no,delivered,4,352.9
15230.0,dhl,cosmetics,scooter,express,north,hot,296.5,19.93,1970-01-01 00:00:00.000000008,1970-01-01 00:00:00.000000007,yes,delayed,3,1592.29
15233.0,dhl,clothing,truck,express,west,rainy,251.5,0.67,1970-01-01 00:00:00.000000011,1970-01-01 00:00:00.000000007,yes,failed,1,1308.91
15250.0,dhl,cosmetics,ev van,same day,east,rainy,259.2,42.99,1970-01-01 00:00:00.000000010,1970-01-01 00:00:00.000000008,yes,delayed,2,1524.97
15251.0,dhl,fragile items,van,two day,south,hot,61.0,29.12,1970-01-01 00:00:00.000000001,1970-01-01 00:00:00.000000016,no,delivered,4,392.36
15259.0,dhl,pharmacy,van,express,west,hot,146.0,34.33,1970-01-01 00:00:00.000000007,1970-01-01 00:00:00.000000004,yes,delayed,2,882.99
15269.0,dhl,cosmetics,ev bike,same day,south,hot,55.8,10.1,1970-01-01 00:00:00.000000001,1970-01-01 00:00:00.000000008,no,delivered,4,409.3
15280.0,dhl,furniture,ev van,same day,central,rainy,297.1,26.31,1970-01-01 00:00:00.000000008,1970-01-01 00:00:00.000000008,yes,failed,2,1632.7206
15295.0,dhl,fragile items,ev van,two day,south,stormy,187.2,47.23,1970-01-01 00:00:00.000000008,1970-01-01 00:00:00.000000016,no,delivered,4,1077.69
15296.0,dhl,furniture,ev van,two day,south,clear,84.1,42.01,1970-01-01 00:00:00.000000002,1970-01-01 00:00:00.000000016,no,delivered,3,546.53
15305.0,dhl,documents,bike,two day,east,stormy,31.8,20.15,1970-01-01 00:00:00.000000003,1970-01-01 00:00:00.000000016,no,delivered,5,219.45
15319.0,dhl,groceries,scooter,same day,central,rainy,191.9,40.14,1970-01-01 00:00:00.000000009,1970-01-01 00:00:00.000000008,yes,delayed,3,1179.92
15322.0,dhl,groceries,truck,same day,east,clear,275.3,20.11,1970-01-01 00:00:00.000000007,1970-01-01 00:00:00.000000008,no,delivered,5,1536.83
15336.0,dhl,clothing,van,standard,east,cold,99.2,46.77,1970-01-01 00:00:00.000000003,1970-01-01 00:00:00.000000024,no,delivered,3,636.31
15337.0,dhl,pharmacy,ev bike,two day,central,hot,49.1,7.26,1970-01-01 00:00:00.000000003,1970-01-01 00:00:00.000000016,no,delivered,5,267.28
15348.0,dhl,groceries,truck,express,south,cold,193.1,35.97,1970-01-01 00:00:00.000000005,1970-01-01 00:00:00.000000005,no,delivered,5,1123.41
15349.0,dhl,cosmetics,ev bike,same day,central,foggy,86.5,29.86,1970-01-01 00:00:00.000000006,1970-01-01 00:00:00.000000008,no,delivered,5,622.08
15361.0,dhl,groceries,ev van,standard,central,foggy,112.1,13.7,1970-01-01 00:00:00.000000005,1970-01-01 00:00:00.000000024,no,delivered,4,601.6
15375.0,dhl,fragile items,ev van,express,central,rainy,70.2,26.62,1970-01-01 00:00:00.000000007,1970-01-01 00:00:00.000000003,yes,delayed,3,480.86
15378.0,dhl,cosmetics,ev bike,express,south,rainy,46.3,37.58,1970-01-01 00:00:00.000000006,1970-01-01 00:00:00.000000002,yes,failed,1,394.24
15379.0,dhl,electronics,scooter,same day,south,hot,205.9,6.07,1970-01-01 00:00:00.000000006,1970-01-01 00:00:00.000000008,no,delivered,4,1147.71
15380.0,dhl,furniture,ev bike,standard,west,clear,21.8,8.46,1970-01-01 00:00:00.000000001,1970-01-01 00:00:00.000000024,no,delivered,5,134.38
15384.0,dhl,cosmetics,ev van,standard,east,hot,282.4,3.98,1970-01-01 00:00:00.000000008,1970-01-01 00:00:00.000000024,no,delivered,3,1423.94
15386.0,dhl,pharmacy,bike,express,central,clear,141.6,48.6,1970-01-01 00:00:00.000000002,1970-01-01 00:00:00.000000004,no,delivered,5,903.8
15389.0,dhl,furniture,ev bike,two day,east,clear,228.4,31.54,1970-01-01 00:00:00.000000005,1970-01-01 00:00:00.000000016,no,delivered,5,1236.62
15410.0,dhl,pharmacy,truck,same day,west,foggy,231.3,30.14,1970-01-01 00:00:00.000000009,1970-01-01 00:00:00.000000008,yes,delayed,3,1346.92
15418.0,dhl,documents,ev van,express,central,stormy,32.7,13.5,1970-01-01 00:00:00.000000006,1970-01-01 00:00:00.000000002,yes,delayed,3,254.0
15419.0,dhl,pharmacy,ev bike,same day,west,clear,267.6,35.62,1970-01-01 00:00:00.000000006,1970-01-01 00:00:00.000000008,no,delivered,3,1544.86
15422.0,dhl,automobile parts,bike,two day,north,stormy,153.1,7.15,1970-01-01 00:00:00.000000009,1970-01-01 00:00:00.000000016,no,delivered,5,786.95
15423.0,dhl,groceries,bike,express,south,hot,252.6,44.34,1970-01-01 00:00:00.000000009,1970-01-01 00:00:00.000000007,yes,delayed,2,1446.02
15426.0,dhl,electronics,scooter,standard,south,foggy,263.3,7.21,1970-01-01 00:00:00.000000012,1970-01-01 00:00:00.000000024,no,delivered,5,1338.13
15440.0,dhl,automobile parts,ev van,standard,west,foggy,287.5,49.52,1970-01-01 00:00:00.000000009,1970-01-01 00:00:00.000000024,no,delivered,5,1587.08
15441.0,dhl,pharmacy,ev bike,same day,west,stormy,261.5,6.98,1970-01-01 00:00:00.000000012,1970-01-01 00:00:00.000000008,yes,delayed,2,1428.44
15448.0,dhl,fragile items,truck,same day,west,foggy,44.8,6.15,1970-01-01 00:00:00.000000004,1970-01-01 00:00:00.000000008,no,delivered,5,342.45
15452.0,dhl,fragile items,van,two day,east,rainy,222.2,23.14,1970-01-01 00:00:00.000000008,1970-01-01 00:00:00.000000016,no,delivered,5,1180.42
15455.0,dhl,furniture,bike,standard,west,rainy,166.2,13.26,1970-01-01 00:00:00.000000012,1970-01-01 00:00:00.000000024,no,delivered,5,870.78
15459.0,dhl,clothing,van,standard,north,foggy,116.0,43.49,1970-01-01 00:00:00.000000005,1970-01-01 00:00:00.000000024,no,delivered,4,710.47
15464.0,dhl,fragile items,truck,two day,central,stormy,291.5,1.06,1970-01-01 00:00:00.000000008,1970-01-01 00:00:00.000000016,no,delivered,5,1460.68
15466.0,dhl,pharmacy,van,same day,north,cold,40.4,3.41,1970-01-01 00:00:00.000000002,1970-01-01 00:00:00.000000008,no,delivered,3,312.23
15472.0,dhl,pharmacy,truck,two day,central,hot,80.2,1.64,1970-01-01 00:00:00.000000003,1970-01-01 00:00:00.000000016,no,delivered,4,405.92
15476.0,dhl,automobile parts,van,same day,central,hot,285.0,5.58,1970-01-01 00:00:00.000000008,1970-01-01 00:00:00.000000008,yes,delayed,2,1541.74
15480.0,dhl,furniture,ev van,standard,west,stormy,262.3,8.03,1970-01-01 00:00:00.000000015,1970-01-01 00:00:00.000000024,no,delivered,5,1335.59
15510.0,dhl,electronics,scooter,two day,south,hot,21.8,0.67,1970-01-01 00:00:00.000000002,1970-01-01 00:00:00.000000016,no,delivered,4,109.96
15518.0,dhl,clothing,truck,standard,central,cold,213.9,44.47,1970-01-01 00:00:00.000000006,1970-01-01 00:00:00.000000024,no,delivered,4,1202.91
15522.0,dhl,fragile items,scooter,same day,south,hot,223.2,42.11,1970-01-01 00:00:00.000000008,1970-01-01 00:00:00.000000008,yes,failed,2,1342.33
15536.0,dhl,cosmetics,ev bike,standard,west,hot,163.4,32.43,1970-01-01 00:00:00.000000004,1970-01-01 00:00:00.000000024,no,delivered,5,914.29
15541.0,dhl,groceries,scooter,two day,south,stormy,261.7,29.06,1970-01-01 00:00:00.000000007,1970-01-01 00:00:00.000000016,no,delivered,3,1395.68
15552.0,dhl,clothing,ev bike,express,east,hot,17.8,21.18,1970-01-01 00:00:00.000000001,1970-01-01 00:00:00.000000002,no,delivered,4,202.54
15555.0,dhl,clothing,ev bike,two day,south,cold,212.5,29.91,1970-01-01 00:00:00.000000007,1970-01-01 00:00:00.000000016,no,delivered,5,1152.23
15565.0,dhl,cosmetics,bike,standard,central,rainy,150.3,11.31,1970-01-01 00:00:00.000000010,1970-01-01 00:00:00.000000024,no,delivered,5,785.43
15570.0,dhl,pharmacy,truck,two day,south,cold,77.1,21.49,1970-01-01 00:00:00.000000002,1970-01-01 00:00:00.000000016,no,delivered,4,449.97
15581.0,dhl,groceries,ev van,standard,west,stormy,289.4,19.45,1970-01-01 00:00:00.000000018,1970-01-01 00:00:00.000000024,no,delivered,5,1505.35
15588.0,dhl,electronics,van,standard,south,foggy,100.9,12.42,1970-01-01 00:00:00.000000003,1970-01-01 00:00:00.000000024,no,delivered,5,541.76
15598.0,dhl,automobile parts,ev bike,standard,east,clear,209.4,38.8,1970-01-01 00:00:00.000000006,1970-01-01 00:00:00.000000024,no,delivered,4,1163.4
15606.0,dhl,furniture,van,express,north,hot,135.6,33.39,1970-01-01 00:00:00.000000005,1970-01-01 00:00:00.000000004,yes,delayed,2,828.17
15616.0,dhl,documents,ev bike,same day,east,foggy,174.0,27.75,1970-01-01 00:00:00.000000006,1970-01-01 00:00:00.000000008,no,delivered,5,1053.25
15635.0,dhl,pharmacy,ev van,standard,north,clear,228.2,22.13,1970-01-01 00:00:00.000000006,1970-01-01 00:00:00.000000024,no,delivered,3,1207.39
15637.0,dhl,electronics,scooter,same day,central,foggy,216.1,21.13,1970-01-01 00:00:00.000000010,1970-01-01 00:00:00.000000008,yes,delayed,3,1243.89
15647.0,dhl,cosmetics,ev bike,two day,south,cold,148.0,31.18,1970-01-01 00:00:00.000000006,1970-01-01 00:00:00.000000016,no,delivered,4,833.54
15655.0,dhl,furniture,ev van,standard,central,foggy,44.9,7.38,1970-01-01 00:00:00.000000004,1970-01-01 00:00:00.000000024,no,delivered,4,246.64
15657.0,dhl,pharmacy,scooter,two day,south,foggy,65.0,4.97,1970-01-01 00:00:00.000000006,1970-01-01 00:00:00.000000016,no,delivered,5,339.91
15665.0,dhl,pharmacy,ev bike,standard,central,stormy,72.2,15.08,1970-01-01 00:00:00.000000004,1970-01-01 00:00:00.000000024,no,delivered,3,406.24
15667.0,dhl,documents,van,standard,east,rainy,77.8,34.76,1970-01-01 00:00:00.000000005,1970-01-01 00:00:00.000000024,no,delivered,5,493.28
15669.0,dhl,groceries,bike,standard,west,cold,98.0,49.52,1970-01-01 00:00:00.000000002,1970-01-01 00:00:00.000000024,no,delivered,5,639.55
15671.0,dhl,electronics,van,standard,west,cold,39.3,23.8,1970-01-01 00:00:00.000000002,1970-01-01 00:00:00.000000024,no,delivered,3,267.9
15672.0,dhl,pharmacy,ev van,standard,central,cold,233.1,41.88,1970-01-01 00:00:00.000000005,1970-01-01 00:00:00.000000024,no,delivered,5,1291.14
15677.0,dhl,automobile parts,ev bike,standard,east,clear,135.2,38.5,1970-01-01 00:00:00.000000006,1970-01-01 00:00:00.000000024,no,delivered,4,791.5
15683.0,dhl,automobile parts,scooter,standard,north,foggy,132.1,9.76,1970-01-01 00:00:00.000000004,1970-01-01 00:00:00.000000024,no,delivered,4,689.78
15772.0,dhl,automobile parts,bike,same day,south,clear,4.9,14.37,1970-01-01 00:00:00.000000000,1970-01-01 00:00:00.000000008,no,delivered,4,167.61
15775.0,dhl,cosmetics,ev bike,express,south,cold,102.9,39.54,1970-01-01 00:00:00.000000003,1970-01-01 00:00:00.000000004,no,delivered,3,683.12
15785.0,dhl,groceries,ev bike,same day,central,foggy,88.0,19.39,1970-01-01 00:00:00.000000006,1970-01-01 00:00:00.000000008,no,delivered,4,598.17
15790.0,dhl,automobile parts,truck,standard,east,cold,147.2,39.32,1970-01-01 00:00:00.000000006,1970-01-01 00:00:00.000000024,no,delivered,5,853.96
15801.0,dhl,pharmacy,scooter,express,south,clear,167.2,10.73,1970-01-01 00:00:00.000000005,1970-01-01 00:00:00.000000005,no,delivered,5,918.19
15802.0,dhl,documents,scooter,same day,east,clear,210.1,27.22,1970-01-01 00:00:00.000000005,1970-01-01 00:00:00.000000008,no,delivered,5,1232.16
15807.0,dhl,electronics,van,express,north,hot,243.3,29.34,1970-01-01 00:00:00.000000006,1970-01-01 00:00:00.000000006,yes,failed,1,1354.52
15811.0,dhl,electronics,ev bike,same day,west,clear,279.9,5.67,1970-01-01 00:00:00.000000009,1970-01-01 00:00:00.000000008,yes,delayed,2,1516.51
15813.0,dhl,cosmetics,scooter,express,east,cold,112.1,17.82,1970-01-01 00:00:00.000000004,1970-01-01 00:00:00.000000004,yes,delayed,2,663.96
15820.0,dhl,groceries,ev van,same day,west,clear,270.1,21.76,1970-01-01 00:00:00.000000006,1970-01-01 00:00:00.000000008,no,delivered,4,1515.78
15826.0,dhl,furniture,ev van,standard,central,rainy,81.9,11.45,1970-01-01 00:00:00.000000008,1970-01-01 00:00:00.000000024,no,delivered,4,443.85
15827.0,dhl,clothing,scooter,standard,west,stormy,166.7,2.05,1970-01-01 00:00:00.000000007,1970-01-01 00:00:00.000000024,no,delivered,5,839.65
15840.0,dhl,automobile parts,ev bike,same day,west,stormy,29.9,21.91,1970-01-01 00:00:00.000000006,1970-01-01 00:00:00.000000008,no,delivered,4,315.23
15844.0,dhl,furniture,ev van,same day,north,clear,34.1,17.88,1970-01-01 00:00:00.000000002,1970-01-01 00:00:00.000000008,no,delivered,3,324.14
15856.0,dhl,fragile items,scooter,standard,south,foggy,127.6,14.83,1970-01-01 00:00:00.000000009,1970-01-01 00:00:00.000000024,no,delivered,5,682.49
15884.0,dhl,fragile items,ev van,same day,north,clear,214.5,44.66,1970-01-01 00:00:00.000000004,1970-01-01 00:00:00.000000008,no,delivered,4,1306.48
15896.0,dhl,clothing,ev bike,same day,west,clear,153.1,46.74,1970-01-01 00:00:00.000000003,1970-01-01 00:00:00.000000008,no,delivered,5,1005.72
15913.0,dhl,fragile items,truck,standard,west,clear,133.3,21.95,1970-01-01 00:00:00.000000005,1970-01-01 00:00:00.000000024,no,delivered,4,732.35
15914.0,dhl,automobile parts,truck,express,north,rainy,296.8,34.21,1970-01-01 00:00:00.000000007,1970-01-01 00:00:00.000000007,no,delivered,5,1632.7206
15915.0,dhl,documents,ev van,two day,south,rainy,146.7,29.48,1970-01-01 00:00:00.000000004,1970-01-01 00:00:00.000000016,no,delivered,5,821.94
15917.0,dhl,clothing,van,standard,east,foggy,80.7,6.8,1970-01-01 00:00:00.000000007,1970-01-01 00:00:00.000000024,no,delivered,4,423.9
15939.0,dhl,fragile items,scooter,two day,south,cold,68.1,8.31,1970-01-01 00:00:00.000000001,1970-01-01 00:00:00.000000016,no,delivered,5,365.43
15941.0,dhl,furniture,bike,express,north,stormy,35.6,29.3,1970-01-01 00:00:00.000000008,1970-01-01 00:00:00.000000002,yes,delayed,3,315.9
15957.0,dhl,groceries,scooter,same day,north,rainy,297.1,30.07,1970-01-01 00:00:00.000000012,1970-01-01 00:00:00.000000008,yes,failed,1,1632.7206
15959.0,dhl,clothing,van,express,north,cold,6.3,31.81,1970-01-01 00:00:00.000000001,1970-01-01 00:00:00.000000002,no,delivered,4,176.93
15960.0,dhl,cosmetics,bike,standard,central,foggy,252.0,6.31,1970-01-01 00:00:00.000000006,1970-01-01 00:00:00.000000024,no,delivered,5,1278.93
15962.0,dhl,groceries,bike,same day,north,foggy,3.6,40.68,1970-01-01 00:00:00.000000004,1970-01-01 00:00:00.000000008,no,delivered,4,227.04
15967.0,dhl,fragile items,ev bike,same day,east,clear,241.2,15.32,1970-01-01 00:00:00.000000010,1970-01-01 00:00:00.000000008,yes,delayed,2,1351.96
15987.0,dhl,electronics,ev bike,two day,north,clear,228.4,17.5,1970-01-01 00:00:00.000000004,1970-01-01 00:00:00.000000016,no,delivered,3,1194.5
15992.0,dhl,fragile items,van,express,west,cold,70.4,28.22,1970-01-01 00:00:00.000000003,1970-01-01 00:00:00.000000003,no,delivered,4,486.66
15993.0,dhl,fragile items,bike,two day,south,cold,56.6,24.02,1970-01-01 00:00:00.000000004,1970-01-01 00:00:00.000000016,no,delivered,5,355.06
16007.0,dhl,electronics,bike,standard,north,rainy,288.4,17.86,1970-01-01 00:00:00.000000012,1970-01-01 00:00:00.000000024,no,delivered,3,1495.58
16013.0,dhl,cosmetics,truck,express,east,stormy,258.5,24.61,1970-01-01 00:00:00.000000013,1970-01-01 00:00:00.000000007,yes,failed,1,1416.33
16017.0,dhl,groceries,ev bike,express,central,cold,174.5,20.28,1970-01-01 00:00:00.000000007,1970-01-01 00:00:00.000000005,yes,delayed,2,983.34
16028.0,dhl,documents,van,same day,east,hot,168.1,13.52,1970-01-01 00:00:00.000000004,1970-01-01 00:00:00.000000008,no,delivered,4,981.06
16048.0,dhl,clothing,truck,same day,south,clear,274.7,33.5,1970-01-01 00:00:00.000000006,1970-01-01 00:00:00.000000008,no,delivered,5,1574.0
16049.0,dhl,fragile items,ev bike,express,north,stormy,31.9,19.37,1970-01-01 00:00:00.000000008,1970-01-01 00:00:00.000000002,yes,delayed,2,267.61
16054.0,dhl,fragile items,ev bike,express,east,rainy,272.8,11.33,1970-01-01 00:00:00.000000013,1970-01-01 00:00:00.000000007,yes,delayed,3,1447.99
16064.0,dhl,documents,van,express,central,foggy,11.1,48.98,1970-01-01 00:00:00.000000004,1970-01-01 00:00:00.000000002,yes,delayed,3,252.44
16074.0,dhl,furniture,ev van,express,central,stormy,93.6,34.41,1970-01-01 00:00:00.000000008,1970-01-01 00:00:00.000000003,yes,delayed,2,621.23
16084.0,dhl,groceries,truck,express,east,clear,232.8,29.01,1970-01-01 00:00:00.000000007,1970-01-01 00:00:00.000000006,yes,failed,1,1301.03
16089.0,dhl,furniture,ev bike,two day,east,clear,90.8,0.67,1970-01-01 00:00:00.000000002,1970-01-01 00:00:00.000000016,no,delivered,3,454.93
16102.0,dhl,electronics,scooter,same day,north,stormy,19.4,19.56,1970-01-01 00:00:00.000000005,1970-01-01 00:00:00.000000008,no,delivered,3,255.68
16103.0,dhl,electronics,van,same day,north,foggy,137.2,39.68,1970-01-01 00:00:00.000000006,1970-01-01 00:00:00.000000008,no,delivered,4,905.04
16115.0,dhl,cosmetics,truck,express,south,foggy,97.7,37.13,1970-01-01 00:00:00.000000003,1970-01-01 00:00:00.000000003,no,delivered,3,649.89
16129.0,dhl,furniture,ev van,same day,east,clear,116.0,28.04,1970-01-01 00:00:00.000000006,1970-01-01 00:00:00.000000008,no,delivered,5,764.12
16131.0,dhl,fragile items,ev bike,same day,east,cold,141.6,10.85,1970-01-01 00:00:00.000000008,1970-01-01 00:00:00.000000008,no,delivered,3,840.55
16136.0,dhl,pharmacy,bike,two day,central,cold,184.2,33.3,1970-01-01 00:00:00.000000004,1970-01-01 00:00:00.000000016,no,delivered,5,1020.9
16142.0,dhl,furniture,bike,express,south,cold,208.0,49.52,1970-01-01 00:00:00.000000007,1970-01-01 00:00:00.000000006,yes,failed,1,1239.91
16147.0,dhl,cosmetics,ev van,two day,south,rainy,40.5,34.9,1970-01-01 00:00:00.000000007,1970-01-01 00:00:00.000000016,no,delivered,5,307.2
16182.0,dhl,groceries,ev bike,standard,west,clear,20.6,11.09,1970-01-01 00:00:00.000000002,1970-01-01 00:00:00.000000024,no,delivered,4,136.27
16189.0,dhl,fragile items,van,standard,south,foggy,134.9,3.5,1970-01-01 00:00:00.000000006,1970-01-01 00:00:00.000000024,no,delivered,4,685.0
16197.0,dhl,pharmacy,scooter,two day,central,cold,207.3,23.26,1970-01-01 00:00:00.000000006,1970-01-01 00:00:00.000000016,no,delivered,5,1106.28
16219.0,dhl,fragile items,ev bike,standard,central,cold,50.7,0.7,1970-01-01 00:00:00.000000004,1970-01-01 00:00:00.000000024,no,delivered,4,255.6
16236.0,dhl,automobile parts,truck,same day,south,hot,81.6,39.91,1970-01-01 00:00:00.000000003,1970-01-01 00:00:00.000000008,no,delivered,5,627.73
16238.0,dhl,fragile items,bike,same day,east,hot,216.0,42.18,1970-01-01 00:00:00.000000007,1970-01-01 00:00:00.000000008,no,delivered,4,1306.54
16239.0,dhl,electronics,scooter,same day,west,stormy,288.4,24.72,1970-01-01 00:00:00.000000014,1970-01-01 00:00:00.000000008,yes,delayed,2,1616.16
16241.0,dhl,fragile items,bike,standard,central,foggy,219.1,46.44,1970-01-01 00:00:00.000000009,1970-01-01 00:00:00.000000024,no,delivered,4,1234.82
16242.0,dhl,groceries,scooter,same day,south,hot,242.6,39.53,1970-01-01 00:00:00.000000007,1970-01-01 00:00:00.000000008,no,delivered,3,1431.59
16252.0,dhl,electronics,van,standard,west,rainy,158.5,30.83,1970-01-01 00:00:00.000000011,1970-01-01 00:00:00.000000024,no,delivered,5,884.99
16253.0,dhl,automobile parts,van,standard,west,rainy,146.3,39.1,1970-01-01 00:00:00.000000005,1970-01-01 00:00:00.000000024,no,delivered,4,848.8
16254.0,dhl,electronics,ev van,two day,west,rainy,21.3,42.0,1970-01-01 00:00:00.000000005,1970-01-01 00:00:00.000000016,no,delivered,4,232.5
16260.0,dhl,automobile parts,truck,standard,south,rainy,274.0,4.37,1970-01-01 00:00:00.000000007,1970-01-01 00:00:00.000000024,no,delivered,5,1383.11
16272.0,dhl,cosmetics,scooter,two day,east,foggy,111.0,36.3,1970-01-01 00:00:00.000000005,1970-01-01 00:00:00.000000016,no,delivered,4,663.9
16277.0,dhl,fragile items,bike,standard,west,foggy,79.8,2.69,1970-01-01 00:00:00.000000005,1970-01-01 00:00:00.000000024,no,delivered,4,407.07
16285.0,dhl,electronics,bike,standard,south,stormy,199.5,26.54,1970-01-01 00:00:00.000000011,1970-01-01 00:00:00.000000024,no,delivered,5,1077.12
16288.0,dhl,furniture,truck,standard,west,stormy,66.0,39.28,1970-01-01 00:00:00.000000009,1970-01-01 00:00:00.000000024,no,delivered,4,447.84
16320.0,dhl,cosmetics,bike,standard,west,clear,75.9,32.98,1970-01-01 00:00:00.000000003,1970-01-01 00:00:00.000000024,no,delivered,4,478.44
16322.0,dhl,documents,truck,standard,east,hot,254.5,11.54,1970-01-01 00:00:00.000000006,1970-01-01 00:00:00.000000024,no,delivered,4,1307.12
16330.0,dhl,automobile parts,van,same day,south,foggy,85.5,39.11,1970-01-01 00:00:00.000000004,1970-01-01 00:00:00.000000008,no,delivered,3,644.83
16331.0,dhl,automobile parts,van,express,central,hot,8.6,28.49,1970-01-01 00:00:00.000000001,1970-01-01 00:00:00.000000002,no,delivered,4,178.47
16340.0,dhl,groceries,ev van,standard,north,clear,177.3,11.07,1970-01-01 00:00:00.000000003,1970-01-01 00:00:00.000000024,no,delivered,5,919.71
16360.0,dhl,documents,scooter,same day,west,foggy,191.9,5.16,1970-01-01 00:00:00.000000007,1970-01-01 00:00:00.000000008,no,delivered,5,1074.98
16370.0,dhl,electronics,van,same day,north,hot,16.8,8.04,1970-01-01 00:00:00.000000002,1970-01-01 00:00:00.000000008,no,delivered,5,208.12
16374.0,dhl,automobile parts,bike,same day,east,stormy,295.9,20.76,1970-01-01 00:00:00.000000015,1970-01-01 00:00:00.000000008,yes,failed,2,1632.7206
16376.0,dhl,documents,ev van,same day,west,cold,275.8,35.36,1970-01-01 00:00:00.000000007,1970-01-01 00:00:00.000000008,no,delivered,5,1585.08
16379.0,dhl,fragile items,ev bike,two day,central,stormy,81.3,14.11,1970-01-01 00:00:00.000000008,1970-01-01 00:00:00.000000016,no,delivered,5,448.83
16412.0,dhl,fragile items,bike,two day,east,stormy,144.6,23.13,1970-01-01 00:00:00.000000012,1970-01-01 00:00:00.000000016,no,delivered,5,792.39
16414.0,dhl,pharmacy,van,same day,west,rainy,190.1,46.19,1970-01-01 00:00:00.000000007,1970-01-01 00:00:00.000000008,no,delivered,5,1189.07
16416.0,dhl,clothing,bike,two day,central,foggy,66.1,35.24,1970-01-01 00:00:00.000000004,1970-01-01 00:00:00.000000016,no,delivered,5,436.22
16422.0,dhl,fragile items,bike,two day,east,hot,180.2,47.05,1970-01-01 00:00:00.000000008,1970-01-01 00:00:00.000000016,no,delivered,3,1042.15
16438.0,dhl,automobile parts,truck,express,north,hot,97.1,29.73,1970-01-01 00:00:00.000000003,1970-01-01 00:00:00.000000003,no,delivered,4,624.69
16445.0,dhl,electronics,bike,two day,east,cold,216.0,19.94,1970-01-01 00:00:00.000000009,1970-01-01 00:00:00.000000016,no,delivered,3,1139.82
16451.0,dhl,automobile parts,bike,standard,central,hot,153.7,12.15,1970-01-01 00:00:00.000000005,1970-01-01 00:00:00.000000024,no,delivered,4,804.95
16459.0,dhl,clothing,scooter,same day,north,stormy,222.4,16.21,1970-01-01 00:00:00.000000010,1970-01-01 00:00:00.000000008,yes,delayed,3,1260.63
16480.0,dhl,documents,scooter,standard,north,rainy,239.9,22.09,1970-01-01 00:00:00.000000009,1970-01-01 00:00:00.000000024,no,delivered,5,1265.77
16488.0,dhl,clothing,van,two day,central,cold,140.2,26.91,1970-01-01 00:00:00.000000005,1970-01-01 00:00:00.000000016,no,delivered,5,781.73
16491.0,dhl,groceries,ev van,same day,south,foggy,60.4,19.63,1970-01-01 00:00:00.000000005,1970-01-01 00:00:00.000000008,no,delivered,5,460.89
16498.0,dhl,cosmetics,bike,two day,central,clear,148.2,44.21,1970-01-01 00:00:00.000000004,1970-01-01 00:00:00.000000016,no,delivered,5,873.63
16502.0,dhl,furniture,truck,express,east,foggy,272.1,46.43,1970-01-01 00:00:00.000000010,1970-01-01 00:00:00.000000007,yes,delayed,2,1549.79
16522.0,dhl,electronics,ev van,same day,north,stormy,159.3,47.75,1970-01-01 00:00:00.000000010,1970-01-01 00:00:00.000000008,yes,failed,1,1039.75
16527.0,dhl,cosmetics,bike,two day,south,cold,235.8,27.47,1970-01-01 00:00:00.000000009,1970-01-01 00:00:00.000000016,no,delivered,5,1261.41
16540.0,dhl,fragile items,van,same day,south,clear,228.3,21.38,1970-01-01 00:00:00.000000008,1970-01-01 00:00:00.000000008,yes,delayed,2,1305.64
16543.0,dhl,electronics,truck,standard,north,foggy,140.0,49.02,1970-01-01 00:00:00.000000005,1970-01-01 00:00:00.000000024,no,delivered,3,847.06
16552.0,dhl,automobile parts,ev bike,two day,central,foggy,36.6,15.89,1970-01-01 00:00:00.000000004,1970-01-01 00:00:00.000000016,no,delivered,5,230.67
16554.0,dhl,pharmacy,van,standard,north,cold,285.7,9.73,1970-01-01 00:00:00.000000008,1970-01-01 00:00:00.000000024,no,delivered,4,1457.69
16565.0,dhl,electronics,ev bike,same day,east,clear,258.3,44.52,1970-01-01 00:00:00.000000007,1970-01-01 00:00:00.000000008,no,delivered,4,1525.06
16566.0,dhl,automobile parts,van,same day,east,hot,221.5,29.2,1970-01-01 00:00:00.000000004,1970-01-01 00:00:00.000000008,no,delivered,5,1295.1
16574.0,dhl,documents,scooter,express,central,clear,263.8,8.31,1970-01-01 00:00:00.000000008,1970-01-01 00:00:00.000000007,yes,delayed,3,1393.93
16575.0,dhl,furniture,van,express,west,rainy,39.3,6.58,1970-01-01 00:00:00.000000003,1970-01-01 00:00:00.000000002,yes,delayed,3,266.24
16578.0,dhl,automobile parts,truck,express,south,cold,224.9,0.67,1970-01-01 00:00:00.000000007,1970-01-01 00:00:00.000000006,yes,delayed,2,1176.27
16592.0,dhl,groceries,ev bike,standard,east,cold,26.2,19.98,1970-01-01 00:00:00.000000002,1970-01-01 00:00:00.000000024,no,delivered,3,190.94
16600.0,dhl,documents,scooter,express,east,cold,210.6,48.79,1970-01-01 00:00:00.000000006,1970-01-01 00:00:00.000000006,yes,delayed,2,1249.37
16604.0,dhl,automobile parts,bike,two day,central,foggy,3.6,44.54,1970-01-01 00:00:00.000000003,1970-01-01 00:00:00.000000016,no,delivered,5,149.62
16615.0,dhl,electronics,ev van,two day,central,hot,221.2,31.82,1970-01-01 00:00:00.000000006,1970-01-01 00:00:00.000000016,no,delivered,4,1201.46
16618.0,dhl,electronics,ev van,two day,west,rainy,16.1,4.45,1970-01-01 00:00:00.000000003,1970-01-01 00:00:00.000000016,no,delivered,5,95.6674
16633.0,dhl,furniture,ev bike,standard,south,hot,174.7,15.26,1970-01-01 00:00:00.000000004,1970-01-01 00:00:00.000000024,no,delivered,4,919.28
16640.0,dhl,fragile items,van,two day,north,foggy,86.7,25.85,1970-01-01 00:00:00.000000006,1970-01-01 00:00:00.000000016,no,delivered,3,511.05
16675.0,dhl,clothing,bike,same day,west,stormy,289.7,20.67,1970-01-01 00:00:00.000000015,1970-01-01 00:00:00.000000008,yes,delayed,2,1610.51
16678.0,dhl,automobile parts,van,express,central,rainy,246.4,15.0,1970-01-01 00:00:00.000000011,1970-01-01 00:00:00.000000006,yes,delayed,2,1327.0
16679.0,dhl,cosmetics,bike,standard,west,hot,105.2,40.23,1970-01-01 00:00:00.000000005,1970-01-01 00:00:00.000000024,no,delivered,4,646.69
16685.0,dhl,pharmacy,truck,express,west,stormy,94.6,22.02,1970-01-01 00:00:00.000000008,1970-01-01 00:00:00.000000003,yes,delayed,2,589.06
16688.0,dhl,pharmacy,ev bike,same day,south,foggy,7.2,41.33,1970-01-01 00:00:00.000000003,1970-01-01 00:00:00.000000008,no,delivered,4,259.99
16703.0,dhl,automobile parts,ev van,same day,east,hot,189.7,25.18,1970-01-01 00:00:00.000000005,1970-01-01 00:00:00.000000008,no,delivered,4,1124.04
16717.0,dhl,cosmetics,bike,express,central,clear,205.1,1.92,1970-01-01 00:00:00.000000008,1970-01-01 00:00:00.000000006,yes,delayed,2,1081.26
16727.0,dhl,automobile parts,bike,two day,east,stormy,66.2,18.82,1970-01-01 00:00:00.000000006,1970-01-01 00:00:00.000000016,no,delivered,5,387.46
16728.0,dhl,clothing,bike,two day,south,stormy,105.4,32.95,1970-01-01 00:00:00.000000005,1970-01-01 00:00:00.000000016,no,delivered,4,625.85
16729.0,dhl,furniture,van,same day,east,foggy,123.5,20.05,1970-01-01 00:00:00.000000004,1970-01-01 00:00:00.000000008,no,delivered,4,777.65
16738.0,dhl,documents,van,same day,east,rainy,183.1,2.32,1970-01-01 00:00:00.000000007,1970-01-01 00:00:00.000000008,no,delivered,3,1022.46
16742.0,dhl,groceries,truck,standard,west,hot,212.7,45.89,1970-01-01 00:00:00.000000006,1970-01-01 00:00:00.000000024,no,delivered,5,1201.17
16743.0,dhl,documents,van,express,west,cold,164.5,25.16,1970-01-01 00:00:00.000000003,1970-01-01 00:00:00.000000005,no,delivered,5,947.98
16748.0,dhl,documents,van,same day,east,cold,68.4,22.5,1970-01-01 00:00:00.000000003,1970-01-01 00:00:00.000000008,no,delivered,5,509.5
16757.0,dhl,documents,bike,same day,north,stormy,214.5,24.98,1970-01-01 00:00:00.000000009,1970-01-01 00:00:00.000000008,yes,delayed,3,1247.44
16758.0,dhl,cosmetics,bike,same day,east,stormy,251.0,42.2,1970-01-01 00:00:00.000000012,1970-01-01 00:00:00.000000008,yes,delayed,2,1481.6
16759.0,dhl,automobile parts,van,two day,east,foggy,244.4,26.71,1970-01-01 00:00:00.000000011,1970-01-01 00:00:00.000000016,no,delivered,4,1302.13
16760.0,dhl,clothing,van,express,west,rainy,291.6,35.67,1970-01-01 00:00:00.000000015,1970-01-01 00:00:00.000000007,yes,delayed,2,1615.01
16771.0,dhl,furniture,van,standard,west,rainy,103.3,29.89,1970-01-01 00:00:00.000000008,1970-01-01 00:00:00.000000024,no,delivered,4,606.17
16772.0,dhl,documents,truck,same day,south,stormy,271.4,17.08,1970-01-01 00:00:00.000000009,1970-01-01 00:00:00.000000008,yes,delayed,3,1508.24
16778.0,dhl,groceries,truck,express,east,clear,216.9,31.59,1970-01-01 00:00:00.000000005,1970-01-01 00:00:00.000000006,no,delivered,5,1229.27
16784.0,dhl,documents,truck,standard,south,hot,86.4,11.22,1970-01-01 00:00:00.000000001,1970-01-01 00:00:00.000000024,no,delivered,5,465.66
16785.0,dhl,cosmetics,ev bike,two day,east,stormy,262.2,12.62,1970-01-01 00:00:00.000000016,1970-01-01 00:00:00.000000016,yes,failed,1,1348.86
16789.0,dhl,clothing,truck,two day,east,cold,240.4,19.19,1970-01-01 00:00:00.000000006,1970-01-01 00:00:00.000000016,no,delivered,5,1259.57
16801.0,dhl,electronics,scooter,two day,west,clear,34.6,21.28,1970-01-01 00:00:00.000000003,1970-01-01 00:00:00.000000016,no,delivered,4,236.84
16825.0,dhl,electronics,ev van,two day,central,cold,33.3,22.66,1970-01-01 00:00:00.000000001,1970-01-01 00:00:00.000000016,no,delivered,5,234.48
16838.0,dhl,clothing,scooter,same day,north,foggy,36.5,35.65,1970-01-01 00:00:00.000000003,1970-01-01 00:00:00.000000008,no,delivered,5,389.45
16850.0,dhl,pharmacy,van,express,west,stormy,244.9,37.93,1970-01-01 00:00:00.000000011,1970-01-01 00:00:00.000000006,yes,delayed,2,1388.29
16874.0,dhl,clothing,ev van,standard,south,hot,74.6,22.66,1970-01-01 00:00:00.000000004,1970-01-01 00:00:00.000000024,no,delivered,5,440.98
16875.0,dhl,automobile parts,scooter,two day,west,cold,99.0,34.55,1970-01-01 00:00:00.000000004,1970-01-01 00:00:00.000000016,no,delivered,5,598.65
16877.0,dhl,cosmetics,ev bike,same day,south,hot,118.3,41.03,1970-01-01 00:00:00.000000003,1970-01-01 00:00:00.000000008,no,delivered,3,814.59
16888.0,dhl,cosmetics,ev bike,two day,central,hot,52.4,19.08,1970-01-01 00:00:00.000000001,1970-01-01 00:00:00.000000016,no,delivered,5,319.24
16894.0,dhl,furniture,truck,standard,east,clear,231.4,49.52,1970-01-01 00:00:00.000000010,1970-01-01 00:00:00.000000024,no,delivered,4,1306.64
16927.0,dhl,pharmacy,scooter,two day,south,stormy,35.4,32.28,1970-01-01 00:00:00.000000005,1970-01-01 00:00:00.000000016,no,delivered,4,273.84
16934.0,dhl,pharmacy,truck,two day,south,stormy,117.4,31.82,1970-01-01 00:00:00.000000010,1970-01-01 00:00:00.000000016,no,delivered,5,682.46
16940.0,dhl,electronics,ev bike,same day,west,foggy,255.4,28.54,1970-01-01 00:00:00.000000010,1970-01-01 00:00:00.000000008,yes,delayed,3,1462.62
16946.0,dhl,furniture,van,express,west,hot,240.7,17.73,1970-01-01 00:00:00.000000009,1970-01-01 00:00:00.000000006,yes,delayed,3,1306.69
16951.0,dhl,pharmacy,ev van,express,central,rainy,81.2,46.28,1970-01-01 00:00:00.000000006,1970-01-01 00:00:00.000000003,yes,delayed,3,594.84
16969.0,dhl,furniture,ev bike,same day,east,rainy,158.7,28.95,1970-01-01 00:00:00.000000007,1970-01-01 00:00:00.000000008,no,delivered,4,980.35
16981.0,dhl,groceries,van,two day,north,cold,189.5,17.06,1970-01-01 00:00:00.000000006,1970-01-01 00:00:00.000000016,no,delivered,5,998.68
16986.0,dhl,clothing,scooter,two day,east,rainy,179.2,25.09,1970-01-01 00:00:00.000000007,1970-01-01 00:00:00.000000016,no,delivered,4,971.27
16999.0,dhl,furniture,bike,two day,central,clear,125.4,20.63,1970-01-01 00:00:00.000000005,1970-01-01 00:00:00.000000016,no,delivered,3,688.89
17009.0,dhl,pharmacy,van,standard,south,foggy,220.4,18.36,1970-01-01 00:00:00.000000008,1970-01-01 00:00:00.000000024,no,delivered,4,1157.08
17011.0,dhl,documents,bike,standard,south,stormy,271.4,24.81,1970-01-01 00:00:00.000000015,1970-01-01 00:00:00.000000024,no,delivered,4,1431.43
17030.0,dhl,fragile items,van,standard,central,clear,202.8,3.13,1970-01-01 00:00:00.000000008,1970-01-01 00:00:00.000000024,no,delivered,4,1023.39
17044.0,dhl,automobile parts,scooter,standard,north,clear,32.8,28.89,1970-01-01 00:00:00.000000001,1970-01-01 00:00:00.000000024,no,delivered,5,250.67
17048.0,dhl,cosmetics,ev bike,express,west,clear,53.1,13.57,1970-01-01 00:00:00.000000002,1970-01-01 00:00:00.000000003,no,delivered,5,356.21
17049.0,dhl,furniture,truck,two day,south,foggy,297.1,1.37,1970-01-01 00:00:00.000000008,1970-01-01 00:00:00.000000016,no,delivered,3,1497.61
17063.0,dhl,fragile items,truck,express,south,clear,130.7,37.73,1970-01-01 00:00:00.000000005,1970-01-01 00:00:00.000000004,yes,delayed,3,816.69
17090.0,dhl,cosmetics,truck,same day,east,cold,165.2,15.18,1970-01-01 00:00:00.000000006,1970-01-01 00:00:00.000000008,no,delivered,5,971.54
17101.0,dhl,groceries,scooter,express,south,foggy,151.0,15.34,1970-01-01 00:00:00.000000006,1970-01-01 00:00:00.000000005,yes,delayed,2,851.02
17103.0,dhl,cosmetics,truck,standard,south,rainy,94.1,27.41,1970-01-01 00:00:00.000000009,1970-01-01 00:00:00.000000024,no,delivered,4,552.73
17113.0,dhl,documents,ev bike,express,south,cold,38.0,28.23,1970-01-01 00:00:00.000000001,1970-01-01 00:00:00.000000002,no,delivered,5,324.69
17123.0,dhl,automobile parts,scooter,standard,east,hot,104.3,19.71,1970-01-01 00:00:00.000000002,1970-01-01 00:00:00.000000024,no,delivered,3,580.63
17130.0,dhl,groceries,ev van,same day,east,hot,276.9,19.47,1970-01-01 00:00:00.000000007,1970-01-01 00:00:00.000000008,no,delivered,4,1542.91
17132.0,dhl,cosmetics,ev bike,express,south,cold,106.6,20.74,1970-01-01 00:00:00.000000006,1970-01-01 00:00:00.000000004,yes,delayed,3,645.22
17141.0,dhl,groceries,van,express,north,foggy,239.3,29.19,1970-01-01 00:00:00.000000006,1970-01-01 00:00:00.000000006,yes,delayed,3,1334.07
17148.0,dhl,fragile items,truck,two day,central,foggy,188.9,35.41,1970-01-01 00:00:00.000000005,1970-01-01 00:00:00.000000016,no,delivered,5,1050.73
17149.0,dhl,electronics,van,two day,central,cold,136.1,6.81,1970-01-01 00:00:00.000000002,1970-01-01 00:00:00.000000016,no,delivered,4,700.93
17164.0,dhl,cosmetics,scooter,express,east,rainy,131.0,9.82,1970-01-01 00:00:00.000000007,1970-01-01 00:00:00.000000004,yes,delayed,2,734.46
17172.0,dhl,groceries,scooter,same day,west,rainy,194.7,22.95,1970-01-01 00:00:00.000000007,1970-01-01 00:00:00.000000008,no,delivered,5,1142.35
17176.0,dhl,documents,truck,standard,west,rainy,129.0,47.37,1970-01-01 00:00:00.000000006,1970-01-01 00:00:00.000000024,no,delivered,5,787.11
17185.0,dhl,electronics,truck,two day,north,foggy,9.8,7.87,1970-01-01 00:00:00.000000003,1970-01-01 00:00:00.000000016,no,delivered,5,95.6674
17187.0,dhl,fragile items,van,same day,west,cold,116.0,8.64,1970-01-01 00:00:00.000000004,1970-01-01 00:00:00.000000008,no,delivered,4,705.92
17198.0,dhl,automobile parts,truck,two day,west,foggy,297.1,24.41,1970-01-01 00:00:00.000000011,1970-01-01 00:00:00.000000016,no,delivered,4,1564.23
17200.0,dhl,pharmacy,van,same day,south,hot,280.2,43.3,1970-01-01 00:00:00.000000005,1970-01-01 00:00:00.000000008,no,delivered,4,1630.9
17207.0,dhl,fragile items,scooter,two day,west,cold,36.4,2.93,1970-01-01 00:00:00.000000001,1970-01-01 00:00:00.000000016,no,delivered,3,190.79
17212.0,dhl,electronics,truck,standard,central,clear,101.7,6.54,1970-01-01 00:00:00.000000004,1970-01-01 00:00:00.000000024,no,delivered,4,528.12
17235.0,dhl,groceries,truck,two day,south,rainy,263.3,20.2,1970-01-01 00:00:00.000000011,1970-01-01 00:00:00.000000016,no,delivered,4,1377.1
17250.0,dhl,automobile parts,bike,standard,south,cold,82.5,28.36,1970-01-01 00:00:00.000000002,1970-01-01 00:00:00.000000024,no,delivered,4,497.58
17258.0,dhl,groceries,van,express,west,stormy,59.3,0.67,1970-01-01 00:00:00.000000008,1970-01-01 00:00:00.000000003,yes,delayed,2,348.33
17265.0,dhl,furniture,van,standard,west,rainy,66.2,7.89,1970-01-01 00:00:00.000000008,1970-01-01 00:00:00.000000024,no,delivered,3,354.67
17276.0,dhl,automobile parts,van,two day,central,hot,64.7,49.52,1970-01-01 00:00:00.000000003,1970-01-01 00:00:00.000000016,no,delivered,4,473.2
17292.0,dhl,electronics,ev van,two day,west,cold,8.1,43.18,1970-01-01 00:00:00.000000002,1970-01-01 00:00:00.000000016,no,delivered,5,170.04
17297.0,dhl,cosmetics,truck,express,north,foggy,154.8,23.62,1970-01-01 00:00:00.000000006,1970-01-01 00:00:00.000000005,yes,failed,1,894.86
17307.0,dhl,clothing,truck,same day,west,hot,217.5,42.3,1970-01-01 00:00:00.000000007,1970-01-01 00:00:00.000000008,no,delivered,5,1314.4
17310.0,dhl,furniture,van,two day,central,hot,285.6,49.52,1970-01-01 00:00:00.000000010,1970-01-01 00:00:00.000000016,no,delivered,3,1577.94
17320.0,dhl,documents,van,two day,central,cold,208.4,41.91,1970-01-01 00:00:00.000000005,1970-01-01 00:00:00.000000016,no,delivered,5,1167.73
17323.0,dhl,documents,ev van,same day,east,rainy,273.6,13.69,1970-01-01 00:00:00.000000017,1970-01-01 00:00:00.000000008,yes,delayed,3,1509.07
17327.0,dhl,cosmetics,van,express,east,foggy,255.0,19.94,1970-01-01 00:00:00.000000012,1970-01-01 00:00:00.000000007,yes,delayed,2,1384.82
17333.0,dhl,pharmacy,van,same day,west,cold,242.0,38.54,1970-01-01 00:00:00.000000009,1970-01-01 00:00:00.000000008,yes,failed,1,1425.62
17344.0,dhl,fragile items,ev van,standard,west,rainy,250.7,19.62,1970-01-01 00:00:00.000000011,1970-01-01 00:00:00.000000024,no,delivered,5,1312.36
17349.0,dhl,furniture,scooter,standard,central,stormy,119.8,6.49,1970-01-01 00:00:00.000000006,1970-01-01 00:00:00.000000024,no,delivered,5,618.47
17363.0,dhl,documents,truck,express,east,cold,121.1,20.15,1970-01-01 00:00:00.000000002,1970-01-01 00:00:00.000000004,no,delivered,4,715.95
17373.0,dhl,groceries,scooter,same day,east,hot,59.9,47.22,1970-01-01 00:00:00.000000001,1970-01-01 00:00:00.000000008,no,delivered,5,541.16
17396.0,dhl,fragile items,ev bike,same day,south,stormy,243.8,46.9,1970-01-01 00:00:00.000000012,1970-01-01 00:00:00.000000008,yes,delayed,2,1459.7
17401.0,dhl,automobile parts,truck,standard,west,hot,197.4,2.26,1970-01-01 00:00:00.000000004,1970-01-01 00:00:00.000000024,no,delivered,5,993.78
17408.0,dhl,furniture,ev van,two day,north,foggy,106.3,35.63,1970-01-01 00:00:00.000000007,1970-01-01 00:00:00.000000016,no,delivered,4,638.39
17409.0,dhl,groceries,bike,same day,south,foggy,20.3,12.78,1970-01-01 00:00:00.000000005,1970-01-01 00:00:00.000000008,no,delivered,4,239.84
17412.0,dhl,furniture,bike,standard,east,foggy,174.0,17.18,1970-01-01 00:00:00.000000004,1970-01-01 00:00:00.000000024,no,delivered,4,921.54
17420.0,dhl,electronics,van,same day,west,cold,262.7,29.25,1970-01-01 00:00:00.000000010,1970-01-01 00:00:00.000000008,yes,delayed,2,1501.25
17425.0,dhl,automobile parts,ev van,two day,north,cold,198.3,3.03,1970-01-01 00:00:00.000000009,1970-01-01 00:00:00.000000016,no,delivered,5,1000.59
17429.0,dhl,documents,van,express,east,cold,34.9,2.92,1970-01-01 00:00:00.000000003,1970-01-01 00:00:00.000000002,yes,delayed,2,233.26
17433.0,dhl,documents,ev van,express,south,cold,104.6,14.45,1970-01-01 00:00:00.000000004,1970-01-01 00:00:00.000000004,yes,delayed,2,616.35
17451.0,dhl,furniture,bike,same day,west,stormy,271.5,42.31,1970-01-01 00:00:00.000000014,1970-01-01 00:00:00.000000008,yes,delayed,2,1584.43
17456.0,dhl,documents,van,express,central,hot,275.3,48.84,1970-01-01 00:00:00.000000007,1970-01-01 00:00:00.000000007,no,delivered,4,1573.02
17460.0,dhl,documents,ev van,two day,central,hot,182.9,16.56,1970-01-01 00:00:00.000000004,1970-01-01 00:00:00.000000016,no,delivered,5,964.18
17466.0,dhl,documents,van,standard,central,rainy,58.9,31.69,1970-01-01 00:00:00.000000003,1970-01-01 00:00:00.000000024,no,delivered,5,389.57
17476.0,dhl,furniture,ev bike,standard,east,stormy,123.0,45.48,1970-01-01 00:00:00.000000010,1970-01-01 00:00:00.000000024,no,delivered,4,751.44
17481.0,dhl,electronics,bike,two day,central,stormy,194.1,6.04,1970-01-01 00:00:00.000000012,1970-01-01 00:00:00.000000016,no,delivered,5,988.62
17492.0,dhl,cosmetics,ev bike,same day,central,stormy,260.3,4.34,1970-01-01 00:00:00.000000008,1970-01-01 00:00:00.000000008,yes,delayed,2,1414.52
17504.0,dhl,furniture,bike,two day,east,cold,291.7,16.57,1970-01-01 00:00:00.000000005,1970-01-01 00:00:00.000000016,no,delivered,4,1508.21
17518.0,dhl,clothing,scooter,two day,south,hot,213.9,41.06,1970-01-01 00:00:00.000000009,1970-01-01 00:00:00.000000016,no,delivered,5,1192.68
17530.0,dhl,furniture,ev bike,express,north,foggy,97.5,4.96,1970-01-01 00:00:00.000000006,1970-01-01 00:00:00.000000003,yes,delayed,3,552.38
17532.0,dhl,groceries,ev bike,two day,central,foggy,220.4,39.45,1970-01-01 00:00:00.000000005,1970-01-01 00:00:00.000000016,no,delivered,5,1220.35
17563.0,dhl,clothing,scooter,standard,north,hot,189.9,26.75,1970-01-01 00:00:00.000000007,1970-01-01 00:00:00.000000024,no,delivered,4,1029.75
17577.0,dhl,documents,scooter,same day,north,foggy,135.1,2.06,1970-01-01 00:00:00.000000007,1970-01-01 00:00:00.000000008,no,delivered,5,781.68
17591.0,dhl,groceries,scooter,same day,east,hot,250.5,42.59,1970-01-01 00:00:00.000000007,1970-01-01 00:00:00.000000008,no,delivered,4,1480.27
17600.0,dhl,documents,ev van,express,south,cold,184.5,36.87,1970-01-01 00:00:00.000000005,1970-01-01 00:00:00.000000005,no,delivered,4,1083.11
17609.0,dhl,pharmacy,scooter,express,east,stormy,16.8,45.83,1970-01-01 00:00:00.000000003,1970-01-01 00:00:00.000000002,yes,delayed,2,271.49
17623.0,dhl,electronics,bike,standard,north,stormy,101.0,49.26,1970-01-01 00:00:00.000000010,1970-01-01 00:00:00.000000024,no,delivered,5,652.78
17625.0,dhl,cosmetics,truck,same day,north,clear,268.1,38.41,1970-01-01 00:00:00.000000005,1970-01-01 00:00:00.000000008,no,delivered,4,1555.73
17631.0,dhl,furniture,ev bike,express,central,stormy,297.1,19.44,1970-01-01 00:00:00.000000012,1970-01-01 00:00:00.000000007,yes,delayed,2,1595.32
17642.0,dhl,fragile items,truck,express,east,stormy,212.3,28.97,1970-01-01 00:00:00.000000008,1970-01-01 00:00:00.000000006,yes,delayed,2,1198.41
17644.0,dhl,groceries,ev van,express,west,hot,284.7,3.57,1970-01-01 00:00:00.000000008,1970-01-01 00:00:00.000000007,yes,delayed,3,1484.21
17670.0,dhl,fragile items,bike,same day,north,cold,200.7,30.38,1970-01-01 00:00:00.000000003,1970-01-01 00:00:00.000000008,no,delivered,5,1194.64
17671.0,dhl,clothing,ev bike,express,west,stormy,269.9,17.41,1970-01-01 00:00:00.000000009,1970-01-01 00:00:00.000000007,yes,delayed,2,1451.73
17683.0,dhl,furniture,van,standard,north,rainy,14.1,39.32,1970-01-01 00:00:00.000000004,1970-01-01 00:00:00.000000024,no,delivered,3,188.46
17685.0,dhl,automobile parts,ev van,express,north,hot,198.7,19.84,1970-01-01 00:00:00.000000006,1970-01-01 00:00:00.000000005,yes,delayed,3,1103.02
17702.0,dhl,electronics,ev van,express,west,hot,27.8,8.03,1970-01-01 00:00:00.000000001,1970-01-01 00:00:00.000000002,no,delivered,5,213.09
17709.0,dhl,clothing,truck,standard,east,clear,105.2,38.44,1970-01-01 00:00:00.000000004,1970-01-01 00:00:00.000000024,no,delivered,5,641.32
17724.0,dhl,fragile items,van,express,west,hot,173.7,40.96,1970-01-01 00:00:00.000000006,1970-01-01 00:00:00.000000005,yes,delayed,3,1041.38
17727.0,dhl,clothing,ev van,express,south,hot,277.4,10.44,1970-01-01 00:00:00.000000008,1970-01-01 00:00:00.000000007,yes,delayed,2,1468.32
17733.0,dhl,fragile items,bike,standard,east,stormy,192.4,38.63,1970-01-01 00:00:00.000000009,1970-01-01 00:00:00.000000024,no,delivered,5,1077.89
17736.0,dhl,documents,ev bike,standard,east,rainy,7.0,38.21,1970-01-01 00:00:00.000000001,1970-01-01 00:00:00.000000024,no,delivered,3,149.63
17738.0,dhl,groceries,ev bike,standard,east,clear,159.5,6.46,1970-01-01 00:00:00.000000005,1970-01-01 00:00:00.000000024,no,delivered,5,816.88
17749.0,dhl,automobile parts,truck,two day,north,stormy,261.2,5.44,1970-01-01 00:00:00.000000014,1970-01-01 00:00:00.000000016,no,delivered,4,1322.32
17759.0,dhl,automobile parts,scooter,two day,south,stormy,97.0,21.05,1970-01-01 00:00:00.000000007,1970-01-01 00:00:00.000000016,no,delivered,3,548.15
17790.0,dhl,groceries,ev bike,same day,east,stormy,174.1,12.1,1970-01-01 00:00:00.000000012,1970-01-01 00:00:00.000000008,yes,failed,1,1006.8
17803.0,dhl,automobile parts,truck,express,east,stormy,36.9,22.34,1970-01-01 00:00:00.000000007,1970-01-01 00:00:00.000000002,yes,delayed,2,301.52
17808.0,dhl,furniture,bike,express,north,clear,188.5,18.72,1970-01-01 00:00:00.000000003,1970-01-01 00:00:00.000000005,no,delivered,5,1048.66
17809.0,dhl,automobile parts,truck,two day,west,stormy,140.3,47.48,1970-01-01 00:00:00.000000006,1970-01-01 00:00:00.000000016,no,delivered,4,843.94
17814.0,dhl,furniture,ev bike,standard,west,hot,137.1,21.25,1970-01-01 00:00:00.000000003,1970-01-01 00:00:00.000000024,no,delivered,4,749.25
17818.0,dhl,groceries,truck,same day,north,cold,238.5,38.45,1970-01-01 00:00:00.000000005,1970-01-01 00:00:00.000000008,no,delivered,4,1407.85
17822.0,dhl,automobile parts,bike,same day,west,stormy,160.3,48.73,1970-01-01 00:00:00.000000010,1970-01-01 00:00:00.000000008,yes,failed,1,1047.69
17828.0,dhl,furniture,ev van,standard,west,hot,84.7,42.55,1970-01-01 00:00:00.000000003,1970-01-01 00:00:00.000000024,no,delivered,5,551.15
17830.0,dhl,automobile parts,van,same day,north,cold,49.1,7.46,1970-01-01 00:00:00.000000002,1970-01-01 00:00:00.000000008,no,delivered,4,367.88
17842.0,dhl,automobile parts,bike,same day,north,rainy,19.1,25.18,1970-01-01 00:00:00.000000002,1970-01-01 00:00:00.000000008,no,delivered,5,271.04
17848.0,dhl,cosmetics,truck,express,north,foggy,282.6,18.24,1970-01-01 00:00:00.000000009,1970-01-01 00:00:00.000000007,yes,delayed,2,1517.72
17850.0,dhl,documents,truck,standard,east,cold,111.3,38.56,1970-01-01 00:00:00.000000005,1970-01-01 00:00:00.000000024,no,delivered,4,672.18
17858.0,dhl,automobile parts,van,same day,south,foggy,121.1,45.37,1970-01-01 00:00:00.000000004,1970-01-01 00:00:00.000000008,no,delivered,3,841.61
17860.0,dhl,electronics,bike,standard,north,foggy,60.7,43.44,1970-01-01 00:00:00.000000004,1970-01-01 00:00:00.000000024,no,delivered,5,433.82
17878.0,dhl,documents,van,express,central,clear,187.6,27.72,1970-01-01 00:00:00.000000003,1970-01-01 00:00:00.000000005,no,delivered,4,1071.16
17897.0,dhl,fragile items,ev bike,two day,south,stormy,58.5,45.9,1970-01-01 00:00:00.000000007,1970-01-01 00:00:00.000000016,no,delivered,5,430.2
17899.0,dhl,pharmacy,ev bike,express,east,foggy,41.8,23.8,1970-01-01 00:00:00.000000003,1970-01-01 00:00:00.000000002,yes,delayed,2,330.4
17912.0,dhl,fragile items,ev bike,same day,north,stormy,150.9,0.67,1970-01-01 00:00:00.000000007,1970-01-01 00:00:00.000000008,no,delivered,3,855.46
17921.0,dhl,cosmetics,van,two day,central,foggy,192.2,35.55,1970-01-01 00:00:00.000000007,1970-01-01 00:00:00.000000016,no,delivered,5,1067.65
17924.0,dhl,fragile items,scooter,two day,central,hot,98.6,4.4,1970-01-01 00:00:00.000000003,1970-01-01 00:00:00.000000016,no,delivered,5,506.2
17930.0,dhl,clothing,truck,two day,north,rainy,290.0,5.27,1970-01-01 00:00:00.000000013,1970-01-01 00:00:00.000000016,no,delivered,5,1465.81
17935.0,dhl,groceries,ev van,express,west,rainy,269.6,1.85,1970-01-01 00:00:00.000000012,1970-01-01 00:00:00.000000007,yes,delayed,2,1403.55
17944.0,dhl,pharmacy,van,standard,west,hot,108.3,38.32,1970-01-01 00:00:00.000000003,1970-01-01 00:00:00.000000024,no,delivered,4,656.46
17980.0,dhl,automobile parts,truck,standard,north,stormy,171.7,37.19,1970-01-01 00:00:00.000000010,1970-01-01 00:00:00.000000024,no,delivered,4,970.07
17988.0,dhl,automobile parts,ev bike,express,west,hot,176.0,23.94,1970-01-01 00:00:00.000000004,1970-01-01 00:00:00.000000005,no,delivered,4,1001.82
17990.0,dhl,clothing,scooter,standard,south,foggy,273.7,21.83,1970-01-01 00:00:00.000000012,1970-01-01 00:00:00.000000024,no,delivered,5,1433.99
18036.0,dhl,cosmetics,bike,two day,east,clear,225.5,24.48,1970-01-01 00:00:00.000000006,1970-01-01 00:00:00.000000016,no,delivered,4,1200.94
18047.0,dhl,fragile items,scooter,two day,east,clear,69.8,37.52,1970-01-01 00:00:00.000000004,1970-01-01 00:00:00.000000016,no,delivered,5,461.56
18061.0,dhl,electronics,truck,two day,south,rainy,122.6,31.65,1970-01-01 00:00:00.000000006,1970-01-01 00:00:00.000000016,no,delivered,4,707.95
18062.0,dhl,automobile parts,scooter,same day,central,rainy,297.1,1.12,1970-01-01 00:00:00.000000014,1970-01-01 00:00:00.000000008,yes,delayed,2,1599.86
18066.0,dhl,pharmacy,van,two day,east,foggy,59.3,43.46,1970-01-01 00:00:00.000000005,1970-01-01 00:00:00.000000016,no,delivered,4,426.88
18078.0,dhl,electronics,scooter,express,west,hot,86.9,0.67,1970-01-01 00:00:00.000000004,1970-01-01 00:00:00.000000003,yes,delayed,3,485.64
18086.0,dhl,electronics,truck,same day,north,cold,286.7,35.7,1970-01-01 00:00:00.000000012,1970-01-01 00:00:00.000000008,yes,delayed,2,1632.7206
18096.0,dhl,pharmacy,truck,same day,central,foggy,254.8,30.54,1970-01-01 00:00:00.000000012,1970-01-01 00:00:00.000000008,yes,delayed,2,1465.62
18100.0,dhl,furniture,bike,two day,central,hot,98.7,37.27,1970-01-01 00:00:00.000000005,1970-01-01 00:00:00.000000016,no,delivered,3,605.31
18103.0,dhl,automobile parts,bike,express,north,hot,122.5,28.28,1970-01-01 00:00:00.000000005,1970-01-01 00:00:00.000000004,yes,delayed,3,747.34
18111.0,dhl,electronics,ev van,express,west,rainy,225.1,20.11,1970-01-01 00:00:00.000000007,1970-01-01 00:00:00.000000006,yes,delayed,2,1235.83
18119.0,dhl,fragile items,ev van,same day,central,hot,254.0,46.32,1970-01-01 00:00:00.000000010,1970-01-01 00:00:00.000000008,yes,delayed,2,1508.96
18131.0,dhl,fragile items,ev bike,two day,east,cold,30.8,13.07,1970-01-01 00:00:00.000000001,1970-01-01 00:00:00.000000016,no,delivered,5,193.21
18134.0,dhl,pharmacy,van,express,west,hot,121.8,28.25,1970-01-01 00:00:00.000000005,1970-01-01 00:00:00.000000004,yes,delayed,2,743.75
18140.0,dhl,fragile items,ev bike,two day,north,hot,180.1,16.7,1970-01-01 00:00:00.000000006,1970-01-01 00:00:00.000000016,no,delivered,4,950.6
18153.0,dhl,clothing,truck,same day,central,clear,137.8,17.15,1970-01-01 00:00:00.000000005,1970-01-01 00:00:00.000000008,no,delivered,3,840.45
18155.0,dhl,documents,scooter,standard,east,cold,214.8,27.94,1970-01-01 00:00:00.000000008,1970-01-01 00:00:00.000000024,no,delivered,4,1157.82
18160.0,dhl,electronics,truck,standard,south,hot,199.4,14.98,1970-01-01 00:00:00.000000004,1970-01-01 00:00:00.000000024,no,delivered,5,1041.94
18164.0,dhl,fragile items,ev van,two day,north,foggy,143.7,12.18,1970-01-01 00:00:00.000000007,1970-01-01 00:00:00.000000016,no,delivered,4,755.04
18180.0,dhl,furniture,scooter,two day,west,clear,50.7,10.85,1970-01-01 00:00:00.000000002,1970-01-01 00:00:00.000000016,no,delivered,4,286.05
18185.0,dhl,automobile parts,van,standard,north,clear,188.9,49.52,1970-01-01 00:00:00.000000006,1970-01-01 00:00:00.000000024,no,delivered,4,1093.06
18196.0,dhl,groceries,ev van,express,north,hot,252.7,24.43,1970-01-01 00:00:00.000000004,1970-01-01 00:00:00.000000007,no,delivered,4,1386.79
18201.0,dhl,automobile parts,ev van,two day,west,stormy,55.4,8.99,1970-01-01 00:00:00.000000008,1970-01-01 00:00:00.000000016,no,delivered,5,303.97
18213.0,dhl,groceries,bike,two day,west,clear,177.8,25.59,1970-01-01 00:00:00.000000007,1970-01-01 00:00:00.000000016,no,delivered,3,965.77
18220.0,dhl,furniture,bike,same day,west,foggy,234.3,40.17,1970-01-01 00:00:00.000000009,1970-01-01 00:00:00.000000008,yes,delayed,3,1392.01
18224.0,dhl,clothing,truck,two day,east,cold,170.7,21.54,1970-01-01 00:00:00.000000007,1970-01-01 00:00:00.000000016,no,delivered,5,918.12
18230.0,dhl,furniture,ev van,two day,central,foggy,297.1,29.94,1970-01-01 00:00:00.000000012,1970-01-01 00:00:00.000000016,no,delivered,4,1577.82
18231.0,dhl,electronics,ev van,standard,east,cold,160.1,20.7,1970-01-01 00:00:00.000000005,1970-01-01 00:00:00.000000024,no,delivered,5,862.6
18248.0,dhl,automobile parts,bike,same day,west,cold,205.0,3.02,1970-01-01 00:00:00.000000006,1970-01-01 00:00:00.000000008,no,delivered,3,1134.06
18255.0,dhl,automobile parts,bike,same day,central,hot,51.5,24.41,1970-01-01 00:00:00.000000003,1970-01-01 00:00:00.000000008,no,delivered,5,430.73
18257.0,dhl,fragile items,ev bike,express,central,stormy,89.1,17.84,1970-01-01 00:00:00.000000006,1970-01-01 00:00:00.000000003,yes,delayed,2,549.02
18266.0,dhl,fragile items,van,two day,central,hot,98.9,29.62,1970-01-01 00:00:00.000000002,1970-01-01 00:00:00.000000016,no,delivered,3,583.36
18271.0,dhl,clothing,truck,standard,south,stormy,275.8,18.59,1970-01-01 00:00:00.000000011,1970-01-01 00:00:00.000000024,no,delivered,4,1434.77
18282.0,dhl,cosmetics,scooter,same day,central,cold,133.1,28.04,1970-01-01 00:00:00.000000006,1970-01-01 00:00:00.000000008,no,delivered,3,849.62
18298.0,dhl,furniture,bike,standard,east,hot,85.9,8.71,1970-01-01 00:00:00.000000002,1970-01-01 00:00:00.000000024,no,delivered,5,455.63
18302.0,dhl,fragile items,scooter,same day,central,stormy,160.3,3.03,1970-01-01 00:00:00.000000014,1970-01-01 00:00:00.000000008,yes,failed,1,910.59
18303.0,dhl,fragile items,ev van,two day,west,cold,108.2,29.37,1970-01-01 00:00:00.000000002,1970-01-01 00:00:00.000000016,no,delivered,5,629.11
18304.0,dhl,furniture,scooter,standard,central,rainy,269.1,5.1,1970-01-01 00:00:00.000000008,1970-01-01 00:00:00.000000024,no,delivered,4,1360.8
18320.0,dhl,fragile items,van,express,north,cold,263.7,41.95,1970-01-01 00:00:00.000000005,1970-01-01 00:00:00.000000007,no,delivered,4,1494.35
18329.0,dhl,pharmacy,ev bike,same day,north,clear,30.7,15.97,1970-01-01 00:00:00.000000002,1970-01-01 00:00:00.000000008,no,delivered,5,301.41
18332.0,dhl,clothing,van,standard,central,hot,186.8,44.84,1970-01-01 00:00:00.000000004,1970-01-01 00:00:00.000000024,no,delivered,4,1068.52
18335.0,dhl,furniture,truck,express,south,foggy,179.2,17.63,1970-01-01 00:00:00.000000007,1970-01-01 00:00:00.000000005,yes,failed,2,998.89
18343.0,dhl,electronics,bike,express,south,hot,41.5,42.02,1970-01-01 00:00:00.000000001,1970-01-01 00:00:00.000000002,no,delivered,5,383.56
18345.0,dhl,clothing,truck,express,south,foggy,175.7,24.34,1970-01-01 00:00:00.000000008,1970-01-01 00:00:00.000000005,yes,failed,1,1001.52
18349.0,dhl,clothing,van,two day,central,hot,254.1,38.55,1970-01-01 00:00:00.000000006,1970-01-01 00:00:00.000000016,no,delivered,5,1386.15
18359.0,dhl,documents,bike,express,north,rainy,167.2,20.56,1970-01-01 00:00:00.000000006,1970-01-01 00:00:00.000000005,yes,delayed,3,947.68
18362.0,dhl,documents,truck,express,south,rainy,13.1,38.17,1970-01-01 00:00:00.000000005,1970-01-01 00:00:00.000000002,yes,delayed,3,230.01
18366.0,dhl,furniture,ev van,standard,south,stormy,253.5,3.33,1970-01-01 00:00:00.000000011,1970-01-01 00:00:00.000000024,no,delivered,5,1277.49
18377.0,dhl,pharmacy,ev van,standard,west,cold,175.3,18.83,1970-01-01 00:00:00.000000006,1970-01-01 00:00:00.000000024,no,delivered,3,932.99
18393.0,dhl,clothing,scooter,express,north,hot,249.8,22.05,1970-01-01 00:00:00.000000006,1970-01-01 00:00:00.000000007,no,delivered,5,1365.15
18408.0,dhl,furniture,ev bike,two day,south,rainy,50.4,41.7,1970-01-01 00:00:00.000000005,1970-01-01 00:00:00.000000016,no,delivered,4,377.1
18416.0,dhl,fragile items,van,same day,west,stormy,216.8,38.87,1970-01-01 00:00:00.000000011,1970-01-01 00:00:00.000000008,yes,failed,1,1300.61
18424.0,dhl,fragile items,bike,express,north,hot,234.4,41.1,1970-01-01 00:00:00.000000006,1970-01-01 00:00:00.000000006,yes,failed,1,1345.3
18427.0,dhl,pharmacy,bike,standard,north,foggy,251.8,5.21,1970-01-01 00:00:00.000000010,1970-01-01 00:00:00.000000024,no,delivered,4,1274.63
18446.0,dhl,documents,truck,standard,north,clear,80.3,47.38,1970-01-01 00:00:00.000000002,1970-01-01 00:00:00.000000024,no,delivered,5,543.64
18449.0,dhl,groceries,ev bike,standard,east,cold,87.6,23.4,1970-01-01 00:00:00.000000004,1970-01-01 00:00:00.000000024,no,delivered,4,508.2
18460.0,dhl,groceries,ev bike,two day,east,foggy,277.0,20.45,1970-01-01 00:00:00.000000010,1970-01-01 00:00:00.000000016,no,delivered,3,1446.35
18473.0,dhl,fragile items,scooter,same day,east,cold,59.8,29.44,1970-01-01 00:00:00.000000002,1970-01-01 00:00:00.000000008,no,delivered,5,487.32
18474.0,dhl,electronics,ev bike,standard,central,clear,59.8,45.14,1970-01-01 00:00:00.000000004,1970-01-01 00:00:00.000000024,no,delivered,5,434.42
18490.0,dhl,furniture,ev bike,express,north,clear,106.1,3.82,1970-01-01 00:00:00.000000002,1970-01-01 00:00:00.000000004,no,delivered,3,591.96
18496.0,dhl,fragile items,van,standard,south,cold,75.4,17.29,1970-01-01 00:00:00.000000002,1970-01-01 00:00:00.000000024,no,delivered,5,428.87
18497.0,dhl,documents,scooter,same day,south,cold,221.4,45.16,1970-01-01 00:00:00.000000007,1970-01-01 00:00:00.000000008,no,delivered,3,1342.48
18504.0,dhl,furniture,bike,standard,central,rainy,117.5,17.75,1970-01-01 00:00:00.000000007,1970-01-01 00:00:00.000000024,no,delivered,5,640.75
18513.0,dhl,documents,ev van,express,west,hot,295.6,38.25,1970-01-01 00:00:00.000000010,1970-01-01 00:00:00.000000007,yes,failed,1,1632.7206
18518.0,dhl,furniture,ev van,standard,east,stormy,152.6,15.26,1970-01-01 00:00:00.000000009,1970-01-01 00:00:00.000000024,no,delivered,4,808.78
18520.0,dhl,fragile items,truck,standard,north,foggy,215.7,28.09,1970-01-01 00:00:00.000000009,1970-01-01 00:00:00.000000024,no,delivered,4,1162.77
18521.0,dhl,clothing,van,same day,central,clear,265.0,2.79,1970-01-01 00:00:00.000000010,1970-01-01 00:00:00.000000008,yes,delayed,3,1433.37
18523.0,dhl,clothing,bike,two day,south,clear,292.1,49.33,1970-01-01 00:00:00.000000007,1970-01-01 00:00:00.000000016,no,delivered,4,1608.49
18529.0,dhl,furniture,ev bike,express,east,clear,44.2,30.39,1970-01-01 00:00:00.000000001,1970-01-01 00:00:00.000000002,no,delivered,5,362.17
18557.0,dhl,clothing,bike,standard,east,clear,257.7,30.12,1970-01-01 00:00:00.000000008,1970-01-01 00:00:00.000000024,no,delivered,5,1378.86
18578.0,dhl,fragile items,truck,same day,west,clear,182.0,39.58,1970-01-01 00:00:00.000000007,1970-01-01 00:00:00.000000008,no,delivered,5,1128.74
18582.0,dhl,furniture,van,two day,east,rainy,63.5,13.34,1970-01-01 00:00:00.000000004,1970-01-01 00:00:00.000000016,no,delivered,4,357.52
18592.0,dhl,clothing,scooter,same day,central,cold,206.3,22.49,1970-01-01 00:00:00.000000004,1970-01-01 00:00:00.000000008,no,delivered,5,1198.97
18604.0,dhl,cosmetics,ev van,same day,central,stormy,52.1,43.06,1970-01-01 00:00:00.000000005,1970-01-01 00:00:00.000000008,no,delivered,5,489.68
18609.0,dhl,furniture,ev van,standard,west,cold,214.7,8.75,1970-01-01 00:00:00.000000004,1970-01-01 00:00:00.000000024,no,delivered,4,1099.75
18618.0,dhl,furniture,ev van,two day,north,rainy,133.1,35.38,1970-01-01 00:00:00.000000009,1970-01-01 00:00:00.000000016,no,delivered,5,771.64
18633.0,dhl,electronics,bike,two day,north,foggy,115.6,19.61,1970-01-01 00:00:00.000000006,1970-01-01 00:00:00.000000016,no,delivered,4,636.83
18636.0,dhl,fragile items,bike,standard,west,rainy,78.8,9.78,1970-01-01 00:00:00.000000006,1970-01-01 00:00:00.000000024,no,delivered,4,423.34
18645.0,dhl,documents,van,express,south,clear,117.3,31.15,1970-01-01 00:00:00.000000004,1970-01-01 00:00:00.000000004,yes,delayed,3,729.95
18663.0,dhl,electronics,ev van,standard,north,cold,23.7,46.75,1970-01-01 00:00:00.000000002,1970-01-01 00:00:00.000000024,no,delivered,4,258.75
18666.0,dhl,pharmacy,ev bike,express,east,hot,97.1,38.78,1970-01-01 00:00:00.000000004,1970-01-01 00:00:00.000000003,yes,delayed,2,651.84
18669.0,dhl,fragile items,scooter,standard,east,rainy,177.2,19.43,1970-01-01 00:00:00.000000013,1970-01-01 00:00:00.000000024,no,delivered,4,944.29
18673.0,dhl,furniture,ev van,same day,west,cold,228.3,22.05,1970-01-01 00:00:00.000000006,1970-01-01 00:00:00.000000008,no,delivered,3,1307.65
18674.0,dhl,pharmacy,ev van,two day,west,rainy,149.3,29.8,1970-01-01 00:00:00.000000006,1970-01-01 00:00:00.000000016,no,delivered,4,835.9
18687.0,dhl,furniture,ev bike,two day,east,stormy,40.9,46.41,1970-01-01 00:00:00.000000005,1970-01-01 00:00:00.000000016,no,delivered,5,343.73
18694.0,dhl,electronics,truck,express,north,rainy,287.9,41.96,1970-01-01 00:00:00.000000015,1970-01-01 00:00:00.000000007,yes,delayed,3,1615.38
18703.0,dhl,fragile items,ev bike,standard,east,foggy,254.5,31.96,1970-01-01 00:00:00.000000011,1970-01-01 00:00:00.000000024,no,delivered,4,1368.38
18706.0,dhl,clothing,van,same day,east,stormy,174.8,30.29,1970-01-01 00:00:00.000000010,1970-01-01 00:00:00.000000008,yes,delayed,3,1064.87
18733.0,dhl,documents,van,express,south,stormy,196.0,21.6,1970-01-01 00:00:00.000000011,1970-01-01 00:00:00.000000005,yes,delayed,3,1094.8
18735.0,dhl,furniture,ev bike,two day,south,rainy,179.2,21.12,1970-01-01 00:00:00.000000011,1970-01-01 00:00:00.000000016,no,delivered,4,959.36
18758.0,dhl,cosmetics,bike,express,north,hot,195.1,18.87,1970-01-01 00:00:00.000000006,1970-01-01 00:00:00.000000005,yes,delayed,3,1082.11
18763.0,dhl,automobile parts,van,two day,central,rainy,164.5,35.44,1970-01-01 00:00:00.000000007,1970-01-01 00:00:00.000000016,no,delivered,5,928.82
18764.0,dhl,groceries,ev van,express,central,rainy,297.1,28.02,1970-01-01 00:00:00.000000011,1970-01-01 00:00:00.000000007,yes,delayed,2,1623.06
18775.0,dhl,automobile parts,scooter,standard,west,cold,284.6,20.51,1970-01-01 00:00:00.000000012,1970-01-01 00:00:00.000000024,no,delivered,5,1484.53
18781.0,dhl,documents,truck,express,west,clear,270.2,44.62,1970-01-01 00:00:00.000000009,1970-01-01 00:00:00.000000007,yes,failed,1,1534.86
18783.0,dhl,fragile items,ev van,standard,north,clear,138.1,49.52,1970-01-01 00:00:00.000000002,1970-01-01 00:00:00.000000024,no,delivered,3,839.18
18793.0,dhl,electronics,scooter,standard,central,foggy,289.4,12.08,1970-01-01 00:00:00.000000014,1970-01-01 00:00:00.000000024,no,delivered,4,1483.24
18805.0,dhl,furniture,ev van,express,north,hot,59.0,29.36,1970-01-01 00:00:00.000000003,1970-01-01 00:00:00.000000003,yes,failed,2,433.08
18817.0,dhl,documents,ev bike,same day,south,foggy,271.7,15.28,1970-01-01 00:00:00.000000008,1970-01-01 00:00:00.000000008,yes,failed,1,1504.34
18822.0,dhl,pharmacy,scooter,express,east,cold,30.4,42.2,1970-01-01 00:00:00.000000002,1970-01-01 00:00:00.000000002,no,delivered,3,328.6
18824.0,dhl,pharmacy,truck,same day,central,foggy,199.4,6.15,1970-01-01 00:00:00.000000008,1970-01-01 00:00:00.000000008,yes,delayed,3,1115.45
18834.0,dhl,furniture,scooter,express,north,rainy,232.4,27.26,1970-01-01 00:00:00.000000009,1970-01-01 00:00:00.000000006,yes,delayed,2,1293.78
18835.0,dhl,groceries,truck,standard,central,cold,6.5,17.63,1970-01-01 00:00:00.000000001,1970-01-01 00:00:00.000000024,no,delivered,5,95.6674
18839.0,dhl,electronics,scooter,two day,central,clear,254.1,33.26,1970-01-01 00:00:00.000000005,1970-01-01 00:00:00.000000016,no,delivered,5,1370.28
18845.0,dhl,automobile parts,ev bike,standard,north,rainy,112.3,9.87,1970-01-01 00:00:00.000000005,1970-01-01 00:00:00.000000024,no,delivered,4,591.11
18847.0,dhl,pharmacy,ev bike,express,east,clear,198.7,9.49,1970-01-01 00:00:00.000000006,1970-01-01 00:00:00.000000005,yes,delayed,2,1071.97
18856.0,dhl,documents,truck,express,south,clear,76.9,41.21,1970-01-01 00:00:00.000000003,1970-01-01 00:00:00.000000003,no,delivered,5,558.13
18859.0,dhl,electronics,scooter,same day,south,stormy,103.8,48.19,1970-01-01 00:00:00.000000007,1970-01-01 00:00:00.000000008,no,delivered,4,763.57
18887.0,dhl,cosmetics,bike,two day,north,foggy,171.7,29.38,1970-01-01 00:00:00.000000006,1970-01-01 00:00:00.000000016,no,delivered,4,946.64
18891.0,dhl,cosmetics,ev van,standard,south,clear,95.7,10.03,1970-01-01 00:00:00.000000005,1970-01-01 00:00:00.000000024,no,delivered,4,508.59
18899.0,dhl,clothing,bike,standard,central,clear,13.7,34.03,1970-01-01 00:00:00.000000001,1970-01-01 00:00:00.000000024,no,delivered,3,170.59
18900.0,dhl,fragile items,scooter,two day,east,clear,81.2,22.69,1970-01-01 00:00:00.000000003,1970-01-01 00:00:00.000000016,no,delivered,5,474.07
18919.0,dhl,groceries,ev bike,two day,east,hot,188.9,29.27,1970-01-01 00:00:00.000000004,1970-01-01 00:00:00.000000016,no,delivered,5,1032.31
18921.0,dhl,automobile parts,bike,two day,central,rainy,106.5,11.44,1970-01-01 00:00:00.000000005,1970-01-01 00:00:00.000000016,no,delivered,3,566.82
18923.0,dhl,pharmacy,ev van,standard,east,rainy,84.6,24.64,1970-01-01 00:00:00.000000008,1970-01-01 00:00:00.000000024,no,delivered,4,496.92
18929.0,dhl,furniture,scooter,standard,west,stormy,60.6,41.83,1970-01-01 00:00:00.000000008,1970-01-01 00:00:00.000000024,no,delivered,5,428.49
18950.0,dhl,fragile items,scooter,same day,west,hot,12.9,6.13,1970-01-01 00:00:00.000000001,1970-01-01 00:00:00.000000008,no,delivered,5,182.89
18964.0,dhl,groceries,truck,standard,west,rainy,79.1,32.27,1970-01-01 00:00:00.000000007,1970-01-01 00:00:00.000000024,no,delivered,5,492.31
18982.0,dhl,electronics,scooter,standard,west,cold,132.6,17.25,1970-01-01 00:00:00.000000004,1970-01-01 00:00:00.000000024,no,delivered,3,714.75
18983.0,dhl,pharmacy,bike,standard,west,stormy,259.3,46.37,1970-01-01 00:00:00.000000010,1970-01-01 00:00:00.000000024,no,delivered,4,1435.61
18987.0,dhl,groceries,truck,same day,south,hot,108.7,34.47,1970-01-01 00:00:00.000000004,1970-01-01 00:00:00.000000008,no,delivered,3,746.91
18999.0,dhl,furniture,van,same day,north,hot,59.4,13.43,1970-01-01 00:00:00.000000002,1970-01-01 00:00:00.000000008,no,delivered,5,437.29
19024.0,dhl,furniture,truck,standard,west,cold,173.0,31.15,1970-01-01 00:00:00.000000004,1970-01-01 00:00:00.000000024,no,delivered,5,958.45
19035.0,dhl,pharmacy,scooter,express,south,rainy,289.2,28.24,1970-01-01 00:00:00.000000013,1970-01-01 00:00:00.000000007,yes,delayed,2,1580.72
19036.0,dhl,documents,truck,two day,south,clear,155.5,47.14,1970-01-01 00:00:00.000000003,1970-01-01 00:00:00.000000016,no,delivered,5,918.92
19061.0,dhl,groceries,bike,same day,east,cold,149.2,37.08,1970-01-01 00:00:00.000000004,1970-01-01 00:00:00.000000008,no,delivered,5,957.24
19072.0,dhl,furniture,bike,same day,east,hot,277.6,35.96,1970-01-01 00:00:00.000000008,1970-01-01 00:00:00.000000008,yes,delayed,2,1595.88
19086.0,dhl,documents,ev van,express,central,cold,235.3,18.13,1970-01-01 00:00:00.000000006,1970-01-01 00:00:00.000000006,no,delivered,3,1280.89
19097.0,dhl,documents,van,same day,south,clear,48.6,33.1,1970-01-01 00:00:00.000000001,1970-01-01 00:00:00.000000008,no,delivered,4,442.3
19114.0,dhl,automobile parts,ev van,same day,north,clear,286.2,27.75,1970-01-01 00:00:00.000000008,1970-01-01 00:00:00.000000008,yes,delayed,3,1614.25
19145.0,dhl,fragile items,ev bike,standard,north,foggy,281.7,26.93,1970-01-01 00:00:00.000000008,1970-01-01 00:00:00.000000024,no,delivered,4,1489.29
19146.0,dhl,cosmetics,bike,two day,west,rainy,39.4,25.11,1970-01-01 00:00:00.000000006,1970-01-01 00:00:00.000000016,no,delivered,4,272.33
19171.0,dhl,documents,van,two day,north,hot,216.2,33.57,1970-01-01 00:00:00.000000005,1970-01-01 00:00:00.000000016,no,delivered,3,1181.71
19196.0,dhl,automobile parts,bike,same day,east,clear,243.6,4.32,1970-01-01 00:00:00.000000010,1970-01-01 00:00:00.000000008,yes,failed,2,1330.96
19208.0,dhl,pharmacy,bike,express,north,stormy,186.3,4.79,1970-01-01 00:00:00.000000008,1970-01-01 00:00:00.000000005,yes,delayed,2,995.87
19213.0,dhl,automobile parts,van,same day,central,hot,199.3,25.44,1970-01-01 00:00:00.000000006,1970-01-01 00:00:00.000000008,no,delivered,3,1172.82
19220.0,dhl,fragile items,bike,two day,west,clear,291.5,23.39,1970-01-01 00:00:00.000000008,1970-01-01 00:00:00.000000016,no,delivered,5,1527.67
19227.0,dhl,automobile parts,truck,same day,north,foggy,118.3,21.73,1970-01-01 00:00:00.000000007,1970-01-01 00:00:00.000000008,no,delivered,3,756.69
19232.0,dhl,documents,ev van,express,south,stormy,190.4,6.24,1970-01-01 00:00:00.000000014,1970-01-01 00:00:00.000000005,yes,delayed,2,1020.72
19245.0,dhl,electronics,bike,two day,central,clear,21.5,7.96,1970-01-01 00:00:00.000000001,1970-01-01 00:00:00.000000016,no,delivered,4,131.38
19256.0,dhl,documents,ev bike,standard,central,cold,37.9,28.57,1970-01-01 00:00:00.000000003,1970-01-01 00:00:00.000000024,no,delivered,5,275.21
19294.0,dhl,fragile items,van,express,west,stormy,85.1,2.78,1970-01-01 00:00:00.000000005,1970-01-01 00:00:00.000000003,yes,delayed,2,483.84
19311.0,dhl,cosmetics,van,standard,central,rainy,12.5,18.04,1970-01-01 00:00:00.000000003,1970-01-01 00:00:00.000000024,no,delivered,3,116.62
19314.0,dhl,electronics,van,same day,south,cold,13.1,49.46,1970-01-01 00:00:00.000000001,1970-01-01 00:00:00.000000008,no,delivered,4,313.88
19320.0,dhl,cosmetics,truck,standard,west,stormy,295.8,12.97,1970-01-01 00:00:00.000000010,1970-01-01 00:00:00.000000024,no,delivered,5,1517.91
19322.0,dhl,clothing,van,standard,north,stormy,121.2,35.1,1970-01-01 00:00:00.000000011,1970-01-01 00:00:00.000000024,no,delivered,5,711.3
19323.0,dhl,documents,ev bike,same day,central,stormy,110.5,44.54,1970-01-01 00:00:00.000000007,1970-01-01 00:00:00.000000008,no,delivered,4,786.12
19327.0,dhl,groceries,ev bike,express,north,rainy,19.4,25.51,1970-01-01 00:00:00.000000005,1970-01-01 00:00:00.000000002,yes,delayed,3,223.53
19337.0,dhl,documents,ev bike,same day,central,foggy,83.0,4.59,1970-01-01 00:00:00.000000005,1970-01-01 00:00:00.000000008,no,delivered,3,528.77
19350.0,dhl,electronics,bike,same day,north,hot,192.8,4.1,1970-01-01 00:00:00.000000005,1970-01-01 00:00:00.000000008,no,delivered,4,1076.3
19358.0,dhl,clothing,bike,same day,west,hot,211.2,12.74,1970-01-01 00:00:00.000000006,1970-01-01 00:00:00.000000008,no,delivered,4,1194.22
19360.0,dhl,pharmacy,truck,two day,central,cold,269.3,31.66,1970-01-01 00:00:00.000000007,1970-01-01 00:00:00.000000016,no,delivered,5,1441.48
19385.0,dhl,documents,ev van,same day,central,cold,16.3,33.26,1970-01-01 00:00:00.000000002,1970-01-01 00:00:00.000000008,no,delivered,4,281.28
19391.0,dhl,electronics,ev bike,standard,south,hot,289.1,16.81,1970-01-01 00:00:00.000000008,1970-01-01 00:00:00.000000024,no,delivered,5,1495.93
19392.0,dhl,automobile parts,truck,same day,south,clear,67.2,4.37,1970-01-01 00:00:00.000000004,1970-01-01 00:00:00.000000008,no,delivered,5,449.11
19396.0,dhl,clothing,ev bike,two day,south,foggy,247.2,18.82,1970-01-01 00:00:00.000000009,1970-01-01 00:00:00.000000016,no,delivered,4,1292.46
19401.0,dhl,pharmacy,truck,same day,central,cold,256.0,12.14,1970-01-01 00:00:00.000000006,1970-01-01 00:00:00.000000008,no,delivered,5,1416.42
19413.0,dhl,furniture,bike,same day,north,stormy,200.7,29.79,1970-01-01 00:00:00.000000010,1970-01-01 00:00:00.000000008,yes,delayed,2,1192.87
19419.0,dhl,electronics,van,express,south,hot,36.6,19.75,1970-01-01 00:00:00.000000004,1970-01-01 00:00:00.000000002,yes,failed,1,292.25
19424.0,dhl,fragile items,ev van,express,west,clear,249.2,1.99,1970-01-01 00:00:00.000000010,1970-01-01 00:00:00.000000006,yes,failed,1,1301.97
19427.0,dhl,clothing,truck,standard,central,rainy,199.4,21.59,1970-01-01 00:00:00.000000006,1970-01-01 00:00:00.000000024,no,delivered,3,1061.77
19448.0,dhl,electronics,scooter,standard,south,stormy,167.6,32.79,1970-01-01 00:00:00.000000009,1970-01-01 00:00:00.000000024,no,delivered,3,936.37
19457.0,dhl,groceries,scooter,express,north,foggy,58.9,10.87,1970-01-01 00:00:00.000000005,1970-01-01 00:00:00.000000003,yes,delayed,2,377.11
19464.0,dhl,groceries,truck,standard,north,cold,136.8,19.11,1970-01-01 00:00:00.000000005,1970-01-01 00:00:00.000000024,no,delivered,3,741.33
19467.0,dhl,clothing,ev bike,same day,east,clear,225.5,43.45,1970-01-01 00:00:00.000000004,1970-01-01 00:00:00.000000008,no,delivered,5,1357.85
19475.0,dhl,furniture,ev van,two day,west,hot,101.6,42.0,1970-01-01 00:00:00.000000004,1970-01-01 00:00:00.000000016,no,delivered,5,634.0
19477.0,dhl,electronics,ev bike,two day,central,foggy,27.0,15.07,1970-01-01 00:00:00.000000004,1970-01-01 00:00:00.000000016,no,delivered,4,180.21
19484.0,dhl,pharmacy,van,same day,east,clear,50.3,34.79,1970-01-01 00:00:00.000000001,1970-01-01 00:00:00.000000008,no,delivered,5,455.87
19497.0,dhl,fragile items,van,same day,central,rainy,209.4,7.72,1970-01-01 00:00:00.000000008,1970-01-01 00:00:00.000000008,yes,delayed,3,1170.16
19505.0,dhl,clothing,van,standard,west,cold,77.2,43.07,1970-01-01 00:00:00.000000002,1970-01-01 00:00:00.000000024,no,delivered,5,515.21
19512.0,dhl,fragile items,scooter,same day,west,cold,98.8,1.34,1970-01-01 00:00:00.000000002,1970-01-01 00:00:00.000000008,no,delivered,5,598.02
19537.0,dhl,cosmetics,ev bike,two day,south,foggy,25.0,30.16,1970-01-01 00:00:00.000000003,1970-01-01 00:00:00.000000016,no,delivered,4,215.48
19539.0,dhl,furniture,ev van,two day,south,stormy,254.4,41.91,1970-01-01 00:00:00.000000012,1970-01-01 00:00:00.000000016,no,delivered,4,1397.73
19542.0,dhl,clothing,truck,standard,central,hot,17.6,0.92,1970-01-01 00:00:00.000000002,1970-01-01 00:00:00.000000024,no,delivered,4,95.6674
19547.0,dhl,documents,scooter,standard,central,foggy,187.0,17.02,1970-01-01 00:00:00.000000008,1970-01-01 00:00:00.000000024,no,delivered,4,986.06
19553.0,dhl,automobile parts,truck,express,east,foggy,111.8,31.98,1970-01-01 00:00:00.000000003,1970-01-01 00:00:00.000000004,no,delivered,4,704.94
19561.0,dhl,electronics,scooter,same day,north,stormy,85.4,48.9,1970-01-01 00:00:00.000000007,1970-01-01 00:00:00.000000008,no,delivered,5,673.7
19565.0,dhl,furniture,truck,same day,north,cold,39.2,29.56,1970-01-01 00:00:00.000000003,1970-01-01 00:00:00.000000008,no,delivered,4,384.68
19573.0,dhl,documents,bike,two day,east,cold,238.3,18.61,1970-01-01 00:00:00.000000006,1970-01-01 00:00:00.000000016,no,delivered,5,1247.33
19576.0,dhl,electronics,truck,express,central,cold,283.0,36.66,1970-01-01 00:00:00.000000006,1970-01-01 00:00:00.000000007,no,delivered,4,1574.98
19577.0,dhl,clothing,ev van,express,east,stormy,263.0,33.26,1970-01-01 00:00:00.000000012,1970-01-01 00:00:00.000000007,yes,delayed,3,1464.78
19600.0,dhl,groceries,truck,express,south,stormy,115.1,46.48,1970-01-01 00:00:00.000000006,1970-01-01 00:00:00.000000004,yes,delayed,2,764.94
19618.0,dhl,automobile parts,van,express,south,rainy,10.8,33.19,1970-01-01 00:00:00.000000003,1970-01-01 00:00:00.000000002,yes,delayed,3,203.57
19623.0,dhl,furniture,truck,standard,central,cold,136.9,0.76,1970-01-01 00:00:00.000000005,1970-01-01 00:00:00.000000024,no,delivered,5,686.78
19624.0,dhl,automobile parts,truck,express,south,cold,129.5,4.82,1970-01-01 00:00:00.000000003,1970-01-01 00:00:00.000000004,no,delivered,5,711.96
19629.0,dhl,electronics,truck,express,west,foggy,291.0,10.08,1970-01-01 00:00:00.000000007,1970-01-01 00:00:00.000000007,no,delivered,5,1535.24
19631.0,dhl,furniture,van,two day,south,clear,134.6,30.77,1970-01-01 00:00:00.000000005,1970-01-01 00:00:00.000000016,no,delivered,4,765.31
19638.0,dhl,documents,bike,same day,east,clear,204.1,36.35,1970-01-01 00:00:00.000000008,1970-01-01 00:00:00.000000008,yes,delayed,2,1229.55
19650.0,dhl,pharmacy,scooter,standard,north,clear,106.8,22.73,1970-01-01 00:00:00.000000003,1970-01-01 00:00:00.000000024,no,delivered,5,602.19
19655.0,dhl,electronics,van,two day,east,stormy,66.7,25.38,1970-01-01 00:00:00.000000007,1970-01-01 00:00:00.000000016,no,delivered,5,409.64
19671.0,dhl,groceries,bike,standard,east,cold,61.3,38.77,1970-01-01 00:00:00.000000003,1970-01-01 00:00:00.000000024,no,delivered,4,422.81
19675.0,dhl,documents,truck,standard,north,rainy,253.8,45.92,1970-01-01 00:00:00.000000009,1970-01-01 00:00:00.000000024,no,delivered,5,1406.76
19696.0,dhl,automobile parts,truck,same day,west,stormy,223.3,15.34,1970-01-01 00:00:00.000000014,1970-01-01 00:00:00.000000008,yes,delayed,3,1262.52
19697.0,dhl,fragile items,bike,standard,central,rainy,52.1,38.17,1970-01-01 00:00:00.000000006,1970-01-01 00:00:00.000000024,no,delivered,5,375.01
19698.0,dhl,fragile items,scooter,same day,east,stormy,150.0,6.33,1970-01-01 00:00:00.000000009,1970-01-01 00:00:00.000000008,yes,delayed,2,868.99
19703.0,dhl,pharmacy,truck,express,north,hot,55.2,28.82,1970-01-01 00:00:00.000000003,1970-01-01 00:00:00.000000003,yes,failed,1,412.46
19706.0,dhl,groceries,truck,express,west,hot,294.8,15.27,1970-01-01 00:00:00.000000012,1970-01-01 00:00:00.000000007,yes,delayed,2,1569.81
19717.0,dhl,clothing,scooter,standard,west,clear,148.8,47.04,1970-01-01 00:00:00.000000007,1970-01-01 00:00:00.000000024,no,delivered,4,885.12
19727.0,dhl,fragile items,van,standard,south,foggy,171.4,46.49,1970-01-01 00:00:00.000000009,1970-01-01 00:00:00.000000024,no,delivered,5,996.47
19732.0,dhl,documents,bike,express,central,hot,12.3,29.94,1970-01-01 00:00:00.000000001,1970-01-01 00:00:00.000000002,no,delivered,4,201.32
19745.0,dhl,electronics,scooter,same day,east,stormy,97.6,5.27,1970-01-01 00:00:00.000000007,1970-01-01 00:00:00.000000008,no,delivered,5,603.81
19751.0,dhl,automobile parts,van,same day,north,rainy,147.1,29.37,1970-01-01 00:00:00.000000009,1970-01-01 00:00:00.000000008,yes,delayed,2,923.61
19752.0,dhl,pharmacy,scooter,standard,south,rainy,193.4,26.55,1970-01-01 00:00:00.000000010,1970-01-01 00:00:00.000000024,no,delivered,5,1046.65
19760.0,dhl,pharmacy,ev bike,same day,east,foggy,111.0,4.74,1970-01-01 00:00:00.000000007,1970-01-01 00:00:00.000000008,no,delivered,3,669.22
19767.0,dhl,furniture,ev bike,express,south,clear,30.9,17.57,1970-01-01 00:00:00.000000003,1970-01-01 00:00:00.000000002,yes,failed,1,257.21
19768.0,dhl,cosmetics,scooter,express,central,hot,195.4,18.93,1970-01-01 00:00:00.000000007,1970-01-01 00:00:00.000000005,yes,failed,1,1083.79
19769.0,dhl,furniture,bike,express,west,rainy,134.4,11.81,1970-01-01 00:00:00.000000008,1970-01-01 00:00:00.000000004,yes,delayed,2,757.43
19789.0,dhl,electronics,ev bike,express,central,rainy,191.6,24.73,1970-01-01 00:00:00.000000008,1970-01-01 00:00:00.000000005,yes,delayed,2,1082.19
19797.0,dhl,clothing,van,standard,east,stormy,58.4,21.37,1970-01-01 00:00:00.000000004,1970-01-01 00:00:00.000000024,no,delivered,4,356.11
19803.0,dhl,cosmetics,bike,two day,north,clear,125.0,15.02,1970-01-01 00:00:00.000000005,1970-01-01 00:00:00.000000016,no,delivered,4,670.06
19821.0,dhl,documents,ev bike,two day,south,rainy,255.8,7.11,1970-01-01 00:00:00.000000011,1970-01-01 00:00:00.000000016,no,delivered,4,1300.33
19833.0,dhl,cosmetics,bike,express,west,clear,229.3,40.8,1970-01-01 00:00:00.000000005,1970-01-01 00:00:00.000000006,no,delivered,5,1318.9
19836.0,dhl,clothing,van,two day,north,hot,90.2,42.69,1970-01-01 00:00:00.000000003,1970-01-01 00:00:00.000000016,no,delivered,5,579.07
19837.0,dhl,documents,ev van,same day,west,stormy,293.6,20.91,1970-01-01 00:00:00.000000012,1970-01-01 00:00:00.000000008,yes,failed,1,1630.73
19865.0,dhl,documents,ev van,same day,north,clear,271.4,2.69,1970-01-01 00:00:00.000000010,1970-01-01 00:00:00.000000008,yes,delayed,3,1465.07
19879.0,dhl,fragile items,truck,two day,central,rainy,160.7,27.38,1970-01-01 00:00:00.000000009,1970-01-01 00:00:00.000000016,no,delivered,4,885.64
19889.0,dhl,cosmetics,van,express,north,rainy,51.3,47.19,1970-01-01 00:00:00.000000005,1970-01-01 00:00:00.000000003,yes,delayed,3,448.07
19905.0,dhl,groceries,truck,express,east,stormy,68.8,42.55,1970-01-01 00:00:00.000000008,1970-01-01 00:00:00.000000003,yes,failed,2,521.65
19920.0,dhl,automobile parts,van,two day,east,cold,141.9,4.33,1970-01-01 00:00:00.000000003,1970-01-01 00:00:00.000000016,no,delivered,4,722.49
19934.0,dhl,fragile items,ev van,two day,west,clear,287.1,19.83,1970-01-01 00:00:00.000000007,1970-01-01 00:00:00.000000016,no,delivered,4,1494.99
19948.0,dhl,clothing,truck,express,west,cold,107.3,2.39,1970-01-01 00:00:00.000000002,1970-01-01 00:00:00.000000004,no,delivered,4,593.67
19955.0,dhl,furniture,ev van,express,north,clear,55.9,15.35,1970-01-01 00:00:00.000000001,1970-01-01 00:00:00.000000003,no,delivered,4,375.55
19961.0,dhl,automobile parts,bike,same day,west,hot,251.8,44.17,1970-01-01 00:00:00.000000006,1970-01-01 00:00:00.000000008,no,delivered,3,1491.51
19965.0,dhl,cosmetics,bike,same day,north,clear,34.1,11.51,1970-01-01 00:00:00.000000001,1970-01-01 00:00:00.000000008,no,delivered,3,305.03
19967.0,dhl,documents,bike,express,central,stormy,54.9,9.43,1970-01-01 00:00:00.000000007,1970-01-01 00:00:00.000000003,yes,delayed,2,352.79
19978.0,dhl,cosmetics,van,two day,east,foggy,293.3,2.98,1970-01-01 00:00:00.000000009,1970-01-01 00:00:00.000000016,no,delivered,5,1475.44
19980.0,dhl,cosmetics,ev van,standard,west,rainy,109.8,19.98,1970-01-01 00:00:00.000000006,1970-01-01 00:00:00.000000024,no,delivered,4,608.94
19981.0,dhl,electronics,bike,standard,south,clear,98.9,39.62,1970-01-01 00:00:00.000000005,1970-01-01 00:00:00.000000024,no,delivered,5,613.36
19984.0,dhl,electronics,truck,two day,west,hot,32.1,21.08,1970-01-01 00:00:00.000000003,1970-01-01 00:00:00.000000016,no,delivered,4,223.74
19986.0,dhl,cosmetics,bike,express,west,rainy,167.3,24.42,1970-01-01 00:00:00.000000008,1970-01-01 00:00:00.000000005,yes,delayed,2,959.76
19989.0,dhl,electronics,van,express,east,clear,71.0,41.32,1970-01-01 00:00:00.000000003,1970-01-01 00:00:00.000000003,yes,delayed,3,528.96
19990.0,dhl,automobile parts,van,express,east,stormy,126.5,24.45,1970-01-01 00:00:00.000000009,1970-01-01 00:00:00.000000004,yes,delayed,3,755.85
19998.0,dhl,pharmacy,scooter,standard,south,clear,26.1,45.25,1970-01-01 00:00:00.000000002,1970-01-01 00:00:00.000000024,no,delivered,4,266.25
19999.0,dhl,cosmetics,scooter,standard,north,clear,19.2,15.95,1970-01-01 00:00:00.000000002,1970-01-01 00:00:00.000000024,no,delivered,4,143.85
20011.0,dhl,pharmacy,truck,express,east,foggy,9.9,41.29,1970-01-01 00:00:00.000000002,1970-01-01 00:00:00.000000002,yes,delayed,3,223.37
20013.0,dhl,documents,ev bike,two day,south,stormy,3.6,10.76,1970-01-01 00:00:00.000000003,1970-01-01 00:00:00.000000016,no,delivered,4,95.6674
20014.0,dhl,furniture,ev van,express,east,foggy,185.7,42.47,1970-01-01 00:00:00.000000009,1970-01-01 00:00:00.000000005,yes,delayed,2,1105.91
20029.0,dhl,cosmetics,van,express,west,hot,220.6,47.63,1970-01-01 00:00:00.000000009,1970-01-01 00:00:00.000000006,yes,failed,1,1295.89
20073.0,dhl,electronics,scooter,standard,central,foggy,117.0,44.4,1970-01-01 00:00:00.000000007,1970-01-01 00:00:00.000000024,no,delivered,4,718.2
20085.0,dhl,furniture,ev bike,standard,central,rainy,178.7,11.79,1970-01-01 00:00:00.000000009,1970-01-01 00:00:00.000000024,no,delivered,4,928.87
20087.0,dhl,groceries,ev bike,express,north,hot,129.8,22.35,1970-01-01 00:00:00.000000003,1970-01-01 00:00:00.000000004,no,delivered,5,766.05
20096.0,dhl,electronics,ev bike,two day,east,hot,79.6,8.6,1970-01-01 00:00:00.000000003,1970-01-01 00:00:00.000000016,no,delivered,4,423.8
20108.0,dhl,cosmetics,van,express,central,hot,122.7,49.52,1970-01-01 00:00:00.000000002,1970-01-01 00:00:00.000000004,no,delivered,5,812.39
20116.0,dhl,automobile parts,scooter,standard,north,cold,271.0,18.6,1970-01-01 00:00:00.000000009,1970-01-01 00:00:00.000000024,no,delivered,5,1410.8
20134.0,dhl,groceries,ev bike,express,west,rainy,192.7,1.24,1970-01-01 00:00:00.000000009,1970-01-01 00:00:00.000000005,yes,delayed,3,1017.22
20145.0,dhl,pharmacy,ev bike,same day,central,rainy,147.1,32.79,1970-01-01 00:00:00.000000008,1970-01-01 00:00:00.000000008,yes,delayed,2,933.87
20147.0,dhl,pharmacy,scooter,standard,east,cold,7.3,26.38,1970-01-01 00:00:00.000000000,1970-01-01 00:00:00.000000024,no,delivered,5,115.64
20161.0,dhl,documents,ev van,standard,north,foggy,131.4,21.39,1970-01-01 00:00:00.000000008,1970-01-01 00:00:00.000000024,no,delivered,5,721.17
20199.0,dhl,groceries,scooter,standard,south,rainy,297.1,28.89,1970-01-01 00:00:00.000000012,1970-01-01 00:00:00.000000024,no,delivered,3,1582.17
20205.0,dhl,fragile items,ev bike,standard,south,foggy,262.0,46.55,1970-01-01 00:00:00.000000008,1970-01-01 00:00:00.000000024,no,delivered,4,1449.65
20220.0,dhl,documents,truck,standard,central,stormy,76.3,43.2,1970-01-01 00:00:00.000000008,1970-01-01 00:00:00.000000024,no,delivered,3,511.1
20221.0,dhl,electronics,scooter,standard,east,stormy,72.2,43.66,1970-01-01 00:00:00.000000004,1970-01-01 00:00:00.000000024,no,delivered,4,491.98
20222.0,dhl,pharmacy,truck,two day,north,clear,185.6,39.28,1970-01-01 00:00:00.000000008,1970-01-01 00:00:00.000000016,no,delivered,4,1045.84
20223.0,dhl,clothing,van,standard,east,stormy,130.0,42.91,1970-01-01 00:00:00.000000010,1970-01-01 00:00:00.000000024,no,delivered,5,778.73
20227.0,dhl,fragile items,scooter,standard,west,clear,118.3,29.2,1970-01-01 00:00:00.000000006,1970-01-01 00:00:00.000000024,no,delivered,4,679.1
20229.0,dhl,clothing,bike,express,west,cold,32.6,13.85,1970-01-01 00:00:00.000000002,1970-01-01 00:00:00.000000002,no,delivered,5,254.55
20232.0,dhl,cosmetics,ev van,two day,south,foggy,156.9,4.27,1970-01-01 00:00:00.000000006,1970-01-01 00:00:00.000000016,no,delivered,5,797.31
20239.0,dhl,electronics,bike,standard,south,clear,262.5,41.01,1970-01-01 00:00:00.000000011,1970-01-01 00:00:00.000000024,no,delivered,4,1435.53
20249.0,dhl,automobile parts,ev van,express,south,clear,210.1,26.16,1970-01-01 00:00:00.000000007,1970-01-01 00:00:00.000000006,yes,delayed,3,1178.98
20260.0,dhl,clothing,ev bike,same day,central,clear,3.6,10.91,1970-01-01 00:00:00.000000001,1970-01-01 00:00:00.000000008,no,delivered,3,141.73
20275.0,dhl,groceries,truck,express,west,clear,24.4,14.85,1970-01-01 00:00:00.000000002,1970-01-01 00:00:00.000000002,yes,delayed,3,216.55
20278.0,dhl,groceries,ev van,express,north,stormy,59.6,47.49,1970-01-01 00:00:00.000000007,1970-01-01 00:00:00.000000003,yes,delayed,2,490.47
20283.0,dhl,electronics,scooter,same day,south,rainy,210.8,38.21,1970-01-01 00:00:00.000000010,1970-01-01 00:00:00.000000008,yes,delayed,2,1268.63
20297.0,dhl,documents,scooter,express,central,hot,49.7,21.05,1970-01-01 00:00:00.000000003,1970-01-01 00:00:00.000000002,yes,delayed,2,361.65
20298.0,dhl,documents,scooter,same day,west,cold,154.3,26.07,1970-01-01 00:00:00.000000006,1970-01-01 00:00:00.000000008,no,delivered,4,949.71
20308.0,dhl,furniture,truck,same day,east,clear,233.4,42.41,1970-01-01 00:00:00.000000006,1970-01-01 00:00:00.000000008,no,delivered,5,1394.23
20309.0,dhl,pharmacy,truck,standard,south,stormy,153.4,4.69,1970-01-01 00:00:00.000000010,1970-01-01 00:00:00.000000024,no,delivered,4,781.07
20310.0,dhl,fragile items,scooter,standard,west,cold,255.7,19.14,1970-01-01 00:00:00.000000010,1970-01-01 00:00:00.000000024,no,delivered,3,1335.92
20312.0,dhl,cosmetics,ev bike,same day,north,cold,122.6,30.48,1970-01-01 00:00:00.000000007,1970-01-01 00:00:00.000000008,no,delivered,5,804.44
20317.0,dhl,groceries,scooter,two day,west,hot,271.3,38.39,1970-01-01 00:00:00.000000006,1970-01-01 00:00:00.000000016,no,delivered,4,1471.67
20325.0,dhl,groceries,van,same day,north,stormy,70.2,20.53,1970-01-01 00:00:00.000000005,1970-01-01 00:00:00.000000008,no,delivered,5,512.59
20326.0,dhl,fragile items,truck,two day,north,hot,54.6,39.99,1970-01-01 00:00:00.000000003,1970-01-01 00:00:00.000000016,no,delivered,4,392.97
20341.0,dhl,groceries,ev bike,standard,east,stormy,291.2,3.21,1970-01-01 00:00:00.000000014,1970-01-01 00:00:00.000000024,no,delivered,3,1465.63
20353.0,dhl,fragile items,ev bike,standard,west,stormy,141.7,12.07,1970-01-01 00:00:00.000000006,1970-01-01 00:00:00.000000024,no,delivered,4,744.71
20369.0,dhl,fragile items,ev van,same day,west,stormy,290.3,18.78,1970-01-01 00:00:00.000000009,1970-01-01 00:00:00.000000008,yes,delayed,2,1607.84
20376.0,dhl,automobile parts,bike,standard,central,cold,66.7,24.47,1970-01-01 00:00:00.000000003,1970-01-01 00:00:00.000000024,no,delivered,4,406.91
20377.0,dhl,documents,scooter,same day,west,rainy,19.4,11.84,1970-01-01 00:00:00.000000007,1970-01-01 00:00:00.000000008,no,delivered,5,232.52
20391.0,dhl,pharmacy,truck,standard,south,rainy,154.5,3.51,1970-01-01 00:00:00.000000009,1970-01-01 00:00:00.000000024,no,delivered,5,783.03
20393.0,dhl,cosmetics,scooter,same day,north,foggy,37.9,18.81,1970-01-01 00:00:00.000000002,1970-01-01 00:00:00.000000008,no,delivered,5,345.93
20395.0,dhl,automobile parts,ev bike,two day,east,cold,73.9,4.03,1970-01-01 00:00:00.000000004,1970-01-01 00:00:00.000000016,no,delivered,4,381.59
20406.0,dhl,clothing,ev van,same day,north,hot,243.6,26.35,1970-01-01 00:00:00.000000008,1970-01-01 00:00:00.000000008,yes,delayed,3,1397.05
20415.0,dhl,fragile items,truck,standard,central,foggy,19.4,17.87,1970-01-01 00:00:00.000000003,1970-01-01 00:00:00.000000024,no,delivered,4,150.61
20420.0,dhl,documents,scooter,two day,west,rainy,32.7,10.73,1970-01-01 00:00:00.000000006,1970-01-01 00:00:00.000000016,no,delivered,5,195.69
20424.0,dhl,automobile parts,truck,same day,central,clear,23.5,1.41,1970-01-01 00:00:00.000000002,1970-01-01 00:00:00.000000008,no,delivered,4,221.73
20441.0,dhl,documents,scooter,express,west,clear,218.9,46.0,1970-01-01 00:00:00.000000005,1970-01-01 00:00:00.000000006,no,delivered,5,1282.5
20457.0,dhl,pharmacy,ev bike,same day,north,cold,32.7,6.18,1970-01-01 00:00:00.000000002,1970-01-01 00:00:00.000000008,no,delivered,4,282.04
20460.0,dhl,cosmetics,truck,same day,east,hot,96.2,44.64,1970-01-01 00:00:00.000000003,1970-01-01 00:00:00.000000008,no,delivered,5,714.92
20465.0,dhl,documents,van,two day,south,foggy,20.0,5.15,1970-01-01 00:00:00.000000002,1970-01-01 00:00:00.000000016,no,delivered,4,115.45
20466.0,dhl,clothing,scooter,standard,south,hot,216.0,4.75,1970-01-01 00:00:00.000000010,1970-01-01 00:00:00.000000024,no,delivered,5,1094.25
20478.0,dhl,electronics,ev van,same day,south,stormy,227.0,26.66,1970-01-01 00:00:00.000000008,1970-01-01 00:00:00.000000008,yes,delayed,3,1314.98
20480.0,dhl,documents,ev bike,same day,south,cold,193.5,44.48,1970-01-01 00:00:00.000000005,1970-01-01 00:00:00.000000008,no,delivered,5,1200.94
20483.0,dhl,automobile parts,ev van,two day,south,cold,160.0,23.9,1970-01-01 00:00:00.000000005,1970-01-01 00:00:00.000000016,no,delivered,4,871.7
20488.0,dhl,cosmetics,bike,same day,south,rainy,223.4,13.15,1970-01-01 00:00:00.000000006,1970-01-01 00:00:00.000000008,no,delivered,5,1256.45
20496.0,dhl,pharmacy,ev van,express,central,clear,187.6,30.86,1970-01-01 00:00:00.000000005,1970-01-01 00:00:00.000000005,no,delivered,5,1080.58
20509.0,dhl,documents,truck,standard,central,rainy,14.5,9.32,1970-01-01 00:00:00.000000007,1970-01-01 00:00:00.000000024,no,delivered,5,100.46
20516.0,dhl,fragile items,scooter,two day,south,foggy,11.9,42.69,1970-01-01 00:00:00.000000003,1970-01-01 00:00:00.000000016,no,delivered,5,187.57
20518.0,dhl,furniture,van,two day,east,stormy,52.8,43.97,1970-01-01 00:00:00.000000006,1970-01-01 00:00:00.000000016,no,delivered,4,395.91
20532.0,dhl,pharmacy,ev bike,same day,north,foggy,222.6,9.43,1970-01-01 00:00:00.000000007,1970-01-01 00:00:00.000000008,no,delivered,3,1241.29
20548.0,dhl,electronics,bike,standard,central,foggy,40.5,19.7,1970-01-01 00:00:00.000000004,1970-01-01 00:00:00.000000024,no,delivered,4,261.6
20549.0,dhl,automobile parts,bike,express,central,rainy,229.9,0.67,1970-01-01 00:00:00.000000010,1970-01-01 00:00:00.000000006,yes,failed,1,1201.18
20557.0,dhl,electronics,ev van,express,east,hot,279.4,49.28,1970-01-01 00:00:00.000000005,1970-01-01 00:00:00.000000007,no,delivered,5,1594.84
20566.0,dhl,automobile parts,truck,same day,north,clear,249.1,25.19,1970-01-01 00:00:00.000000005,1970-01-01 00:00:00.000000008,no,delivered,5,1421.07
20588.0,dhl,furniture,van,standard,east,clear,57.8,29.59,1970-01-01 00:00:00.000000001,1970-01-01 00:00:00.000000024,no,delivered,4,377.77
20591.0,dhl,clothing,ev bike,two day,central,hot,100.2,16.74,1970-01-01 00:00:00.000000005,1970-01-01 00:00:00.000000016,no,delivered,3,551.22
20596.0,dhl,cosmetics,scooter,standard,west,rainy,36.4,10.95,1970-01-01 00:00:00.000000002,1970-01-01 00:00:00.000000024,no,delivered,4,214.85
20605.0,dhl,fragile items,truck,two day,south,foggy,8.0,46.54,1970-01-01 00:00:00.000000003,1970-01-01 00:00:00.000000016,no,delivered,4,179.62
20609.0,dhl,groceries,truck,standard,north,stormy,239.6,39.57,1970-01-01 00:00:00.000000011,1970-01-01 00:00:00.000000024,no,delivered,4,1316.71
20611.0,dhl,automobile parts,bike,two day,east,cold,190.0,31.66,1970-01-01 00:00:00.000000008,1970-01-01 00:00:00.000000016,no,delivered,5,1044.98
20615.0,dhl,documents,bike,same day,central,clear,207.2,36.88,1970-01-01 00:00:00.000000006,1970-01-01 00:00:00.000000008,no,delivered,4,1246.64
20623.0,dhl,pharmacy,bike,two day,west,rainy,40.0,46.93,1970-01-01 00:00:00.000000007,1970-01-01 00:00:00.000000016,no,delivered,4,340.79
20633.0,dhl,clothing,bike,two day,north,rainy,7.8,31.03,1970-01-01 00:00:00.000000003,1970-01-01 00:00:00.000000016,no,delivered,4,132.09
20634.0,dhl,clothing,ev bike,standard,north,stormy,77.5,40.65,1970-01-01 00:00:00.000000009,1970-01-01 00:00:00.000000024,no,delivered,5,509.45
20637.0,dhl,cosmetics,truck,express,central,clear,60.9,17.8,1970-01-01 00:00:00.000000003,1970-01-01 00:00:00.000000003,yes,delayed,2,407.9
20640.0,dhl,furniture,scooter,express,south,hot,53.6,28.12,1970-01-01 00:00:00.000000001,1970-01-01 00:00:00.000000003,no,delivered,5,402.36
20649.0,dhl,fragile items,ev bike,same day,east,hot,85.0,25.18,1970-01-01 00:00:00.000000004,1970-01-01 00:00:00.000000008,no,delivered,5,600.54
20655.0,dhl,electronics,ev van,two day,north,rainy,3.6,23.62,1970-01-01 00:00:00.000000004,1970-01-01 00:00:00.000000016,no,delivered,4,95.6674
20658.0,dhl,furniture,scooter,two day,south,rainy,277.7,7.05,1970-01-01 00:00:00.000000009,1970-01-01 00:00:00.000000016,no,delivered,3,1409.65
20662.0,dhl,fragile items,scooter,two day,west,stormy,80.2,15.7,1970-01-01 00:00:00.000000007,1970-01-01 00:00:00.000000016,no,delivered,5,448.1
20690.0,dhl,cosmetics,van,same day,west,hot,271.5,21.61,1970-01-01 00:00:00.000000004,1970-01-01 00:00:00.000000008,no,delivered,5,1522.33
20698.0,dhl,fragile items,bike,express,west,clear,96.8,10.05,1970-01-01 00:00:00.000000004,1970-01-01 00:00:00.000000003,yes,failed,1,564.15
20703.0,dhl,pharmacy,van,same day,central,rainy,188.2,44.27,1970-01-01 00:00:00.000000007,1970-01-01 00:00:00.000000008,no,delivered,5,1173.81
20721.0,dhl,clothing,ev bike,two day,east,foggy,211.2,18.45,1970-01-01 00:00:00.000000007,1970-01-01 00:00:00.000000016,no,delivered,3,1111.35
20735.0,dhl,furniture,ev bike,express,east,cold,240.8,44.84,1970-01-01 00:00:00.000000006,1970-01-01 00:00:00.000000006,no,delivered,4,1388.52
20736.0,dhl,pharmacy,ev bike,two day,south,stormy,267.4,39.89,1970-01-01 00:00:00.000000011,1970-01-01 00:00:00.000000016,no,delivered,5,1456.67
20755.0,dhl,pharmacy,truck,same day,central,foggy,156.1,4.25,1970-01-01 00:00:00.000000006,1970-01-01 00:00:00.000000008,no,delivered,4,893.25
20769.0,dhl,clothing,bike,express,east,stormy,70.3,9.38,1970-01-01 00:00:00.000000008,1970-01-01 00:00:00.000000003,yes,failed,2,429.64
20787.0,dhl,pharmacy,van,express,east,foggy,233.4,3.58,1970-01-01 00:00:00.000000010,1970-01-01 00:00:00.000000006,yes,delayed,3,1227.74
20792.0,dhl,groceries,scooter,standard,north,stormy,128.2,31.5,1970-01-01 00:00:00.000000010,1970-01-01 00:00:00.000000024,no,delivered,4,735.5
20795.0,dhl,groceries,van,standard,south,clear,278.2,26.18,1970-01-01 00:00:00.000000010,1970-01-01 00:00:00.000000024,no,delivered,4,1469.54
20796.0,dhl,electronics,van,same day,south,rainy,111.4,49.09,1970-01-01 00:00:00.000000005,1970-01-01 00:00:00.000000008,no,delivered,3,804.27
20839.0,dhl,automobile parts,ev van,express,north,foggy,284.2,18.85,1970-01-01 00:00:00.000000008,1970-01-01 00:00:00.000000007,yes,delayed,2,1527.55
20846.0,dhl,fragile items,van,standard,west,rainy,234.4,6.41,1970-01-01 00:00:00.000000009,1970-01-01 00:00:00.000000024,no,delivered,4,1191.23
20851.0,dhl,documents,ev bike,two day,central,hot,147.8,28.0,1970-01-01 00:00:00.000000003,1970-01-01 00:00:00.000000016,no,delivered,4,823.0
20857.0,dhl,groceries,ev van,standard,north,rainy,155.1,16.8,1970-01-01 00:00:00.000000009,1970-01-01 00:00:00.000000024,no,delivered,5,825.9
20858.0,dhl,groceries,bike,two day,south,foggy,29.8,28.32,1970-01-01 00:00:00.000000005,1970-01-01 00:00:00.000000016,no,delivered,4,233.96
20880.0,dhl,electronics,ev bike,express,south,hot,185.2,5.99,1970-01-01 00:00:00.000000009,1970-01-01 00:00:00.000000005,yes,delayed,3,993.97
20884.0,dhl,electronics,bike,standard,central,hot,151.8,39.37,1970-01-01 00:00:00.000000004,1970-01-01 00:00:00.000000024,no,delivered,3,877.11
20910.0,dhl,furniture,scooter,same day,central,hot,295.0,48.75,1970-01-01 00:00:00.000000006,1970-01-01 00:00:00.000000008,no,delivered,4,1632.7206
20915.0,dhl,electronics,bike,standard,east,cold,127.6,42.56,1970-01-01 00:00:00.000000003,1970-01-01 00:00:00.000000024,no,delivered,4,765.68
20918.0,dhl,groceries,van,same day,south,rainy,204.9,25.29,1970-01-01 00:00:00.000000010,1970-01-01 00:00:00.000000008,yes,delayed,3,1200.37
20934.0,dhl,furniture,ev bike,express,west,foggy,118.2,41.64,1970-01-01 00:00:00.000000007,1970-01-01 00:00:00.000000004,yes,failed,1,765.92
20943.0,dhl,documents,bike,express,east,rainy,128.4,3.45,1970-01-01 00:00:00.000000008,1970-01-01 00:00:00.000000004,yes,delayed,3,702.35
20950.0,dhl,automobile parts,van,standard,east,cold,5.9,20.06,1970-01-01 00:00:00.000000002,1970-01-01 00:00:00.000000024,no,delivered,5,95.6674
20956.0,dhl,groceries,scooter,same day,central,hot,265.7,33.64,1970-01-01 00:00:00.000000008,1970-01-01 00:00:00.000000008,yes,delayed,3,1529.42
20965.0,dhl,documents,van,two day,north,cold,195.4,30.25,1970-01-01 00:00:00.000000006,1970-01-01 00:00:00.000000016,no,delivered,4,1067.75
20988.0,dhl,electronics,ev van,two day,central,cold,71.2,35.6,1970-01-01 00:00:00.000000004,1970-01-01 00:00:00.000000016,no,delivered,5,462.8
20994.0,dhl,electronics,scooter,two day,south,cold,95.1,11.9,1970-01-01 00:00:00.000000004,1970-01-01 00:00:00.000000016,no,delivered,3,511.2
21002.0,dhl,fragile items,ev bike,two day,central,foggy,81.5,1.19,1970-01-01 00:00:00.000000005,1970-01-01 00:00:00.000000016,no,delivered,5,411.07
21013.0,dhl,pharmacy,scooter,same day,north,rainy,10.3,17.76,1970-01-01 00:00:00.000000007,1970-01-01 00:00:00.000000008,no,delivered,3,204.78
21017.0,dhl,pharmacy,ev bike,standard,west,stormy,269.8,3.62,1970-01-01 00:00:00.000000010,1970-01-01 00:00:00.000000024,no,delivered,4,1359.86
21023.0,dhl,electronics,van,express,south,clear,71.2,28.53,1970-01-01 00:00:00.000000002,1970-01-01 00:00:00.000000003,no,delivered,5,491.59
21028.0,dhl,cosmetics,ev van,express,east,stormy,3.6,24.68,1970-01-01 00:00:00.000000007,1970-01-01 00:00:00.000000002,yes,failed,2,141.04
21035.0,dhl,cosmetics,ev van,two day,central,rainy,151.3,34.81,1970-01-01 00:00:00.000000010,1970-01-01 00:00:00.000000016,no,delivered,3,860.93
21052.0,dhl,documents,scooter,two day,west,hot,259.1,2.66,1970-01-01 00:00:00.000000008,1970-01-01 00:00:00.000000016,no,delivered,4,1303.48
21066.0,dhl,clothing,ev van,standard,north,foggy,72.0,36.52,1970-01-01 00:00:00.000000004,1970-01-01 00:00:00.000000024,no,delivered,5,469.56
21067.0,dhl,automobile parts,bike,two day,south,cold,11.5,42.02,1970-01-01 00:00:00.000000002,1970-01-01 00:00:00.000000016,no,delivered,5,183.56
21072.0,dhl,electronics,bike,standard,south,stormy,49.1,29.51,1970-01-01 00:00:00.000000008,1970-01-01 00:00:00.000000024,no,delivered,4,334.03
21079.0,dhl,clothing,scooter,same day,central,stormy,24.1,38.75,1970-01-01 00:00:00.000000007,1970-01-01 00:00:00.000000008,no,delivered,5,336.75
21096.0,dhl,groceries,ev bike,same day,south,stormy,33.3,4.86,1970-01-01 00:00:00.000000005,1970-01-01 00:00:00.000000008,no,delivered,5,281.08
21114.0,dhl,furniture,ev van,express,south,stormy,209.6,32.49,1970-01-01 00:00:00.000000010,1970-01-01 00:00:00.000000006,yes,failed,1,1195.47
21122.0,dhl,groceries,truck,two day,west,clear,111.6,39.61,1970-01-01 00:00:00.000000003,1970-01-01 00:00:00.000000016,no,delivered,5,676.83
21132.0,dhl,pharmacy,scooter,standard,north,clear,24.5,23.66,1970-01-01 00:00:00.000000001,1970-01-01 00:00:00.000000024,no,delivered,4,193.48
21146.0,dhl,groceries,ev van,express,south,foggy,36.1,38.56,1970-01-01 00:00:00.000000004,1970-01-01 00:00:00.000000002,yes,delayed,3,346.18
21147.0,dhl,fragile items,bike,express,central,foggy,103.2,42.88,1970-01-01 00:00:00.000000004,1970-01-01 00:00:00.000000004,yes,delayed,2,694.64
21148.0,dhl,groceries,scooter,same day,east,clear,13.0,9.52,1970-01-01 00:00:00.000000003,1970-01-01 00:00:00.000000008,no,delivered,5,193.56
21153.0,dhl,documents,ev bike,standard,north,foggy,58.5,48.84,1970-01-01 00:00:00.000000003,1970-01-01 00:00:00.000000024,no,delivered,5,439.02
21155.0,dhl,furniture,truck,express,south,foggy,146.4,2.85,1970-01-01 00:00:00.000000008,1970-01-01 00:00:00.000000004,yes,delayed,3,790.55
21156.0,dhl,automobile parts,scooter,standard,north,hot,12.2,49.52,1970-01-01 00:00:00.000000000,1970-01-01 00:00:00.000000024,no,delivered,4,210.28
21164.0,dhl,groceries,ev van,same day,central,rainy,191.2,23.56,1970-01-01 00:00:00.000000012,1970-01-01 00:00:00.000000008,yes,delayed,2,1126.68
21165.0,dhl,cosmetics,ev bike,express,north,clear,126.4,8.09,1970-01-01 00:00:00.000000005,1970-01-01 00:00:00.000000004,yes,delayed,2,706.27
21170.0,dhl,electronics,scooter,same day,west,cold,156.4,49.43,1970-01-01 00:00:00.000000006,1970-01-01 00:00:00.000000008,no,delivered,4,1030.29
21188.0,dhl,groceries,bike,same day,east,clear,10.0,5.31,1970-01-01 00:00:00.000000000,1970-01-01 00:00:00.000000008,no,delivered,3,165.93
21189.0,dhl,furniture,scooter,standard,south,clear,105.9,36.19,1970-01-01 00:00:00.000000004,1970-01-01 00:00:00.000000024,no,delivered,5,638.07
21203.0,dhl,documents,truck,same day,south,foggy,146.8,43.79,1970-01-01 00:00:00.000000007,1970-01-01 00:00:00.000000008,no,delivered,5,965.37
21207.0,dhl,groceries,scooter,express,east,cold,276.3,23.65,1970-01-01 00:00:00.000000010,1970-01-01 00:00:00.000000007,yes,delayed,2,1502.45
21210.0,dhl,clothing,van,express,south,rainy,216.0,8.57,1970-01-01 00:00:00.000000011,1970-01-01 00:00:00.000000006,yes,delayed,3,1155.71
21214.0,dhl,electronics,van,express,central,cold,247.0,34.9,1970-01-01 00:00:00.000000006,1970-01-01 00:00:00.000000006,no,delivered,5,1389.7
21232.0,dhl,automobile parts,scooter,standard,central,hot,261.8,8.89,1970-01-01 00:00:00.000000010,1970-01-01 00:00:00.000000024,no,delivered,3,1335.67
21244.0,dhl,groceries,ev van,standard,east,rainy,53.5,9.93,1970-01-01 00:00:00.000000004,1970-01-01 00:00:00.000000024,no,delivered,4,297.29
21271.0,dhl,documents,ev van,same day,east,foggy,192.0,18.1,1970-01-01 00:00:00.000000010,1970-01-01 00:00:00.000000008,yes,delayed,2,1114.3
21304.0,dhl,automobile parts,bike,standard,west,foggy,22.8,35.76,1970-01-01 00:00:00.000000005,1970-01-01 00:00:00.000000024,no,delivered,3,221.28
21310.0,dhl,fragile items,truck,two day,west,foggy,3.6,33.66,1970-01-01 00:00:00.000000004,1970-01-01 00:00:00.000000016,no,delivered,5,111.98
21323.0,dhl,furniture,van,same day,west,clear,167.9,27.35,1970-01-01 00:00:00.000000006,1970-01-01 00:00:00.000000008,no,delivered,3,1021.55
21329.0,dhl,clothing,ev van,standard,north,rainy,45.8,39.96,1970-01-01 00:00:00.000000004,1970-01-01 00:00:00.000000024,no,delivered,5,348.88
21360.0,dhl,fragile items,van,standard,east,hot,63.3,14.33,1970-01-01 00:00:00.000000004,1970-01-01 00:00:00.000000024,no,delivered,4,359.49
21397.0,dhl,pharmacy,truck,same day,north,cold,288.3,25.56,1970-01-01 00:00:00.000000005,1970-01-01 00:00:00.000000008,no,delivered,4,1618.18
21404.0,dhl,cosmetics,ev van,two day,central,stormy,216.6,1.21,1970-01-01 00:00:00.000000011,1970-01-01 00:00:00.000000016,no,delivered,5,1086.63
21407.0,dhl,pharmacy,van,same day,central,clear,97.4,13.11,1970-01-01 00:00:00.000000004,1970-01-01 00:00:00.000000008,no,delivered,5,626.33
21424.0,dhl,pharmacy,bike,same day,central,rainy,162.6,41.76,1970-01-01 00:00:00.000000012,1970-01-01 00:00:00.000000008,yes,delayed,3,1038.28
21429.0,dhl,clothing,truck,express,east,foggy,27.2,32.63,1970-01-01 00:00:00.000000003,1970-01-01 00:00:00.000000002,yes,delayed,2,283.89
21439.0,dhl,pharmacy,scooter,two day,north,foggy,10.5,43.9,1970-01-01 00:00:00.000000002,1970-01-01 00:00:00.000000016,no,delivered,3,184.2
21443.0,dhl,automobile parts,van,same day,south,clear,5.0,22.61,1970-01-01 00:00:00.000000002,1970-01-01 00:00:00.000000008,no,delivered,5,192.83
21449.0,dhl,pharmacy,ev bike,same day,west,hot,251.7,36.92,1970-01-01 00:00:00.000000010,1970-01-01 00:00:00.000000008,yes,delayed,2,1469.26
21473.0,dhl,electronics,ev van,same day,central,stormy,45.9,39.72,1970-01-01 00:00:00.000000007,1970-01-01 00:00:00.000000008,no,delivered,4,448.66
21474.0,dhl,fragile items,bike,express,north,stormy,47.5,13.23,1970-01-01 00:00:00.000000006,1970-01-01 00:00:00.000000002,yes,delayed,3,327.19
21476.0,dhl,cosmetics,van,two day,central,rainy,135.5,11.28,1970-01-01 00:00:00.000000007,1970-01-01 00:00:00.000000016,no,delivered,5,711.34
21480.0,dhl,pharmacy,ev bike,two day,central,hot,31.4,6.39,1970-01-01 00:00:00.000000001,1970-01-01 00:00:00.000000016,no,delivered,4,176.17
21498.0,dhl,groceries,ev bike,two day,east,hot,103.0,17.78,1970-01-01 00:00:00.000000004,1970-01-01 00:00:00.000000016,no,delivered,5,568.34
21499.0,dhl,cosmetics,scooter,two day,north,cold,258.3,32.58,1970-01-01 00:00:00.000000007,1970-01-01 00:00:00.000000016,no,delivered,4,1389.24
21525.0,dhl,clothing,scooter,standard,north,foggy,3.6,29.53,1970-01-01 00:00:00.000000003,1970-01-01 00:00:00.000000024,no,delivered,4,103.59
21536.0,dhl,furniture,bike,standard,west,foggy,25.5,43.31,1970-01-01 00:00:00.000000004,1970-01-01 00:00:00.000000024,no,delivered,5,257.43
21546.0,dhl,fragile items,bike,express,central,stormy,75.5,33.92,1970-01-01 00:00:00.000000006,1970-01-01 00:00:00.000000003,yes,delayed,2,529.26
21552.0,dhl,clothing,truck,two day,south,cold,158.4,14.86,1970-01-01 00:00:00.000000005,1970-01-01 00:00:00.000000016,no,delivered,4,836.58
21557.0,dhl,clothing,scooter,express,central,stormy,33.5,10.5,1970-01-01 00:00:00.000000006,1970-01-01 00:00:00.000000002,yes,delayed,2,249.0
21591.0,dhl,groceries,truck,two day,central,clear,21.1,10.33,1970-01-01 00:00:00.000000003,1970-01-01 00:00:00.000000016,no,delivered,3,136.49
21599.0,dhl,documents,van,standard,south,clear,104.1,13.21,1970-01-01 00:00:00.000000004,1970-01-01 00:00:00.000000024,no,delivered,3,560.13
21609.0,dhl,furniture,ev van,same day,west,hot,240.8,15.59,1970-01-01 00:00:00.000000008,1970-01-01 00:00:00.000000008,yes,delayed,2,1350.77
21615.0,dhl,clothing,bike,express,south,hot,54.5,38.13,1970-01-01 00:00:00.000000003,1970-01-01 00:00:00.000000003,yes,failed,2,436.89
21622.0,dhl,clothing,scooter,two day,north,rainy,208.1,10.93,1970-01-01 00:00:00.000000009,1970-01-01 00:00:00.000000016,no,delivered,4,1073.29
21623.0,dhl,documents,ev bike,standard,south,stormy,259.2,40.6,1970-01-01 00:00:00.000000012,1970-01-01 00:00:00.000000024,no,delivered,5,1417.8
21640.0,dhl,documents,truck,standard,south,hot,199.0,17.04,1970-01-01 00:00:00.000000008,1970-01-01 00:00:00.000000024,no,delivered,5,1046.12
21648.0,dhl,pharmacy,van,express,south,cold,137.3,40.84,1970-01-01 00:00:00.000000006,1970-01-01 00:00:00.000000004,yes,delayed,2,859.02
21660.0,dhl,fragile items,van,standard,central,cold,89.2,46.12,1970-01-01 00:00:00.000000002,1970-01-01 00:00:00.000000024,no,delivered,4,584.36
21674.0,dhl,fragile items,ev bike,same day,east,foggy,285.0,3.73,1970-01-01 00:00:00.000000013,1970-01-01 00:00:00.000000008,yes,delayed,3,1536.19
21683.0,dhl,furniture,van,express,north,stormy,17.1,40.59,1970-01-01 00:00:00.000000005,1970-01-01 00:00:00.000000002,yes,delayed,2,257.27
21695.0,dhl,groceries,ev van,express,west,clear,82.6,48.01,1970-01-01 00:00:00.000000003,1970-01-01 00:00:00.000000003,yes,delayed,2,607.03
21699.0,dhl,cosmetics,ev van,two day,west,foggy,117.1,23.06,1970-01-01 00:00:00.000000006,1970-01-01 00:00:00.000000016,no,delivered,3,654.68
21704.0,dhl,clothing,ev bike,standard,south,foggy,105.5,9.88,1970-01-01 00:00:00.000000005,1970-01-01 00:00:00.000000024,no,delivered,4,557.14
21722.0,dhl,documents,van,two day,central,stormy,297.1,24.42,1970-01-01 00:00:00.000000014,1970-01-01 00:00:00.000000016,no,delivered,4,1567.76
21729.0,dhl,cosmetics,van,standard,north,clear,136.6,47.75,1970-01-01 00:00:00.000000002,1970-01-01 00:00:00.000000024,no,delivered,4,826.25
21758.0,dhl,documents,ev van,standard,east,clear,27.1,26.65,1970-01-01 00:00:00.000000003,1970-01-01 00:00:00.000000024,no,delivered,3,215.45
21769.0,dhl,furniture,bike,standard,south,foggy,152.0,4.9,1970-01-01 00:00:00.000000006,1970-01-01 00:00:00.000000024,no,delivered,3,774.7
21778.0,dhl,groceries,van,same day,south,hot,189.5,41.33,1970-01-01 00:00:00.000000006,1970-01-01 00:00:00.000000008,no,delivered,4,1171.49
21793.0,dhl,pharmacy,ev van,standard,west,foggy,70.8,39.65,1970-01-01 00:00:00.000000005,1970-01-01 00:00:00.000000024,no,delivered,4,472.95
21806.0,dhl,electronics,bike,standard,west,hot,169.8,17.72,1970-01-01 00:00:00.000000006,1970-01-01 00:00:00.000000024,no,delivered,5,902.16
21807.0,dhl,cosmetics,ev bike,two day,central,cold,272.8,39.58,1970-01-01 00:00:00.000000009,1970-01-01 00:00:00.000000016,no,delivered,4,1482.74
21823.0,dhl,fragile items,scooter,standard,north,cold,94.9,29.01,1970-01-01 00:00:00.000000004,1970-01-01 00:00:00.000000024,no,delivered,5,561.53
21834.0,dhl,electronics,scooter,same day,south,hot,197.3,5.91,1970-01-01 00:00:00.000000007,1970-01-01 00:00:00.000000008,no,delivered,5,1104.23
21848.0,dhl,furniture,ev van,express,east,clear,9.3,47.02,1970-01-01 00:00:00.000000001,1970-01-01 00:00:00.000000002,no,delivered,5,237.56
21853.0,dhl,cosmetics,bike,same day,north,rainy,266.5,10.91,1970-01-01 00:00:00.000000009,1970-01-01 00:00:00.000000008,yes,failed,2,1465.23
21860.0,dhl,electronics,ev van,standard,central,clear,105.2,34.11,1970-01-01 00:00:00.000000003,1970-01-01 00:00:00.000000024,no,delivered,5,628.33
21870.0,dhl,cosmetics,ev bike,standard,south,hot,81.3,45.1,1970-01-01 00:00:00.000000003,1970-01-01 00:00:00.000000024,no,delivered,5,541.8
21878.0,dhl,furniture,bike,two day,east,foggy,83.4,27.39,1970-01-01 00:00:00.000000004,1970-01-01 00:00:00.000000016,no,delivered,5,499.17
21889.0,dhl,groceries,truck,standard,west,clear,260.0,28.11,1970-01-01 00:00:00.000000008,1970-01-01 00:00:00.000000024,no,delivered,4,1384.33
21902.0,dhl,cosmetics,scooter,same day,east,foggy,250.3,20.79,1970-01-01 00:00:00.000000013,1970-01-01 00:00:00.000000008,yes,failed,1,1413.87
21906.0,dhl,electronics,ev van,two day,central,clear,178.0,28.99,1970-01-01 00:00:00.000000005,1970-01-01 00:00:00.000000016,no,delivered,5,976.97
21919.0,dhl,automobile parts,van,same day,west,rainy,181.6,4.35,1970-01-01 00:00:00.000000009,1970-01-01 00:00:00.000000008,yes,delayed,2,1021.05
21921.0,dhl,clothing,ev van,same day,south,rainy,35.3,8.35,1970-01-01 00:00:00.000000006,1970-01-01 00:00:00.000000008,no,delivered,4,301.55
21939.0,dhl,furniture,ev bike,standard,north,hot,82.4,47.96,1970-01-01 00:00:00.000000002,1970-01-01 00:00:00.000000024,no,delivered,4,555.88
21940.0,dhl,pharmacy,ev van,same day,east,hot,43.8,38.24,1970-01-01 00:00:00.000000002,1970-01-01 00:00:00.000000008,no,delivered,4,433.72
21948.0,dhl,automobile parts,scooter,same day,central,cold,184.8,31.17,1970-01-01 00:00:00.000000005,1970-01-01 00:00:00.000000008,no,delivered,5,1117.51
21949.0,dhl,clothing,ev bike,two day,east,hot,21.4,34.4,1970-01-01 00:00:00.000000000,1970-01-01 00:00:00.000000016,no,delivered,3,210.2
21951.0,dhl,fragile items,ev van,same day,north,cold,232.3,22.35,1970-01-01 00:00:00.000000005,1970-01-01 00:00:00.000000008,no,delivered,5,1328.55
21957.0,dhl,furniture,ev van,express,east,clear,173.3,44.93,1970-01-01 00:00:00.000000005,1970-01-01 00:00:00.000000005,no,delivered,5,1051.29
21962.0,dhl,electronics,truck,standard,north,cold,29.3,23.36,1970-01-01 00:00:00.000000003,1970-01-01 00:00:00.000000024,no,delivered,3,216.58
21965.0,dhl,furniture,truck,standard,south,hot,242.4,48.94,1970-01-01 00:00:00.000000009,1970-01-01 00:00:00.000000024,no,delivered,5,1358.82
21969.0,dhl,fragile items,ev bike,same day,east,foggy,269.5,30.87,1970-01-01 00:00:00.000000007,1970-01-01 00:00:00.000000008,no,delivered,5,1540.11
21975.0,dhl,electronics,bike,same day,west,hot,256.1,19.86,1970-01-01 00:00:00.000000006,1970-01-01 00:00:00.000000008,no,delivered,4,1440.08
21979.0,dhl,clothing,van,express,east,rainy,292.1,36.27,1970-01-01 00:00:00.000000009,1970-01-01 00:00:00.000000007,yes,delayed,3,1619.31
21989.0,dhl,pharmacy,bike,express,west,foggy,178.3,42.01,1970-01-01 00:00:00.000000008,1970-01-01 00:00:00.000000005,yes,failed,1,1067.53
21994.0,dhl,documents,bike,express,north,rainy,22.8,32.93,1970-01-01 00:00:00.000000006,1970-01-01 00:00:00.000000002,yes,delayed,2,262.79
22011.0,dhl,documents,scooter,standard,north,cold,152.8,20.18,1970-01-01 00:00:00.000000003,1970-01-01 00:00:00.000000024,no,delivered,4,824.54
22013.0,dhl,clothing,scooter,express,central,rainy,258.3,25.64,1970-01-01 00:00:00.000000010,1970-01-01 00:00:00.000000007,yes,delayed,3,1418.42
22018.0,dhl,furniture,scooter,standard,west,clear,99.5,4.29,1970-01-01 00:00:00.000000004,1970-01-01 00:00:00.000000024,no,delivered,5,510.37
22036.0,dhl,electronics,truck,two day,north,foggy,200.6,17.83,1970-01-01 00:00:00.000000006,1970-01-01 00:00:00.000000016,no,delivered,4,1056.49
22042.0,dhl,pharmacy,scooter,express,central,clear,102.5,42.59,1970-01-01 00:00:00.000000003,1970-01-01 00:00:00.000000004,no,delivered,3,690.27
22043.0,dhl,documents,bike,standard,south,cold,269.3,8.14,1970-01-01 00:00:00.000000005,1970-01-01 00:00:00.000000024,no,delivered,4,1370.92
22057.0,dhl,groceries,truck,standard,south,clear,269.6,29.23,1970-01-01 00:00:00.000000009,1970-01-01 00:00:00.000000024,no,delivered,5,1435.69
22062.0,dhl,cosmetics,scooter,two day,south,cold,243.7,10.84,1970-01-01 00:00:00.000000011,1970-01-01 00:00:00.000000016,no,delivered,5,1251.02
22063.0,dhl,documents,ev bike,two day,south,stormy,250.8,3.72,1970-01-01 00:00:00.000000008,1970-01-01 00:00:00.000000016,no,delivered,5,1265.16
22073.0,dhl,electronics,bike,two day,north,cold,45.2,23.11,1970-01-01 00:00:00.000000003,1970-01-01 00:00:00.000000016,no,delivered,4,295.33
22075.0,dhl,pharmacy,van,express,east,hot,297.1,28.99,1970-01-01 00:00:00.000000011,1970-01-01 00:00:00.000000007,yes,delayed,3,1626.47
22079.0,dhl,pharmacy,truck,express,north,cold,140.2,47.84,1970-01-01 00:00:00.000000004,1970-01-01 00:00:00.000000004,yes,delayed,2,894.52
22098.0,dhl,pharmacy,bike,same day,east,stormy,32.1,23.34,1970-01-01 00:00:00.000000005,1970-01-01 00:00:00.000000008,no,delivered,5,330.52
22104.0,dhl,fragile items,van,standard,central,foggy,36.7,18.71,1970-01-01 00:00:00.000000005,1970-01-01 00:00:00.000000024,no,delivered,5,239.63
22107.0,dhl,cosmetics,bike,same day,central,cold,167.5,37.37,1970-01-01 00:00:00.000000003,1970-01-01 00:00:00.000000008,no,delivered,4,1049.61
22108.0,dhl,groceries,truck,two day,east,cold,75.3,2.3,1970-01-01 00:00:00.000000002,1970-01-01 00:00:00.000000016,no,delivered,4,383.4
22109.0,dhl,electronics,scooter,two day,south,rainy,116.7,2.65,1970-01-01 00:00:00.000000006,1970-01-01 00:00:00.000000016,no,delivered,5,591.45
22122.0,dhl,documents,van,standard,east,foggy,146.7,1.2,1970-01-01 00:00:00.000000005,1970-01-01 00:00:00.000000024,no,delivered,5,737.1
22129.0,dhl,furniture,bike,standard,north,rainy,156.4,3.05,1970-01-01 00:00:00.000000008,1970-01-01 00:00:00.000000024,no,delivered,5,791.15
22132.0,dhl,electronics,truck,express,south,stormy,227.6,8.86,1970-01-01 00:00:00.000000011,1970-01-01 00:00:00.000000006,yes,delayed,2,1214.58
22136.0,dhl,furniture,bike,two day,south,clear,215.7,32.96,1970-01-01 00:00:00.000000009,1970-01-01 00:00:00.000000016,no,delivered,5,1177.38
22138.0,dhl,electronics,ev van,same day,east,clear,114.2,28.54,1970-01-01 00:00:00.000000003,1970-01-01 00:00:00.000000008,no,delivered,3,756.62
22140.0,dhl,clothing,scooter,standard,south,hot,144.7,42.47,1970-01-01 00:00:00.000000003,1970-01-01 00:00:00.000000024,no,delivered,5,850.91
22143.0,dhl,cosmetics,truck,express,south,stormy,286.0,26.81,1970-01-01 00:00:00.000000012,1970-01-01 00:00:00.000000007,yes,delayed,2,1560.43
22147.0,dhl,fragile items,van,standard,central,foggy,221.0,26.65,1970-01-01 00:00:00.000000007,1970-01-01 00:00:00.000000024,no,delivered,3,1184.95
22151.0,dhl,cosmetics,bike,same day,east,rainy,185.2,19.72,1970-01-01 00:00:00.000000006,1970-01-01 00:00:00.000000008,no,delivered,5,1085.16
22188.0,dhl,furniture,ev van,same day,west,rainy,197.2,0.67,1970-01-01 00:00:00.000000009,1970-01-01 00:00:00.000000008,yes,delayed,3,1087.47
22200.0,dhl,groceries,ev van,express,south,rainy,282.5,46.04,1970-01-01 00:00:00.000000009,1970-01-01 00:00:00.000000007,yes,delayed,3,1600.62
22218.0,dhl,cosmetics,truck,standard,central,stormy,102.5,22.23,1970-01-01 00:00:00.000000009,1970-01-01 00:00:00.000000024,no,delivered,4,579.19
22220.0,dhl,cosmetics,ev van,standard,west,cold,160.2,23.73,1970-01-01 00:00:00.000000002,1970-01-01 00:00:00.000000024,no,delivered,4,872.19
22222.0,dhl,automobile parts,scooter,same day,west,rainy,169.6,27.95,1970-01-01 00:00:00.000000008,1970-01-01 00:00:00.000000008,yes,failed,1,1031.85
22228.0,dhl,fragile items,ev bike,two day,west,rainy,50.3,32.07,1970-01-01 00:00:00.000000007,1970-01-01 00:00:00.000000016,no,delivered,3,347.71
22233.0,dhl,pharmacy,bike,two day,central,foggy,213.9,33.94,1970-01-01 00:00:00.000000006,1970-01-01 00:00:00.000000016,no,delivered,5,1171.32
22236.0,dhl,fragile items,bike,same day,south,hot,285.4,45.5,1970-01-01 00:00:00.000000007,1970-01-01 00:00:00.000000008,no,delivered,5,1632.7206
22238.0,dhl,pharmacy,van,express,central,clear,106.6,7.57,1970-01-01 00:00:00.000000005,1970-01-01 00:00:00.000000004,yes,failed,1,605.71
22254.0,dhl,electronics,bike,express,south,stormy,101.9,26.15,1970-01-01 00:00:00.000000008,1970-01-01 00:00:00.000000004,yes,delayed,3,637.95
22269.0,dhl,electronics,truck,standard,south,clear,224.0,8.49,1970-01-01 00:00:00.000000006,1970-01-01 00:00:00.000000024,no,delivered,4,1145.47
22277.0,dhl,automobile parts,bike,same day,north,clear,173.1,40.7,1970-01-01 00:00:00.000000005,1970-01-01 00:00:00.000000008,no,delivered,4,1087.6
22285.0,dhl,automobile parts,scooter,same day,central,stormy,166.2,3.57,1970-01-01 00:00:00.000000009,1970-01-01 00:00:00.000000008,yes,delayed,2,941.71
22291.0,dhl,pharmacy,ev bike,two day,central,stormy,60.8,38.77,1970-01-01 00:00:00.000000009,1970-01-01 00:00:00.000000016,no,delivered,5,420.31
22303.0,dhl,cosmetics,bike,same day,south,clear,41.2,4.22,1970-01-01 00:00:00.000000003,1970-01-01 00:00:00.000000008,no,delivered,3,318.66
22305.0,dhl,pharmacy,van,two day,central,clear,201.3,45.46,1970-01-01 00:00:00.000000006,1970-01-01 00:00:00.000000016,no,delivered,5,1142.88
22339.0,dhl,pharmacy,bike,two day,north,cold,214.6,45.96,1970-01-01 00:00:00.000000010,1970-01-01 00:00:00.000000016,no,delivered,5,1210.88
22343.0,dhl,cosmetics,bike,two day,west,rainy,6.9,26.59,1970-01-01 00:00:00.000000004,1970-01-01 00:00:00.000000016,no,delivered,5,114.27
22351.0,dhl,automobile parts,bike,same day,central,cold,127.9,8.5,1970-01-01 00:00:00.000000004,1970-01-01 00:00:00.000000008,no,delivered,3,765.0
22354.0,dhl,cosmetics,bike,two day,west,clear,234.0,7.51,1970-01-01 00:00:00.000000009,1970-01-01 00:00:00.000000016,no,delivered,4,1192.53
22372.0,dhl,clothing,ev bike,express,north,hot,194.4,18.6,1970-01-01 00:00:00.000000005,1970-01-01 00:00:00.000000005,no,delivered,4,1077.8
22375.0,dhl,electronics,bike,same day,west,hot,173.4,46.16,1970-01-01 00:00:00.000000005,1970-01-01 00:00:00.000000008,no,delivered,4,1105.48
22380.0,dhl,pharmacy,truck,express,south,stormy,155.1,45.41,1970-01-01 00:00:00.000000009,1970-01-01 00:00:00.000000005,yes,delayed,3,961.73
22382.0,dhl,groceries,scooter,two day,east,clear,64.0,17.07,1970-01-01 00:00:00.000000002,1970-01-01 00:00:00.000000016,no,delivered,5,371.21
22409.0,dhl,clothing,truck,standard,east,cold,247.8,19.91,1970-01-01 00:00:00.000000006,1970-01-01 00:00:00.000000024,no,delivered,5,1298.73
22411.0,dhl,furniture,truck,standard,east,foggy,95.7,36.72,1970-01-01 00:00:00.000000004,1970-01-01 00:00:00.000000024,no,delivered,5,588.66
22427.0,dhl,clothing,ev van,express,west,clear,210.3,3.6,1970-01-01 00:00:00.000000006,1970-01-01 00:00:00.000000006,no,delivered,5,1112.3
22433.0,dhl,groceries,scooter,same day,central,cold,143.8,42.23,1970-01-01 00:00:00.000000005,1970-01-01 00:00:00.000000008,no,delivered,5,945.69
22436.0,dhl,automobile parts,truck,same day,east,stormy,119.1,39.88,1970-01-01 00:00:00.000000008,1970-01-01 00:00:00.000000008,yes,delayed,2,815.14
22442.0,dhl,furniture,van,same day,south,stormy,127.4,20.98,1970-01-01 00:00:00.000000008,1970-01-01 00:00:00.000000008,yes,delayed,3,799.94
22443.0,dhl,clothing,truck,standard,west,foggy,186.3,32.44,1970-01-01 00:00:00.000000008,1970-01-01 00:00:00.000000024,no,delivered,5,1028.82
22451.0,dhl,groceries,ev bike,standard,north,rainy,108.6,21.86,1970-01-01 00:00:00.000000008,1970-01-01 00:00:00.000000024,no,delivered,4,608.58
22474.0,dhl,automobile parts,van,express,north,cold,233.8,4.54,1970-01-01 00:00:00.000000005,1970-01-01 00:00:00.000000006,no,delivered,5,1232.62
22487.0,dhl,fragile items,ev van,standard,west,cold,187.6,32.95,1970-01-01 00:00:00.000000008,1970-01-01 00:00:00.000000024,no,delivered,5,1036.85
22516.0,dhl,electronics,ev van,standard,central,cold,90.0,33.45,1970-01-01 00:00:00.000000002,1970-01-01 00:00:00.000000024,no,delivered,4,550.35
22531.0,dhl,pharmacy,van,same day,west,foggy,116.8,10.1,1970-01-01 00:00:00.000000006,1970-01-01 00:00:00.000000008,no,delivered,4,714.3
22539.0,dhl,furniture,truck,same day,south,clear,221.4,31.82,1970-01-01 00:00:00.000000007,1970-01-01 00:00:00.000000008,no,delivered,4,1302.46
22549.0,dhl,pharmacy,scooter,standard,north,foggy,23.0,0.67,1970-01-01 00:00:00.000000004,1970-01-01 00:00:00.000000024,no,delivered,5,116.26
22552.0,dhl,electronics,ev van,standard,south,hot,264.8,9.23,1970-01-01 00:00:00.000000007,1970-01-01 00:00:00.000000024,no,delivered,4,1351.69
22558.0,dhl,clothing,ev bike,same day,west,cold,207.7,17.67,1970-01-01 00:00:00.000000007,1970-01-01 00:00:00.000000008,no,delivered,4,1191.51
22573.0,dhl,furniture,truck,same day,east,stormy,120.0,15.39,1970-01-01 00:00:00.000000005,1970-01-01 00:00:00.000000008,no,delivered,4,746.17
22578.0,dhl,clothing,truck,two day,east,clear,160.9,19.61,1970-01-01 00:00:00.000000004,1970-01-01 00:00:00.000000016,no,delivered,5,863.33
22584.0,dhl,electronics,scooter,express,west,stormy,148.0,28.47,1970-01-01 00:00:00.000000007,1970-01-01 00:00:00.000000004,yes,failed,1,875.41
22622.0,dhl,clothing,truck,two day,central,rainy,52.2,41.6,1970-01-01 00:00:00.000000003,1970-01-01 00:00:00.000000016,no,delivered,3,385.8
22627.0,dhl,groceries,ev bike,two day,south,stormy,194.0,26.01,1970-01-01 00:00:00.000000008,1970-01-01 00:00:00.000000016,no,delivered,3,1048.03
22634.0,dhl,cosmetics,ev van,same day,east,cold,247.8,19.62,1970-01-01 00:00:00.000000008,1970-01-01 00:00:00.000000008,yes,failed,1,1397.86
22642.0,dhl,pharmacy,scooter,standard,south,hot,90.4,39.45,1970-01-01 00:00:00.000000004,1970-01-01 00:00:00.000000024,no,delivered,5,570.35
22643.0,dhl,pharmacy,ev van,two day,central,hot,34.6,23.13,1970-01-01 00:00:00.000000001,1970-01-01 00:00:00.000000016,no,delivered,4,242.39
22644.0,dhl,furniture,ev van,two day,central,cold,70.6,0.67,1970-01-01 00:00:00.000000002,1970-01-01 00:00:00.000000016,no,delivered,4,353.9
22652.0,dhl,pharmacy,scooter,two day,east,foggy,23.2,16.95,1970-01-01 00:00:00.000000003,1970-01-01 00:00:00.000000016,no,delivered,3,166.85
22657.0,dhl,fragile items,truck,two day,east,hot,32.7,46.04,1970-01-01 00:00:00.000000002,1970-01-01 00:00:00.000000016,no,delivered,3,301.62
22666.0,dhl,documents,van,two day,west,foggy,254.2,42.82,1970-01-01 00:00:00.000000009,1970-01-01 00:00:00.000000016,no,delivered,5,1399.46
22668.0,dhl,electronics,bike,same day,west,foggy,226.3,32.23,1970-01-01 00:00:00.000000008,1970-01-01 00:00:00.000000008,yes,delayed,2,1328.19
22698.0,dhl,groceries,ev van,express,central,stormy,262.9,7.38,1970-01-01 00:00:00.000000010,1970-01-01 00:00:00.000000007,yes,failed,2,1386.64
22704.0,dhl,furniture,van,two day,north,cold,217.9,19.38,1970-01-01 00:00:00.000000006,1970-01-01 00:00:00.000000016,no,delivered,3,1147.64
22707.0,dhl,groceries,van,standard,east,stormy,238.3,26.86,1970-01-01 00:00:00.000000012,1970-01-01 00:00:00.000000024,no,delivered,4,1272.08
22744.0,dhl,cosmetics,ev van,standard,east,hot,153.9,24.42,1970-01-01 00:00:00.000000004,1970-01-01 00:00:00.000000024,no,delivered,4,842.76
22767.0,dhl,fragile items,ev van,express,central,stormy,72.2,29.54,1970-01-01 00:00:00.000000005,1970-01-01 00:00:00.000000003,yes,delayed,3,499.62
22770.0,dhl,fragile items,ev bike,standard,east,stormy,149.6,33.66,1970-01-01 00:00:00.000000007,1970-01-01 00:00:00.000000024,no,delivered,5,848.98
22782.0,dhl,furniture,scooter,express,east,cold,110.0,49.01,1970-01-01 00:00:00.000000005,1970-01-01 00:00:00.000000004,yes,delayed,3,747.03
22783.0,dhl,clothing,scooter,express,north,foggy,19.2,0.67,1970-01-01 00:00:00.000000002,1970-01-01 00:00:00.000000002,yes,delayed,2,147.47
22788.0,dhl,groceries,van,standard,north,stormy,268.9,2.85,1970-01-01 00:00:00.000000014,1970-01-01 00:00:00.000000024,no,delivered,5,1353.05
22799.0,dhl,furniture,scooter,two day,central,rainy,156.3,43.51,1970-01-01 00:00:00.000000008,1970-01-01 00:00:00.000000016,no,delivered,5,912.03
22812.0,dhl,documents,bike,express,west,foggy,238.3,47.03,1970-01-01 00:00:00.000000006,1970-01-01 00:00:00.000000006,no,delivered,3,1382.59
22813.0,dhl,cosmetics,ev van,standard,west,rainy,36.6,37.43,1970-01-01 00:00:00.000000004,1970-01-01 00:00:00.000000024,no,delivered,3,295.29
22816.0,dhl,fragile items,bike,express,north,hot,251.7,1.52,1970-01-01 00:00:00.000000007,1970-01-01 00:00:00.000000007,yes,delayed,3,1313.06
22839.0,dhl,furniture,van,same day,west,cold,203.4,46.72,1970-01-01 00:00:00.000000008,1970-01-01 00:00:00.000000008,yes,delayed,2,1257.16
22851.0,dhl,clothing,van,standard,south,foggy,74.2,47.98,1970-01-01 00:00:00.000000005,1970-01-01 00:00:00.000000024,no,delivered,5,514.94
22874.0,dhl,cosmetics,scooter,same day,south,stormy,162.6,34.89,1970-01-01 00:00:00.000000006,1970-01-01 00:00:00.000000008,no,delivered,4,1017.67
22875.0,dhl,furniture,scooter,same day,central,foggy,53.0,47.81,1970-01-01 00:00:00.000000002,1970-01-01 00:00:00.000000008,no,delivered,4,508.43
22889.0,dhl,electronics,scooter,express,south,rainy,3.6,47.69,1970-01-01 00:00:00.000000002,1970-01-01 00:00:00.000000002,yes,delayed,2,208.07
22893.0,dhl,clothing,ev bike,two day,south,rainy,253.8,42.16,1970-01-01 00:00:00.000000010,1970-01-01 00:00:00.000000016,no,delivered,5,1395.48
22897.0,dhl,cosmetics,ev van,two day,north,stormy,176.1,12.28,1970-01-01 00:00:00.000000011,1970-01-01 00:00:00.000000016,no,delivered,4,917.34
22901.0,dhl,fragile items,truck,express,south,stormy,172.7,28.53,1970-01-01 00:00:00.000000011,1970-01-01 00:00:00.000000005,yes,failed,1,999.09
22906.0,dhl,groceries,van,standard,west,foggy,257.2,7.96,1970-01-01 00:00:00.000000009,1970-01-01 00:00:00.000000024,no,delivered,5,1309.88
22911.0,dhl,cosmetics,truck,standard,north,cold,41.3,8.0,1970-01-01 00:00:00.000000001,1970-01-01 00:00:00.000000024,no,delivered,3,230.5
22924.0,dhl,furniture,scooter,express,west,clear,155.2,27.84,1970-01-01 00:00:00.000000004,1970-01-01 00:00:00.000000005,no,delivered,3,909.52
22934.0,dhl,furniture,truck,express,central,foggy,5.1,28.41,1970-01-01 00:00:00.000000002,1970-01-01 00:00:00.000000002,yes,delayed,2,160.73
22936.0,dhl,pharmacy,truck,same day,south,cold,272.9,34.04,1970-01-01 00:00:00.000000010,1970-01-01 00:00:00.000000008,yes,delayed,2,1566.62
22942.0,dhl,automobile parts,scooter,express,north,cold,105.3,39.62,1970-01-01 00:00:00.000000002,1970-01-01 00:00:00.000000004,no,delivered,4,695.36
22944.0,dhl,groceries,bike,standard,south,clear,132.5,25.68,1970-01-01 00:00:00.000000003,1970-01-01 00:00:00.000000024,no,delivered,5,739.54
22951.0,dhl,pharmacy,van,standard,central,rainy,65.9,15.03,1970-01-01 00:00:00.000000006,1970-01-01 00:00:00.000000024,no,delivered,5,374.59
22965.0,dhl,pharmacy,truck,standard,south,hot,243.6,33.61,1970-01-01 00:00:00.000000009,1970-01-01 00:00:00.000000024,no,delivered,3,1318.83
22989.0,dhl,pharmacy,ev van,standard,north,rainy,174.6,1.13,1970-01-01 00:00:00.000000006,1970-01-01 00:00:00.000000024,no,delivered,4,876.39
22992.0,dhl,clothing,bike,same day,north,stormy,152.3,34.71,1970-01-01 00:00:00.000000007,1970-01-01 00:00:00.000000008,no,delivered,3,965.63
23000.0,dhl,groceries,truck,standard,central,stormy,226.5,17.81,1970-01-01 00:00:00.000000008,1970-01-01 00:00:00.000000024,no,delivered,3,1185.93
23032.0,dhl,automobile parts,ev bike,express,north,clear,145.5,21.18,1970-01-01 00:00:00.000000006,1970-01-01 00:00:00.000000004,yes,delayed,2,841.04
23036.0,dhl,documents,truck,same day,central,rainy,136.4,17.92,1970-01-01 00:00:00.000000006,1970-01-01 00:00:00.000000008,no,delivered,5,835.76
23037.0,dhl,fragile items,ev van,two day,north,clear,88.1,45.5,1970-01-01 00:00:00.000000002,1970-01-01 00:00:00.000000016,no,delivered,4,577.0
23042.0,dhl,automobile parts,ev van,same day,south,rainy,289.3,33.96,1970-01-01 00:00:00.000000009,1970-01-01 00:00:00.000000008,yes,delayed,2,1632.7206
23075.0,dhl,electronics,bike,same day,south,rainy,238.3,44.84,1970-01-01 00:00:00.000000010,1970-01-01 00:00:00.000000008,yes,delayed,2,1426.02
23085.0,dhl,groceries,truck,express,east,foggy,115.3,38.26,1970-01-01 00:00:00.000000008,1970-01-01 00:00:00.000000004,yes,delayed,2,741.28
23086.0,dhl,cosmetics,ev van,standard,east,foggy,99.0,36.85,1970-01-01 00:00:00.000000006,1970-01-01 00:00:00.000000024,no,delivered,5,605.55
23090.0,dhl,automobile parts,van,express,south,clear,277.0,14.61,1970-01-01 00:00:00.000000009,1970-01-01 00:00:00.000000007,yes,delayed,2,1478.83
23096.0,dhl,electronics,van,two day,south,rainy,220.0,2.33,1970-01-01 00:00:00.000000012,1970-01-01 00:00:00.000000016,no,delivered,4,1106.99
23097.0,dhl,clothing,bike,express,east,clear,108.8,5.76,1970-01-01 00:00:00.000000004,1970-01-01 00:00:00.000000004,yes,delayed,2,611.28
23101.0,dhl,documents,bike,two day,west,stormy,281.8,24.84,1970-01-01 00:00:00.000000013,1970-01-01 00:00:00.000000016,no,delivered,3,1483.52
23105.0,dhl,electronics,van,two day,west,foggy,274.9,39.31,1970-01-01 00:00:00.000000011,1970-01-01 00:00:00.000000016,no,delivered,4,1492.43
23112.0,dhl,documents,bike,same day,east,hot,152.8,33.27,1970-01-01 00:00:00.000000004,1970-01-01 00:00:00.000000008,no,delivered,3,963.81
23126.0,dhl,documents,truck,same day,south,cold,291.2,38.28,1970-01-01 00:00:00.000000005,1970-01-01 00:00:00.000000008,no,delivered,5,1632.7206
23127.0,dhl,documents,ev bike,express,south,cold,30.6,14.9,1970-01-01 00:00:00.000000000,1970-01-01 00:00:00.000000002,no,delivered,4,247.7
23129.0,dhl,groceries,van,two day,north,stormy,54.9,30.21,1970-01-01 00:00:00.000000004,1970-01-01 00:00:00.000000016,no,delivered,3,365.13
23132.0,dhl,cosmetics,van,express,central,cold,129.2,10.0,1970-01-01 00:00:00.000000004,1970-01-01 00:00:00.000000004,no,delivered,5,726.0
23138.0,dhl,electronics,van,two day,north,cold,206.2,17.07,1970-01-01 00:00:00.000000004,1970-01-01 00:00:00.000000016,no,delivered,4,1082.21
23154.0,dhl,cosmetics,van,express,central,clear,203.8,14.26,1970-01-01 00:00:00.000000006,1970-01-01 00:00:00.000000006,yes,delayed,3,1111.78
23168.0,dhl,electronics,scooter,standard,east,stormy,178.4,17.16,1970-01-01 00:00:00.000000010,1970-01-01 00:00:00.000000024,no,delivered,4,943.48
23182.0,dhl,documents,ev bike,same day,central,rainy,242.3,36.91,1970-01-01 00:00:00.000000012,1970-01-01 00:00:00.000000008,yes,delayed,3,1422.23
23190.0,dhl,documents,ev van,express,south,hot,126.3,10.44,1970-01-01 00:00:00.000000005,1970-01-01 00:00:00.000000004,yes,delayed,2,712.82
23194.0,dhl,fragile items,bike,standard,south,rainy,217.4,48.66,1970-01-01 00:00:00.000000010,1970-01-01 00:00:00.000000024,no,delivered,5,1232.98
23195.0,dhl,fragile items,truck,same day,central,rainy,177.3,47.38,1970-01-01 00:00:00.000000009,1970-01-01 00:00:00.000000008,yes,delayed,2,1128.64
23213.0,dhl,documents,ev van,express,north,foggy,273.4,3.08,1970-01-01 00:00:00.000000014,1970-01-01 00:00:00.000000007,yes,delayed,3,1426.24
23216.0,dhl,groceries,scooter,same day,north,rainy,133.2,16.58,1970-01-01 00:00:00.000000007,1970-01-01 00:00:00.000000008,no,delivered,5,815.74
23219.0,dhl,cosmetics,bike,same day,south,rainy,46.9,7.79,1970-01-01 00:00:00.000000008,1970-01-01 00:00:00.000000008,yes,delayed,2,357.87
23234.0,dhl,electronics,ev bike,same day,south,stormy,82.9,49.15,1970-01-01 00:00:00.000000006,1970-01-01 00:00:00.000000008,no,delivered,5,661.95
23244.0,dhl,electronics,truck,same day,north,hot,132.0,44.93,1970-01-01 00:00:00.000000005,1970-01-01 00:00:00.000000008,no,delivered,4,894.79
23253.0,dhl,pharmacy,truck,same day,west,hot,3.8,34.47,1970-01-01 00:00:00.000000000,1970-01-01 00:00:00.000000008,no,delivered,5,222.41
23259.0,dhl,documents,van,express,east,foggy,63.8,48.18,1970-01-01 00:00:00.000000005,1970-01-01 00:00:00.000000003,yes,failed,1,513.54
23275.0,dhl,documents,bike,same day,north,cold,25.3,20.37,1970-01-01 00:00:00.000000002,1970-01-01 00:00:00.000000008,no,delivered,3,287.61
23281.0,dhl,automobile parts,ev van,same day,west,clear,211.2,1.98,1970-01-01 00:00:00.000000007,1970-01-01 00:00:00.000000008,no,delivered,4,1161.94
23286.0,dhl,fragile items,van,same day,south,rainy,3.6,29.34,1970-01-01 00:00:00.000000003,1970-01-01 00:00:00.000000008,no,delivered,3,200.52
23293.0,dhl,pharmacy,truck,same day,central,rainy,258.1,25.98,1970-01-01 00:00:00.000000011,1970-01-01 00:00:00.000000008,yes,delayed,3,1468.44
23295.0,dhl,documents,ev bike,standard,central,cold,93.7,7.8,1970-01-01 00:00:00.000000004,1970-01-01 00:00:00.000000024,no,delivered,4,491.9
23296.0,dhl,furniture,scooter,two day,south,foggy,255.3,37.77,1970-01-01 00:00:00.000000006,1970-01-01 00:00:00.000000016,no,delivered,4,1389.81
23297.0,dhl,documents,ev van,standard,south,rainy,212.0,47.56,1970-01-01 00:00:00.000000007,1970-01-01 00:00:00.000000024,no,delivered,3,1202.68
23298.0,dhl,documents,ev van,express,central,foggy,27.6,41.09,1970-01-01 00:00:00.000000004,1970-01-01 00:00:00.000000002,yes,delayed,3,311.27
23299.0,dhl,clothing,truck,standard,west,rainy,194.5,17.12,1970-01-01 00:00:00.000000013,1970-01-01 00:00:00.000000024,no,delivered,5,1023.86
23302.0,dhl,groceries,van,same day,west,cold,66.3,39.59,1970-01-01 00:00:00.000000003,1970-01-01 00:00:00.000000008,no,delivered,5,550.27
23314.0,dhl,cosmetics,van,same day,north,foggy,118.3,35.15,1970-01-01 00:00:00.000000007,1970-01-01 00:00:00.000000008,no,delivered,4,796.95
23319.0,dhl,documents,ev bike,same day,west,rainy,111.6,42.81,1970-01-01 00:00:00.000000005,1970-01-01 00:00:00.000000008,no,delivered,4,786.43
23324.0,dhl,documents,ev van,two day,south,clear,11.4,39.27,1970-01-01 00:00:00.000000002,1970-01-01 00:00:00.000000016,no,delivered,5,174.81
23328.0,dhl,documents,ev van,two day,central,rainy,26.9,31.07,1970-01-01 00:00:00.000000005,1970-01-01 00:00:00.000000016,no,delivered,5,227.71
23342.0,dhl,groceries,truck,same day,north,foggy,39.6,14.42,1970-01-01 00:00:00.000000005,1970-01-01 00:00:00.000000008,no,delivered,4,341.26
23347.0,dhl,groceries,ev van,two day,east,stormy,65.4,0.67,1970-01-01 00:00:00.000000005,1970-01-01 00:00:00.000000016,no,delivered,5,327.9
23353.0,dhl,automobile parts,ev van,same day,west,stormy,290.7,28.46,1970-01-01 00:00:00.000000011,1970-01-01 00:00:00.000000008,yes,failed,1,1632.7206
23360.0,dhl,pharmacy,van,two day,north,clear,35.3,0.68,1970-01-01 00:00:00.000000002,1970-01-01 00:00:00.000000016,no,delivered,4,178.54
23362.0,dhl,automobile parts,ev van,same day,central,foggy,143.4,33.34,1970-01-01 00:00:00.000000007,1970-01-01 00:00:00.000000008,no,delivered,5,917.02
23371.0,dhl,cosmetics,ev bike,standard,east,foggy,230.8,4.69,1970-01-01 00:00:00.000000008,1970-01-01 00:00:00.000000024,no,delivered,3,1168.07
23375.0,dhl,pharmacy,van,same day,north,clear,61.3,40.45,1970-01-01 00:00:00.000000003,1970-01-01 00:00:00.000000008,no,delivered,5,527.85
23379.0,dhl,automobile parts,ev van,same day,north,clear,156.8,45.38,1970-01-01 00:00:00.000000005,1970-01-01 00:00:00.000000008,no,delivered,5,1020.14
23397.0,dhl,fragile items,truck,same day,east,rainy,63.7,10.43,1970-01-01 00:00:00.000000006,1970-01-01 00:00:00.000000008,no,delivered,3,449.79
23402.0,dhl,automobile parts,ev van,standard,east,clear,247.0,4.16,1970-01-01 00:00:00.000000007,1970-01-01 00:00:00.000000024,no,delivered,4,1247.48
23412.0,dhl,automobile parts,van,two day,east,cold,269.1,38.13,1970-01-01 00:00:00.000000006,1970-01-01 00:00:00.000000016,no,delivered,4,1459.89
23417.0,dhl,furniture,truck,two day,west,foggy,54.8,25.87,1970-01-01 00:00:00.000000004,1970-01-01 00:00:00.000000016,no,delivered,3,351.61
23428.0,dhl,documents,ev van,standard,north,clear,273.1,8.66,1970-01-01 00:00:00.000000007,1970-01-01 00:00:00.000000024,no,delivered,4,1391.48
23449.0,dhl,documents,ev bike,two day,north,clear,287.6,27.06,1970-01-01 00:00:00.000000009,1970-01-01 00:00:00.000000016,no,delivered,5,1519.18
23464.0,dhl,groceries,ev bike,standard,north,cold,33.6,22.99,1970-01-01 00:00:00.000000002,1970-01-01 00:00:00.000000024,no,delivered,4,236.97
23478.0,dhl,cosmetics,ev van,standard,west,rainy,245.4,16.21,1970-01-01 00:00:00.000000008,1970-01-01 00:00:00.000000024,no,delivered,3,1275.63
23484.0,dhl,electronics,bike,same day,south,stormy,100.3,30.73,1970-01-01 00:00:00.000000008,1970-01-01 00:00:00.000000008,yes,failed,2,693.69
23487.0,dhl,groceries,bike,standard,north,foggy,163.2,37.13,1970-01-01 00:00:00.000000006,1970-01-01 00:00:00.000000024,no,delivered,5,927.39
23490.0,dhl,furniture,van,same day,north,stormy,57.4,2.67,1970-01-01 00:00:00.000000006,1970-01-01 00:00:00.000000008,no,delivered,5,395.01
23509.0,dhl,documents,ev bike,same day,south,stormy,255.5,9.74,1970-01-01 00:00:00.000000011,1970-01-01 00:00:00.000000008,yes,delayed,2,1406.72
23513.0,dhl,pharmacy,ev van,express,east,hot,216.3,6.87,1970-01-01 00:00:00.000000005,1970-01-01 00:00:00.000000006,no,delivered,3,1152.11
23516.0,dhl,fragile items,truck,two day,west,stormy,7.0,19.11,1970-01-01 00:00:00.000000005,1970-01-01 00:00:00.000000016,no,delivered,3,95.6674
23522.0,dhl,cosmetics,van,standard,central,cold,254.7,11.36,1970-01-01 00:00:00.000000006,1970-01-01 00:00:00.000000024,no,delivered,5,1307.58
23533.0,dhl,groceries,truck,express,central,stormy,6.2,19.14,1970-01-01 00:00:00.000000003,1970-01-01 00:00:00.000000002,yes,delayed,2,138.42
23542.0,dhl,automobile parts,van,standard,west,cold,258.3,16.44,1970-01-01 00:00:00.000000006,1970-01-01 00:00:00.000000024,no,delivered,4,1340.82
23545.0,dhl,cosmetics,scooter,express,central,hot,45.8,27.04,1970-01-01 00:00:00.000000001,1970-01-01 00:00:00.000000002,no,delivered,4,360.12
23546.0,dhl,clothing,ev bike,same day,west,foggy,266.8,17.06,1970-01-01 00:00:00.000000008,1970-01-01 00:00:00.000000008,yes,delayed,3,1485.18
23556.0,dhl,cosmetics,ev van,two day,north,hot,215.7,42.45,1970-01-01 00:00:00.000000005,1970-01-01 00:00:00.000000016,no,delivered,4,1205.85
23558.0,dhl,automobile parts,ev bike,express,central,cold,26.0,36.53,1970-01-01 00:00:00.000000000,1970-01-01 00:00:00.000000002,no,delivered,4,289.59
23569.0,dhl,clothing,ev bike,two day,north,stormy,45.2,39.77,1970-01-01 00:00:00.000000008,1970-01-01 00:00:00.000000016,no,delivered,4,345.31
23571.0,dhl,groceries,truck,standard,south,rainy,106.2,43.18,1970-01-01 00:00:00.000000009,1970-01-01 00:00:00.000000024,no,delivered,5,660.54
23593.0,dhl,clothing,ev van,two day,north,stormy,160.9,43.99,1970-01-01 00:00:00.000000008,1970-01-01 00:00:00.000000016,no,delivered,5,936.47
23596.0,dhl,fragile items,ev van,same day,east,hot,122.8,14.69,1970-01-01 00:00:00.000000006,1970-01-01 00:00:00.000000008,no,delivered,4,758.07
23604.0,dhl,electronics,bike,standard,east,clear,174.2,41.29,1970-01-01 00:00:00.000000005,1970-01-01 00:00:00.000000024,no,delivered,4,994.87
23647.0,dhl,documents,scooter,express,west,cold,10.4,19.9,1970-01-01 00:00:00.000000000,1970-01-01 00:00:00.000000002,no,delivered,4,161.7
23668.0,dhl,clothing,bike,standard,central,foggy,209.4,32.29,1970-01-01 00:00:00.000000005,1970-01-01 00:00:00.000000024,no,delivered,5,1143.87
23689.0,dhl,cosmetics,bike,standard,east,foggy,233.4,29.86,1970-01-01 00:00:00.000000007,1970-01-01 00:00:00.000000024,no,delivered,3,1256.58
23695.0,dhl,cosmetics,ev bike,two day,east,rainy,236.1,8.79,1970-01-01 00:00:00.000000015,1970-01-01 00:00:00.000000016,no,delivered,3,1206.87
23699.0,dhl,fragile items,truck,two day,central,clear,224.0,46.46,1970-01-01 00:00:00.000000006,1970-01-01 00:00:00.000000016,no,delivered,3,1259.38
23706.0,dhl,pharmacy,ev bike,express,west,rainy,297.1,12.93,1970-01-01 00:00:00.000000013,1970-01-01 00:00:00.000000007,yes,delayed,3,1584.79
23715.0,dhl,automobile parts,bike,standard,north,stormy,43.7,33.63,1970-01-01 00:00:00.000000005,1970-01-01 00:00:00.000000024,no,delivered,5,319.39
23717.0,dhl,automobile parts,ev bike,same day,central,cold,20.3,3.52,1970-01-01 00:00:00.000000001,1970-01-01 00:00:00.000000008,no,delivered,5,212.06
23730.0,dhl,furniture,ev van,standard,central,foggy,14.2,23.4,1970-01-01 00:00:00.000000003,1970-01-01 00:00:00.000000024,no,delivered,4,141.2
23734.0,dhl,clothing,scooter,same day,south,foggy,130.9,4.8,1970-01-01 00:00:00.000000008,1970-01-01 00:00:00.000000008,yes,delayed,2,768.9
23747.0,dhl,pharmacy,ev van,same day,west,foggy,276.1,43.33,1970-01-01 00:00:00.000000010,1970-01-01 00:00:00.000000008,yes,delayed,2,1610.49
23752.0,dhl,clothing,van,two day,east,cold,295.7,16.4,1970-01-01 00:00:00.000000006,1970-01-01 00:00:00.000000016,no,delivered,5,1527.7
23765.0,dhl,automobile parts,scooter,express,east,rainy,252.0,13.23,1970-01-01 00:00:00.000000008,1970-01-01 00:00:00.000000007,yes,delayed,2,1349.69
23772.0,dhl,clothing,ev van,express,south,hot,289.6,49.08,1970-01-01 00:00:00.000000010,1970-01-01 00:00:00.000000007,yes,delayed,3,1632.7206
23785.0,dhl,clothing,truck,standard,west,stormy,163.4,1.13,1970-01-01 00:00:00.000000010,1970-01-01 00:00:00.000000024,no,delivered,5,820.39
23793.0,dhl,furniture,ev bike,same day,central,foggy,123.4,37.72,1970-01-01 00:00:00.000000007,1970-01-01 00:00:00.000000008,no,delivered,4,830.16
23794.0,dhl,documents,truck,same day,south,clear,272.0,10.73,1970-01-01 00:00:00.000000011,1970-01-01 00:00:00.000000008,yes,delayed,2,1492.19
23798.0,dhl,cosmetics,ev van,two day,central,cold,118.4,34.85,1970-01-01 00:00:00.000000003,1970-01-01 00:00:00.000000016,no,delivered,4,696.55
23804.0,dhl,electronics,bike,two day,south,stormy,274.9,46.43,1970-01-01 00:00:00.000000012,1970-01-01 00:00:00.000000016,no,delivered,4,1513.79
23805.0,dhl,electronics,ev van,two day,east,clear,295.9,28.47,1970-01-01 00:00:00.000000008,1970-01-01 00:00:00.000000016,no,delivered,5,1564.91
23818.0,dhl,fragile items,scooter,express,east,hot,284.7,0.67,1970-01-01 00:00:00.000000007,1970-01-01 00:00:00.000000007,no,delivered,5,1475.18
23825.0,dhl,automobile parts,scooter,two day,east,cold,4.9,17.17,1970-01-01 00:00:00.000000002,1970-01-01 00:00:00.000000016,no,delivered,5,95.6674
23829.0,dhl,pharmacy,ev van,two day,central,cold,189.4,44.56,1970-01-01 00:00:00.000000003,1970-01-01 00:00:00.000000016,no,delivered,3,1080.68
23840.0,dhl,fragile items,ev bike,standard,east,hot,124.6,48.72,1970-01-01 00:00:00.000000004,1970-01-01 00:00:00.000000024,no,delivered,5,769.16
23852.0,dhl,pharmacy,van,standard,east,hot,121.0,2.89,1970-01-01 00:00:00.000000006,1970-01-01 00:00:00.000000024,no,delivered,5,613.67
23854.0,dhl,clothing,scooter,standard,west,rainy,18.8,33.74,1970-01-01 00:00:00.000000003,1970-01-01 00:00:00.000000024,no,delivered,3,195.22
23861.0,dhl,pharmacy,ev bike,standard,east,hot,84.5,35.63,1970-01-01 00:00:00.000000005,1970-01-01 00:00:00.000000024,no,delivered,4,529.39
23871.0,dhl,groceries,truck,standard,central,stormy,67.8,32.26,1970-01-01 00:00:00.000000006,1970-01-01 00:00:00.000000024,no,delivered,4,435.78
23878.0,dhl,cosmetics,truck,express,central,stormy,253.9,37.99,1970-01-01 00:00:00.000000012,1970-01-01 00:00:00.000000007,yes,delayed,2,1433.47
23885.0,dhl,documents,bike,standard,south,clear,67.9,49.16,1970-01-01 00:00:00.000000001,1970-01-01 00:00:00.000000024,no,delivered,3,486.98
23887.0,dhl,clothing,scooter,express,central,rainy,148.9,45.81,1970-01-01 00:00:00.000000007,1970-01-01 00:00:00.000000004,yes,delayed,2,931.93
23891.0,dhl,fragile items,bike,two day,south,cold,27.7,23.44,1970-01-01 00:00:00.000000001,1970-01-01 00:00:00.000000016,no,delivered,4,208.82
23893.0,dhl,documents,bike,two day,north,clear,121.4,33.56,1970-01-01 00:00:00.000000004,1970-01-01 00:00:00.000000016,no,delivered,4,707.68
23896.0,dhl,automobile parts,bike,same day,north,hot,6.0,15.16,1970-01-01 00:00:00.000000000,1970-01-01 00:00:00.000000008,no,delivered,5,175.48
23900.0,dhl,automobile parts,van,express,west,cold,78.5,14.89,1970-01-01 00:00:00.000000001,1970-01-01 00:00:00.000000003,no,delivered,5,487.17
23904.0,dhl,fragile items,ev van,two day,west,clear,9.5,13.45,1970-01-01 00:00:00.000000001,1970-01-01 00:00:00.000000016,no,delivered,4,95.6674
23905.0,dhl,groceries,bike,express,north,clear,291.2,38.65,1970-01-01 00:00:00.000000007,1970-01-01 00:00:00.000000007,no,delivered,4,1621.95
23907.0,dhl,cosmetics,bike,same day,north,clear,289.6,41.2,1970-01-01 00:00:00.000000010,1970-01-01 00:00:00.000000008,yes,delayed,3,1632.7206
23919.0,dhl,fragile items,truck,same day,south,clear,246.7,20.24,1970-01-01 00:00:00.000000007,1970-01-01 00:00:00.000000008,no,delivered,5,1394.22
23923.0,dhl,clothing,van,express,central,rainy,127.5,27.55,1970-01-01 00:00:00.000000010,1970-01-01 00:00:00.000000004,yes,failed,1,770.15
23931.0,dhl,clothing,scooter,standard,north,foggy,236.1,25.94,1970-01-01 00:00:00.000000008,1970-01-01 00:00:00.000000024,no,delivered,3,1258.32
23969.0,dhl,electronics,ev bike,express,east,clear,205.0,3.67,1970-01-01 00:00:00.000000008,1970-01-01 00:00:00.000000006,yes,delayed,2,1086.01
23988.0,dhl,groceries,ev bike,same day,east,foggy,46.3,47.08,1970-01-01 00:00:00.000000004,1970-01-01 00:00:00.000000008,no,delivered,5,472.74
23991.0,dhl,electronics,van,standard,east,stormy,244.0,30.2,1970-01-01 00:00:00.000000011,1970-01-01 00:00:00.000000024,no,delivered,3,1310.6
23996.0,dhl,clothing,truck,two day,south,hot,208.5,24.76,1970-01-01 00:00:00.000000004,1970-01-01 00:00:00.000000016,no,delivered,3,1116.78
23997.0,dhl,electronics,van,express,north,hot,73.5,48.26,1970-01-01 00:00:00.000000002,1970-01-01 00:00:00.000000003,no,delivered,4,562.28
23999.0,dhl,cosmetics,van,standard,east,hot,208.5,22.33,1970-01-01 00:00:00.000000007,1970-01-01 00:00:00.000000024,no,delivered,5,1109.49
24004.0,dhl,furniture,ev van,same day,central,stormy,226.4,40.05,1970-01-01 00:00:00.000000011,1970-01-01 00:00:00.000000008,yes,delayed,3,1352.15
24011.0,dhl,pharmacy,ev van,standard,central,foggy,227.1,24.89,1970-01-01 00:00:00.000000010,1970-01-01 00:00:00.000000024,no,delivered,4,1210.17
24015.0,dhl,furniture,scooter,express,east,cold,35.1,38.65,1970-01-01 00:00:00.000000004,1970-01-01 00:00:00.000000002,yes,delayed,2,341.45
24030.0,dhl,fragile items,truck,same day,south,cold,218.3,48.75,1970-01-01 00:00:00.000000008,1970-01-01 00:00:00.000000008,yes,failed,2,1337.75
24043.0,dhl,automobile parts,scooter,express,central,clear,155.4,14.54,1970-01-01 00:00:00.000000006,1970-01-01 00:00:00.000000005,yes,delayed,2,870.62
24058.0,dhl,groceries,ev bike,same day,south,foggy,189.8,30.58,1970-01-01 00:00:00.000000007,1970-01-01 00:00:00.000000008,no,delivered,4,1140.74
24063.0,dhl,electronics,scooter,express,south,hot,294.3,27.58,1970-01-01 00:00:00.000000005,1970-01-01 00:00:00.000000007,no,delivered,4,1604.24
24065.0,dhl,documents,ev van,standard,north,cold,247.4,40.39,1970-01-01 00:00:00.000000007,1970-01-01 00:00:00.000000024,no,delivered,4,1358.17
24069.0,dhl,documents,ev van,two day,south,cold,146.3,11.21,1970-01-01 00:00:00.000000004,1970-01-01 00:00:00.000000016,no,delivered,3,765.13
24081.0,dhl,fragile items,ev bike,standard,central,stormy,129.3,40.97,1970-01-01 00:00:00.000000007,1970-01-01 00:00:00.000000024,no,delivered,4,769.41
24093.0,dhl,cosmetics,van,standard,west,rainy,33.9,19.93,1970-01-01 00:00:00.000000004,1970-01-01 00:00:00.000000024,no,delivered,3,229.29
24096.0,dhl,documents,scooter,two day,east,hot,122.7,18.88,1970-01-01 00:00:00.000000004,1970-01-01 00:00:00.000000016,no,delivered,5,670.14
24101.0,dhl,pharmacy,van,standard,central,foggy,120.6,40.61,1970-01-01 00:00:00.000000007,1970-01-01 00:00:00.000000024,no,delivered,3,724.83
24108.0,dhl,clothing,ev van,express,east,hot,203.2,13.96,1970-01-01 00:00:00.000000004,1970-01-01 00:00:00.000000006,no,delivered,4,1107.88
24114.0,dhl,clothing,bike,express,west,foggy,265.6,2.15,1970-01-01 00:00:00.000000008,1970-01-01 00:00:00.000000007,yes,delayed,2,1384.45
24118.0,dhl,automobile parts,truck,same day,west,foggy,180.1,6.07,1970-01-01 00:00:00.000000006,1970-01-01 00:00:00.000000008,no,delivered,5,1018.71
24127.0,dhl,fragile items,ev bike,express,west,stormy,139.7,30.35,1970-01-01 00:00:00.000000007,1970-01-01 00:00:00.000000004,yes,delayed,2,839.55
24132.0,dhl,electronics,ev van,two day,west,rainy,5.2,47.47,1970-01-01 00:00:00.000000003,1970-01-01 00:00:00.000000016,no,delivered,3,168.41
24146.0,dhl,automobile parts,van,standard,central,rainy,47.3,6.9,1970-01-01 00:00:00.000000007,1970-01-01 00:00:00.000000024,no,delivered,5,257.2
24154.0,dhl,groceries,ev van,two day,north,clear,282.2,24.38,1970-01-01 00:00:00.000000006,1970-01-01 00:00:00.000000016,no,delivered,3,1484.14
24160.0,dhl,fragile items,bike,standard,east,foggy,148.8,22.43,1970-01-01 00:00:00.000000008,1970-01-01 00:00:00.000000024,no,delivered,4,811.29
24188.0,dhl,automobile parts,bike,same day,central,foggy,52.7,38.36,1970-01-01 00:00:00.000000003,1970-01-01 00:00:00.000000008,no,delivered,5,478.58
24189.0,dhl,cosmetics,ev van,two day,west,foggy,102.4,42.4,1970-01-01 00:00:00.000000005,1970-01-01 00:00:00.000000016,no,delivered,5,639.2
24192.0,dhl,cosmetics,bike,same day,south,cold,297.1,2.1,1970-01-01 00:00:00.000000006,1970-01-01 00:00:00.000000008,no,delivered,4,1605.8
24194.0,dhl,pharmacy,scooter,standard,central,rainy,230.8,26.5,1970-01-01 00:00:00.000000009,1970-01-01 00:00:00.000000024,no,delivered,5,1233.5
24204.0,dhl,electronics,ev bike,express,east,cold,214.6,17.21,1970-01-01 00:00:00.000000007,1970-01-01 00:00:00.000000006,yes,failed,2,1174.63
24206.0,dhl,pharmacy,ev bike,two day,central,foggy,176.7,26.77,1970-01-01 00:00:00.000000008,1970-01-01 00:00:00.000000016,no,delivered,5,963.81
24207.0,dhl,documents,van,same day,west,hot,26.6,23.28,1970-01-01 00:00:00.000000003,1970-01-01 00:00:00.000000008,no,delivered,5,302.84
24224.0,dhl,cosmetics,bike,two day,central,hot,292.6,6.91,1970-01-01 00:00:00.000000012,1970-01-01 00:00:00.000000016,no,delivered,4,1483.73
24234.0,dhl,pharmacy,truck,standard,west,stormy,75.3,26.54,1970-01-01 00:00:00.000000004,1970-01-01 00:00:00.000000024,no,delivered,5,456.12
24240.0,dhl,groceries,ev bike,express,east,hot,297.1,29.37,1970-01-01 00:00:00.000000010,1970-01-01 00:00:00.000000007,yes,delayed,2,1632.7206
24242.0,dhl,groceries,ev bike,standard,south,stormy,11.4,0.85,1970-01-01 00:00:00.000000005,1970-01-01 00:00:00.000000024,no,delivered,5,95.6674
24249.0,dhl,fragile items,ev bike,express,north,cold,23.2,12.38,1970-01-01 00:00:00.000000001,1970-01-01 00:00:00.000000002,no,delivered,4,203.14
24275.0,dhl,fragile items,ev bike,express,north,foggy,268.5,7.87,1970-01-01 00:00:00.000000011,1970-01-01 00:00:00.000000007,yes,delayed,2,1416.11
24281.0,dhl,cosmetics,ev bike,express,central,cold,146.1,13.76,1970-01-01 00:00:00.000000006,1970-01-01 00:00:00.000000004,yes,delayed,3,821.78
24282.0,dhl,documents,bike,two day,north,cold,146.2,18.79,1970-01-01 00:00:00.000000003,1970-01-01 00:00:00.000000016,no,delivered,3,787.37
24290.0,dhl,documents,ev bike,standard,south,foggy,294.1,30.46,1970-01-01 00:00:00.000000009,1970-01-01 00:00:00.000000024,no,delivered,4,1561.88
24294.0,dhl,clothing,ev van,express,north,cold,12.8,39.03,1970-01-01 00:00:00.000000002,1970-01-01 00:00:00.000000002,yes,delayed,2,231.09
24353.0,dhl,furniture,van,express,south,stormy,113.0,45.77,1970-01-01 00:00:00.000000007,1970-01-01 00:00:00.000000004,yes,delayed,3,752.31
24354.0,dhl,electronics,bike,standard,east,clear,248.6,4.07,1970-01-01 00:00:00.000000006,1970-01-01 00:00:00.000000024,no,delivered,3,1255.21
24360.0,dhl,automobile parts,scooter,standard,north,stormy,199.0,20.42,1970-01-01 00:00:00.000000011,1970-01-01 00:00:00.000000024,no,delivered,5,1056.26
24372.0,dhl,furniture,ev bike,same day,south,clear,39.5,43.1,1970-01-01 00:00:00.000000002,1970-01-01 00:00:00.000000008,no,delivered,4,426.8
24388.0,dhl,electronics,scooter,same day,east,rainy,71.8,38.92,1970-01-01 00:00:00.000000006,1970-01-01 00:00:00.000000008,no,delivered,5,575.76
24389.0,dhl,furniture,scooter,express,central,clear,91.7,2.86,1970-01-01 00:00:00.000000002,1970-01-01 00:00:00.000000003,no,delivered,4,517.08
24405.0,dhl,automobile parts,scooter,same day,east,clear,182.3,40.1,1970-01-01 00:00:00.000000008,1970-01-01 00:00:00.000000008,yes,delayed,2,1131.8
24414.0,dhl,documents,ev van,same day,central,foggy,92.8,33.13,1970-01-01 00:00:00.000000006,1970-01-01 00:00:00.000000008,no,delivered,4,663.39
24419.0,dhl,documents,truck,standard,east,rainy,48.7,35.49,1970-01-01 00:00:00.000000003,1970-01-01 00:00:00.000000024,no,delivered,5,349.97
24429.0,dhl,documents,van,standard,central,hot,253.7,2.55,1970-01-01 00:00:00.000000005,1970-01-01 00:00:00.000000024,no,delivered,5,1276.15
24434.0,dhl,fragile items,ev bike,standard,south,rainy,105.4,24.0,1970-01-01 00:00:00.000000006,1970-01-01 00:00:00.000000024,no,delivered,4,599.0
24436.0,dhl,furniture,ev van,same day,east,foggy,208.1,29.04,1970-01-01 00:00:00.000000010,1970-01-01 00:00:00.000000008,yes,failed,2,1227.62
24441.0,dhl,cosmetics,van,standard,central,hot,179.8,24.17,1970-01-01 00:00:00.000000004,1970-01-01 00:00:00.000000024,no,delivered,5,971.51
24443.0,dhl,furniture,ev van,standard,south,stormy,253.2,17.38,1970-01-01 00:00:00.000000009,1970-01-01 00:00:00.000000024,no,delivered,3,1318.14
24457.0,dhl,fragile items,ev van,standard,north,clear,53.4,39.68,1970-01-01 00:00:00.000000001,1970-01-01 00:00:00.000000024,no,delivered,5,386.04
24473.0,dhl,clothing,scooter,two day,central,clear,211.9,7.32,1970-01-01 00:00:00.000000007,1970-01-01 00:00:00.000000016,no,delivered,4,1081.46
24491.0,dhl,electronics,truck,same day,central,clear,97.0,2.49,1970-01-01 00:00:00.000000003,1970-01-01 00:00:00.000000008,no,delivered,5,592.47
24500.0,dhl,electronics,scooter,same day,north,cold,129.7,37.93,1970-01-01 00:00:00.000000006,1970-01-01 00:00:00.000000008,no,delivered,5,862.29
24511.0,dhl,pharmacy,van,standard,west,stormy,248.6,43.04,1970-01-01 00:00:00.000000014,1970-01-01 00:00:00.000000024,no,delivered,5,1372.12
24522.0,dhl,electronics,bike,same day,west,cold,8.5,32.93,1970-01-01 00:00:00.000000001,1970-01-01 00:00:00.000000008,no,delivered,4,241.29
24527.0,dhl,furniture,van,two day,north,rainy,201.5,19.92,1970-01-01 00:00:00.000000011,1970-01-01 00:00:00.000000016,no,delivered,4,1067.26
24529.0,dhl,fragile items,ev van,same day,west,foggy,233.7,42.44,1970-01-01 00:00:00.000000007,1970-01-01 00:00:00.000000008,no,delivered,3,1395.82
24549.0,dhl,documents,ev bike,two day,west,stormy,162.9,40.25,1970-01-01 00:00:00.000000009,1970-01-01 00:00:00.000000016,no,delivered,5,935.25
24551.0,dhl,automobile parts,bike,same day,north,foggy,143.9,46.2,1970-01-01 00:00:00.000000008,1970-01-01 00:00:00.000000008,yes,delayed,3,958.1
24553.0,dhl,groceries,van,standard,north,stormy,31.2,4.68,1970-01-01 00:00:00.000000008,1970-01-01 00:00:00.000000024,no,delivered,3,170.04
24557.0,dhl,groceries,ev van,two day,south,stormy,144.6,31.04,1970-01-01 00:00:00.000000013,1970-01-01 00:00:00.000000016,no,delivered,5,816.12
24580.0,dhl,cosmetics,ev bike,two day,central,hot,215.3,39.88,1970-01-01 00:00:00.000000007,1970-01-01 00:00:00.000000016,no,delivered,5,1196.14
24581.0,dhl,furniture,ev van,two day,south,hot,278.9,40.08,1970-01-01 00:00:00.000000008,1970-01-01 00:00:00.000000016,no,delivered,5,1514.74
24591.0,dhl,documents,ev bike,standard,north,cold,193.1,6.46,1970-01-01 00:00:00.000000007,1970-01-01 00:00:00.000000024,no,delivered,3,984.88
24597.0,dhl,clothing,scooter,standard,east,stormy,65.7,46.8,1970-01-01 00:00:00.000000007,1970-01-01 00:00:00.000000024,no,delivered,5,468.9
24612.0,dhl,automobile parts,bike,two day,north,hot,287.1,23.74,1970-01-01 00:00:00.000000009,1970-01-01 00:00:00.000000016,no,delivered,4,1506.72
24620.0,dhl,clothing,truck,express,north,cold,57.6,45.34,1970-01-01 00:00:00.000000003,1970-01-01 00:00:00.000000003,yes,delayed,2,474.02
24621.0,dhl,automobile parts,ev bike,same day,east,foggy,165.8,9.04,1970-01-01 00:00:00.000000006,1970-01-01 00:00:00.000000008,no,delivered,3,956.12
24632.0,dhl,electronics,truck,same day,east,hot,154.9,10.51,1970-01-01 00:00:00.000000005,1970-01-01 00:00:00.000000008,no,delivered,4,906.03
24643.0,dhl,pharmacy,bike,same day,north,stormy,91.2,10.1,1970-01-01 00:00:00.000000006,1970-01-01 00:00:00.000000008,no,delivered,4,586.3
24644.0,dhl,documents,bike,standard,south,hot,94.7,11.25,1970-01-01 00:00:00.000000006,1970-01-01 00:00:00.000000024,no,delivered,3,507.25
24648.0,dhl,clothing,truck,express,east,rainy,52.0,14.35,1970-01-01 00:00:00.000000004,1970-01-01 00:00:00.000000003,yes,delayed,3,353.05
24650.0,dhl,automobile parts,ev van,standard,central,clear,201.3,11.24,1970-01-01 00:00:00.000000006,1970-01-01 00:00:00.000000024,no,delivered,5,1040.22
24665.0,dhl,automobile parts,scooter,express,east,hot,168.0,23.59,1970-01-01 00:00:00.000000007,1970-01-01 00:00:00.000000005,yes,delayed,3,960.77
24692.0,dhl,furniture,ev bike,express,west,rainy,206.7,9.41,1970-01-01 00:00:00.000000011,1970-01-01 00:00:00.000000006,yes,delayed,2,1111.73
24709.0,dhl,documents,ev van,same day,west,stormy,286.0,15.97,1970-01-01 00:00:00.000000012,1970-01-01 00:00:00.000000008,yes,delayed,2,1577.91
24712.0,dhl,fragile items,van,standard,east,cold,37.5,27.75,1970-01-01 00:00:00.000000004,1970-01-01 00:00:00.000000024,no,delivered,4,270.75
24733.0,dhl,fragile items,scooter,express,east,stormy,111.2,22.07,1970-01-01 00:00:00.000000008,1970-01-01 00:00:00.000000004,yes,failed,2,672.21
24750.01,dhl,automobile parts,ev bike,standard,north,rainy,173.2,18.12,1970-01-01 00:00:00.000000006,1970-01-01 00:00:00.000000024,no,delivered,4,920.36
24750.01,dhl,clothing,van,same day,north,hot,259.0,32.54,1970-01-01 00:00:00.000000011,1970-01-01 00:00:00.000000008,yes,delayed,2,1492.62
24750.01,dhl,documents,scooter,two day,east,hot,84.5,11.01,1970-01-01 00:00:00.000000004,1970-01-01 00:00:00.000000016,no,delivered,5,455.53
24750.01,dhl,clothing,truck,standard,east,stormy,76.5,35.93,1970-01-01 00:00:00.000000007,1970-01-01 00:00:00.000000024,no,delivered,4,490.29
24750.01,dhl,electronics,van,two day,north,rainy,185.5,36.01,1970-01-01 00:00:00.000000009,1970-01-01 00:00:00.000000016,no,delivered,5,1035.53
24750.01,dhl,pharmacy,van,same day,north,cold,139.0,21.23,1970-01-01 00:00:00.000000002,1970-01-01 00:00:00.000000008,no,delivered,4,858.69
24750.01,dhl,automobile parts,truck,two day,east,hot,177.2,35.88,1970-01-01 00:00:00.000000003,1970-01-01 00:00:00.000000016,no,delivered,5,993.64
24750.01,dhl,fragile items,scooter,standard,west,stormy,106.1,4.11,1970-01-01 00:00:00.000000009,1970-01-01 00:00:00.000000024,no,delivered,4,542.83
24750.01,dhl,groceries,truck,same day,north,rainy,82.2,24.83,1970-01-01 00:00:00.000000008,1970-01-01 00:00:00.000000008,yes,delayed,2,585.49
24750.01,dhl,furniture,scooter,standard,west,hot,76.3,35.43,1970-01-01 00:00:00.000000004,1970-01-01 00:00:00.000000024,no,delivered,3,487.79
24750.01,dhl,documents,bike,same day,east,foggy,125.7,4.32,1970-01-01 00:00:00.000000004,1970-01-01 00:00:00.000000008,no,delivered,5,741.46
24750.01,dhl,pharmacy,bike,standard,central,clear,90.2,42.31,1970-01-01 00:00:00.000000003,1970-01-01 00:00:00.000000024,no,delivered,3,577.93
24750.01,dhl,documents,ev bike,express,central,rainy,66.2,34.59,1970-01-01 00:00:00.000000005,1970-01-01 00:00:00.000000003,yes,delayed,3,484.77
24750.01,dhl,pharmacy,ev van,two day,north,clear,30.2,37.15,1970-01-01 00:00:00.000000003,1970-01-01 00:00:00.000000016,no,delivered,4,262.45
24750.01,dhl,cosmetics,scooter,two day,central,clear,194.0,34.97,1970-01-01 00:00:00.000000006,1970-01-01 00:00:00.000000016,no,delivered,3,1074.91
24750.01,dhl,groceries,scooter,two day,west,clear,24.6,8.31,1970-01-01 00:00:00.000000003,1970-01-01 00:00:00.000000016,no,delivered,4,147.93
24750.01,dhl,groceries,scooter,same day,west,foggy,267.6,24.92,1970-01-01 00:00:00.000000010,1970-01-01 00:00:00.000000008,yes,failed,2,1512.76
24750.01,dhl,fragile items,truck,standard,central,rainy,160.3,36.88,1970-01-01 00:00:00.000000008,1970-01-01 00:00:00.000000024,no,delivered,4,912.14
24750.01,dhl,fragile items,ev bike,express,north,cold,95.3,30.63,1970-01-01 00:00:00.000000002,1970-01-01 00:00:00.000000003,no,delivered,5,618.39
24750.01,dhl,furniture,truck,express,south,cold,176.4,25.15,1970-01-01 00:00:00.000000007,1970-01-01 00:00:00.000000005,yes,delayed,2,1007.45
24750.01,dhl,clothing,ev van,same day,central,stormy,278.9,48.55,1970-01-01 00:00:00.000000016,1970-01-01 00:00:00.000000008,yes,failed,2,1632.7206
24750.01,dhl,fragile items,ev van,express,east,foggy,39.0,23.0,1970-01-01 00:00:00.000000004,1970-01-01 00:00:00.000000002,yes,delayed,2,314.0
24750.01,dhl,documents,bike,same day,central,foggy,208.4,5.1,1970-01-01 00:00:00.000000010,1970-01-01 00:00:00.000000008,yes,delayed,2,1157.3
24750.01,dhl,furniture,scooter,two day,east,foggy,80.7,3.65,1970-01-01 00:00:00.000000004,1970-01-01 00:00:00.000000016,no,delivered,5,414.45
